"ID","NAMES","artisans_AsTheCowRolls_ACC_0.05"
"75101","Paris 1er Arrondissement",3.26545555007897
"75102","Paris 2e  Arrondissement",3.17840157801377
"75103","Paris 3e  Arrondissement",2.72935104558009
"75104","Paris 4e  Arrondissement",3.07454786269394
"75105","Paris 5e  Arrondissement",3.35387315713021
"75106","Paris 6e  Arrondissement",3.43498560911899
"75107","Paris 7e  Arrondissement",3.83044050453134
"75108","Paris 8e  Arrondissement",2.74472665849764
"75109","Paris 9e  Arrondissement",2.39178589647
"75110","Paris 10e  Arrondissement",2.03478631427916
"75111","Paris 11e  Arrondissement",2.73963367289328
"75112","Paris 12e  Arrondissement",4.24194241628276
"75113","Paris 13e  Arrondissement",3.57635400668437
"75114","Paris 14e  Arrondissement",3.74913293679097
"75115","Paris 15e  Arrondissement",4.19049655532098
"75116","Paris 16e  Arrondissement",4.85697527852415
"75117","Paris 17e  Arrondissement",2.4147546311008
"75118","Paris 18e  Arrondissement",2.79345241918528
"75119","Paris 19e  Arrondissement",3.43120675288974
"75120","Paris 20e  Arrondissement",3.19031147586661
"77001","Acheres-la-Foret",27.6133472269994
"77002","Amillis",32.5147624461463
"77003","Amponville",30.4445763679171
"77004","Andrezel",24.689333616098
"77005","Annet-sur-Marne",15.5111707575766
"77006","Arbonne-la-Foret",24.4816704390513
"77007","Argentieres",25.8960345787259
"77008","Armentieres-en-Brie",27.4547863835466
"77009","Arville",39.5032914241314
"77010","Aubepierre-Ozouer-le-Repos",26.9425000220305
"77011","Aufferville",35.6647656761233
"77012","Augers-en-Brie",38.0951963814172
"77013","Aulnoy",30.1955725309549
"77014","Avon",26.9066280432547
"77015","Baby",47.8799538679854
"77016","Bagneaux-sur-Loing",32.4492953243698
"77018","Bailly-Romainvilliers",16.893648141466
"77019","Balloy",40.357066605986
"77020","Bannost-Villegagnon",32.071476055236
"77021","Barbey",36.7461210921495
"77022","Barbizon",22.0599560912788
"77023","Barcy",22.9836568579452
"77024","Bassevelle",34.8797771418392
"77025","Bazoches-les-Bray",41.2879316864981
"77026","Beauchery-Saint-Martin",45.9786785309732
"77027","Beaumont-du-Gatinais",42.6559676514572
"77028","Beautheil",31.6263299993626
"77029","Beauvoir",25.3769001452291
"77030","Bellot",40.4427875948686
"77031","Bernay-Vilbert",26.2083349128838
"77032","Beton-Bazoches",32.9064889221991
"77033","Bezalles",34.8114327791788
"77034","Blandy",24.4870999127246
"77035","Blennes",45.5950630777509
"77036","Boisdon",32.7139330189814
"77037","Bois-le-Roi",24.0606243767228
"77038","Boissettes",21.4874509911148
"77039","Boissise-la-Bertrand",21.3314757462475
"77040","Boissise-le-Roi",20.0413784356323
"77041","Boissy-aux-Cailles",31.3833565636144
"77042","Boissy-le-Chatel",30.912356620276
"77043","Boitron",35.7035229813987
"77044","Bombon",29.042786668486
"77045","Bougligny",36.6950233442373
"77046","Boulancourt",36.1035213056935
"77047","Bouleurs",20.2229354356155
"77048","Bourron-Marlotte",31.9083369964274
"77049","Boutigny",21.331248954991
"77050","Bransles",36.8896429326517
"77051","Bray-sur-Seine",44.2413996604685
"77052","Breau",27.2581458714368
"77053","Brie-Comte-Robert",15.1754256931792
"77054","La Brosse-Montceaux",38.5028381751408
"77055","Brou-sur-Chantereine",11.9582091474072
"77056","Burcy",35.2832679848296
"77057","Bussieres",31.538690398062
"77058","Bussy-Saint-Georges",12.5246583155901
"77059","Bussy-Saint-Martin",12.9329257270526
"77060","Buthiers",32.9356960508988
"77061","Cannes-Ecluse",36.7978164876841
"77062","Carnetin",15.9690412520102
"77063","La Celle-sur-Morin",25.4296201925503
"77065","Cely",20.2428767052805
"77066","Cerneux",37.1049527620166
"77067","Cesson",18.6795424301909
"77068","Cessoy-en-Montois",42.4745448031434
"77069","Chailly-en-Biere",21.0092870106303
"77070","Chailly-en-Brie",29.84704390945
"77071","Chaintreaux",35.7472298375231
"77072","Chalautre-la-Grande",50.8067519665859
"77073","Chalautre-la-Petite",42.7176755910669
"77075","Chalifert",16.4651853528813
"77076","Chalmaison",46.1883576460201
"77077","Chambry",22.0924959510193
"77078","Chamigny",29.768146586264
"77079","Champagne-sur-Seine",30.9801801290953
"77080","Champcenest",37.5317972641762
"77081","Champdeuil",20.8542554829827
"77082","Champeaux",25.4999006937326
"77083","Champs-sur-Marne",10.2146206469322
"77084","Changis-sur-Marne",24.7439372959323
"77085","Chanteloup-en-Brie",15.0633339390277
"77086","La Chapelle-Gauthier",27.1585548443941
"77087","La Chapelle-Iger",28.2830845210547
"77088","La Chapelle-la-Reine",26.3766118573648
"77089","La Chapelle-Rablais",33.6224077668137
"77090","La Chapelle-Saint-Sulpice",39.0906370337339
"77091","Les Chapelles-Bourbon",21.2505809151775
"77093","La Chapelle-Moutils",42.9774955708528
"77094","Charmentray",19.0355988137318
"77095","Charny",19.2988225435304
"77096","Chartrettes",25.2496124006302
"77097","Chartronges",38.0593051761384
"77098","Chateaubleau",36.0740790053114
"77099","Chateau-Landon",38.5210899308811
"77100","Le Chatelet-en-Brie",25.5260274782117
"77101","Chatenay-sur-Seine",40.5444001885613
"77102","Chatenoy",34.5405910255241
"77103","Chatillon-la-Borde",25.6302873482233
"77104","Chatres",20.3804600776766
"77106","Chauffry",34.933636945822
"77107","Chaumes-en-Brie",22.823304118923
"77108","Chelles",10.4242774556159
"77109","Chenoise",34.4816106667946
"77110","Chenou",40.3481314563918
"77111","Chessy",15.8065140607462
"77112","Chevrainvilliers",34.4904377618067
"77113","Chevru",33.5306208273075
"77114","Chevry-Cossigny",16.1436992020481
"77115","Chevry-en-Sereine",41.2492883093997
"77116","Choisy-en-Brie",35.1203269701316
"77117","Citry",34.5171627611005
"77118","Claye-Souilly",13.4842655254793
"77119","Clos-Fontaine",32.227940662856
"77120","Cocherel",29.6923150934844
"77121","Collegien",11.2717043652596
"77122","Combs-la-Ville",15.9012802613962
"77123","Compans",15.4109933194643
"77124","Conches-sur-Gondoire",14.5657803211423
"77125","Conde-Sainte-Libiaire",19.8928662844508
"77126","Congis-sur-Therouanne",28.5917747637602
"77127","Coubert",17.5631536691299
"77128","Couilly-Pont-aux-Dames",16.9009056442697
"77129","Coulombs-en-Valois",33.3998036100082
"77130","Coulommes",20.8711886929919
"77131","Coulommiers",27.2168255251104
"77132","Coupvray",17.2491659989915
"77133","Courcelles-en-Bassee",38.6024677270609
"77134","Courchamp",40.1095088627734
"77135","Courpalay",27.1237477530301
"77136","Courquetaine",21.3489560775232
"77137","Courtacon",34.9708657622632
"77138","Courtomer",27.6623349062823
"77139","Courtry",11.7497179934103
"77140","Coutencon",37.0367278500019
"77141","Coutevroult",18.1998662694425
"77142","Crecy-la-Chapelle",20.4193195890064
"77143","Cregy-les-Meaux",20.5372403769383
"77144","Crevecoeur-en-Brie",22.2124336543491
"77145","Crisenoy",20.989443022175
"77146","Croissy-Beaubourg",11.154484536485
"77147","La Croix-en-Brie",35.3092105231659
"77148","Crouy-sur-Ourcq",35.4740319631038
"77149","Cucharmoy",37.2860139894685
"77150","Cuisy",22.6778562156578
"77151","Dagny",31.3884308986348
"77152","Dammarie-les-Lys",21.007003808513
"77153","Dammartin-en-Goele",18.4858125902445
"77154","Dammartin-sur-Tigeaux",22.1527439671184
"77155","Dampmart",16.0258780899102
"77156","Darvault",29.9332188932955
"77157","Dhuisy",29.4735991151952
"77158","Diant",42.9406187089389
"77159","Donnemarie-Dontilly",40.6122168323703
"77161","Dormelles",38.7293522032128
"77162","Doue",33.1730291907081
"77163","Douy-la-Ramee",28.3445435956531
"77164","Echouboulains",34.6252789069194
"77165","Les Ecrennes",28.7328819758877
"77166","Ecuelles",33.4664923805087
"77167","Egligny",42.5036837815114
"77168","Egreville",35.8098783356478
"77169","Emerainville",10.8820251196653
"77170","Episy",31.2388051131568
"77171","Esbly",18.3703633175087
"77172","Esmans",36.8953805823032
"77173","Etrepilly",26.4511441081972
"77174","Everly",46.5278939723784
"77175","Evry-Gregy-sur-Yerre",16.5188915455622
"77176","Faremoutiers",25.7992849486314
"77177","Favieres",18.2068294363834
"77178","Fay-les-Nemours",34.0329251659697
"77179","Fericy",30.08384388141
"77180","Ferolles-Attilly",14.8752662184596
"77181","Ferrieres-en-Brie",11.8497465326332
"77182","La Ferte-Gaucher",37.8476576578803
"77183","La Ferte-sous-Jouarre",26.7510498642337
"77184","Flagy",39.7554566217257
"77185","Fleury-en-Biere",20.5556507426097
"77186","Fontainebleau",25.7488635585448
"77187","Fontaine-Fourches",48.8296409544054
"77188","Fontaine-le-Port",27.1461948003231
"77190","Fontains",35.1489400203945
"77191","Fontenailles",29.9698565731606
"77192","Fontenay-Tresigny",21.887008592398
"77193","Forfry",26.2571365382943
"77194","Forges",31.7561508107703
"77195","Fouju",23.4843661552835
"77196","Fresnes-sur-Marne",15.9781571716794
"77197","Fretoy",32.7100942871857
"77198","Fromont",32.526793381642
"77199","Fublaines",23.5683400051278
"77200","Garentreville",36.3697709451601
"77201","Gastins",30.9850330013164
"77202","La Genevraye",33.2374616735434
"77203","Germigny-l'Eveque",26.2550761272157
"77204","Germigny-sous-Coulombs",33.2249552251194
"77205","Gesvres-le-Chapitre",25.5665488051991
"77206","Giremoutiers",26.0931776096395
"77207","Gironville",39.9038689495493
"77208","Gouaix",47.1755783611969
"77209","Gouvernes",12.9219032778487
"77210","La Grande-Paroisse",35.4214658442869
"77211","Grandpuits-Bailly-Carrois",30.4163443947338
"77212","Gravon",40.3980210527326
"77214","Gressy",15.1946939780158
"77215","Gretz-Armainvilliers",16.1459667111695
"77216","Grez-sur-Loing",31.1222448528418
"77217","Grisy-Suisnes",16.9275202069456
"77218","Grisy-sur-Seine",46.2230695747515
"77219","Guerard",22.8489098755995
"77220","Guercheville",32.4718156857986
"77221","Guermantes",13.4649652377544
"77222","Guignes",21.7047388698759
"77223","Gurcy-le-Chatel",39.6189972200537
"77224","Hautefeuille",25.9643520638627
"77225","La Haute-Maison",24.2552498559826
"77226","Hericy",28.5766427647804
"77227","Herme",45.1098560232519
"77228","Hondevilliers",35.6175189165412
"77229","La Houssaye-en-Brie",21.475021774472
"77230","Ichy",39.5065015157963
"77231","Isles-les-Meldeuses",27.5530462302688
"77232","Isles-les-Villenoy",20.2383907562517
"77233","Iverny",20.6158412441429
"77234","Jablines",18.5129019236505
"77235","Jaignes",28.0970396804243
"77236","Jaulnes",44.335884856748
"77237","Jossigny",14.2179247844275
"77238","Jouarre",28.5235081600253
"77239","Jouy-le-Chatel",30.0178903758087
"77240","Jouy-sur-Morin",37.3697201597491
"77241","Juilly",19.6509794016614
"77242","Jutigny",43.6229701326456
"77243","Lagny-sur-Marne",13.3231387280595
"77244","Larchant",30.2485669233643
"77245","Laval-en-Brie",33.9744473205598
"77246","Lechelle",46.5302615614107
"77247","Lescherolles",40.8702505151197
"77248","Lesches",18.2704391242362
"77249","Lesigny",12.9404841486078
"77250","Leudon-en-Brie",36.8476261661256
"77251","Lieusaint",15.704994197406
"77252","Limoges-Fourches",17.4928256575242
"77253","Lissy",18.9261752446448
"77254","Liverdy-en-Brie",20.8193322806072
"77255","Livry-sur-Seine",22.4265788975064
"77256","Lizines",41.2784790124416
"77257","Lizy-sur-Ourcq",29.6308317992399
"77258","Lognes",10.6256062474911
"77259","Longperrier",18.6931140768911
"77260","Longueville",43.064752886477
"77261","Lorrez-le-Bocage-Preaux",38.8245885470934
"77262","Louan-Villegruis-Fontaine",48.1380385692511
"77263","Luisetaines",44.7170231933151
"77264","Lumigny-Nesles-Ormeaux",23.6870977654703
"77265","Luzancy",30.5471227402792
"77266","Machault",30.5758415385355
"77267","La Madeleine-sur-Loing",35.1704999056745
"77268","Magny-le-Hongre",17.0161495657062
"77269","Maincy",20.7987207504068
"77270","Maisoncelles-en-Brie",24.3103868584704
"77271","Maisoncelles-en-Gatinais",38.6492331130918
"77272","Maison-Rouge",37.8158660077493
"77273","Marchemoret",21.2076269521714
"77274","Marcilly",25.2097035445196
"77275","Les Marets",38.8621053729009
"77276","Mareuil-les-Meaux",20.4028553897385
"77277","Marles-en-Brie",22.3271970422588
"77278","Marolles-en-Brie",32.7037082247652
"77279","Marolles-sur-Seine",35.5851438961752
"77280","Mary-sur-Marne",29.6571539755205
"77281","Mauperthuis",27.8406800634055
"77282","Mauregard",16.1849996890765
"77283","May-en-Multien",30.812107417461
"77284","Meaux",20.1170051400567
"77285","Le Mee-sur-Seine",20.1195249466057
"77286","Meigneux",40.1248739543499
"77287","Meilleray",45.9406883000229
"77288","Melun",19.4861801859244
"77289","Melz-sur-Seine",47.0062429729336
"77290","Mery-sur-Marne",31.3331478893458
"77291","Le Mesnil-Amelot",15.6408387569888
"77292","Messy",15.5014270383133
"77293","Misy-sur-Yonne",38.5869800225534
"77294","Mitry-Mory",13.3217325461446
"77295","Moisenay",22.6795925770316
"77296","Moissy-Cramayel",16.6670854058567
"77297","Mondreville",42.5106487426856
"77298","Mons-en-Montois",42.9544954243312
"77299","Montarlot",34.4937520034357
"77300","Montceaux-les-Meaux",21.5349091023762
"77301","Montceaux-les-Provins",40.2575652243338
"77302","Montcourt-Fromonville",31.4602361947776
"77303","Montdauphin",45.9940138078227
"77304","Montenils",48.7169845006026
"77305","Montereau-Fault-Yonne",34.5651472188388
"77306","Montereau-sur-le-Jard",18.6173497259346
"77307","Montevrain",15.2840919603748
"77308","Montge-en-Goele",21.309336527997
"77309","Monthyon",22.5606802584638
"77310","Montigny-le-Guesdier",45.6489079874265
"77311","Montigny-Lencoup",36.1029050774262
"77312","Montigny-sur-Loing",31.2598993304668
"77313","Montmachoux",40.5925947209686
"77314","Montolivet",46.3764815617936
"77315","Montry",17.9917000929083
"77316","Moret-sur-Loing",32.132459496938
"77317","Mormant",26.6051249667517
"77318","Mortcerf",21.8271355839599
"77319","Mortery",38.06673607573
"77320","Mouroux",26.2098263480724
"77321","Mousseaux-les-Bray",43.6439158702406
"77322","Moussy-le-Neuf",18.34291051524
"77323","Moussy-le-Vieux",20.0764891470533
"77325","Mouy-sur-Seine",43.6879836829233
"77326","Nandy",17.7602474180756
"77327","Nangis",31.6759061077549
"77328","Nanteau-sur-Essonne",32.2456207877505
"77329","Nanteau-sur-Lunain",35.514453188194
"77330","Nanteuil-les-Meaux",20.6351024956904
"77331","Nanteuil-sur-Marne",32.9011221342173
"77332","Nantouillet",19.1191853397708
"77333","Nemours",29.4957234622333
"77335","Chauconin-Neufmontiers",20.2897608149731
"77336","Neufmoutiers-en-Brie",20.3497980582507
"77337","Noisiel",10.4784523827065
"77338","Noisy-Rudignon",37.4862915163882
"77339","Noisy-sur-Ecole",26.6980778651058
"77340","Nonville",32.6848356964928
"77341","Noyen-sur-Seine",46.2278353123308
"77342","Obsonville",38.2661948911103
"77343","Ocquerre",31.6336976412628
"77344","Oissery",25.3189350421651
"77345","Orly-sur-Morin",35.4689476713624
"77347","Les Ormes-sur-Voulzie",45.2023543317846
"77348","Ormesson",32.2897104834306
"77349","Othis",21.2116097542062
"77350","Ozoir-la-Ferriere",14.9615305230897
"77352","Ozouer-le-Voulgis",21.5644253897475
"77353","Paley",36.8984730077388
"77354","Pamfou",30.4180363730197
"77355","Paroy",43.688733759144
"77356","Passy-sur-Seine",48.4357699870264
"77357","Pecy",30.5379783686845
"77358","Penchard",21.0884146075915
"77359","Perthes",19.3348222016433
"77360","Pezarches",25.2577569449769
"77361","Pierre-Levee",22.5046600196611
"77363","Le Pin",12.2783576679532
"77364","Le Plessis-aux-Bois",21.8127659561369
"77365","Le Plessis-Feu-Aussoux",27.4350784304605
"77366","Le Plessis-l'Eveque",21.027716008238
"77367","Le Plessis-Placy",29.8195788877518
"77368","Poigny",41.7644071941929
"77369","Poincy",23.0718335649472
"77370","Poligny",34.7598698222513
"77371","Pommeuse",25.4720103171568
"77372","Pomponne",13.385167252074
"77373","Pontault-Combault",11.6728656516883
"77374","Pontcarre",13.0276143788694
"77376","Precy-sur-Marne",18.3272683808762
"77377","Presles-en-Brie",18.5707906877039
"77378","Pringy",20.4065395138546
"77379","Provins",40.6044518159401
"77380","Puisieux",27.879268319909
"77381","Quiers",30.4025006118936
"77382","Quincy-Voisins",18.7239009954067
"77383","Rampillon",35.6060596400352
"77384","Reau",16.7124976113531
"77385","Rebais",35.5934436897313
"77386","Recloses",27.7552443563512
"77387","Remauville",36.2551577874006
"77388","Reuil-en-Brie",27.5939582325299
"77389","La Rochette",21.9025222418238
"77390","Roissy-en-Brie",13.5002469977459
"77391","Rouilly",42.6527743524773
"77392","Rouvres",19.1530945308786
"77393","Rozay-en-Brie",24.1841502750633
"77394","Rubelles",20.234799508441
"77395","Rumont",33.0634049623387
"77396","Rupereux",42.1823243432862
"77397","Saacy-sur-Marne",32.0226714036326
"77398","Sablonnieres",37.2069032874655
"77399","Saint-Ange-le-Viel",40.3536049069234
"77400","Saint-Augustin",28.3825920400626
"77401","Sainte-Aulde",29.7218571140065
"77402","Saint-Barthelemy",41.9680946232278
"77403","Saint-Brice",42.4257748335549
"77404","Sainte-Colombe",41.9067467573615
"77405","Saint-Cyr-sur-Morin",32.1237248646143
"77406","Saint-Denis-les-Rebais",34.3361691612177
"77407","Saint-Fargeau-Ponthierry",17.8231312964474
"77408","Saint-Fiacre",22.3527270281257
"77409","Saint-Germain-Laval",34.7039809089791
"77410","Saint-Germain-Laxis",20.4459490117259
"77411","Saint-Germain-sous-Doue",33.8131717271839
"77412","Saint-Germain-sur-Ecole",21.508994216952
"77413","Saint-Germain-sur-Morin",17.7469218389637
"77414","Saint-Hilliers",38.7170083216172
"77415","Saint-Jean-les-Deux-Jumeaux",23.2270783665333
"77416","Saint-Just-en-Brie",36.2699989539602
"77417","Saint-Leger",38.6249738520357
"77418","Saint-Loup-de-Naud",42.6096517393404
"77419","Saint-Mammes",31.4590515369866
"77420","Saint-Mard",17.2460075255956
"77421","Saint-Mars-Vieux-Maisons",40.079445026626
"77423","Saint-Martin-des-Champs",40.2269822136522
"77424","Saint-Martin-du-Boschet",43.5865412437076
"77425","Saint-Martin-en-Biere",22.2954986330764
"77426","Saint-Mery",26.765677475318
"77427","Saint-Mesmes",17.5041648672123
"77428","Saint-Ouen-en-Brie",29.0466565107839
"77429","Saint-Ouen-sur-Morin",32.3969122561889
"77430","Saint-Pathus",23.7182333811502
"77431","Saint-Pierre-les-Nemours",30.4369654132859
"77432","Saint-Remy-la-Vanne",35.0284738556939
"77433","Saints",28.9319711882757
"77434","Saint-Sauveur-les-Bray",46.2331157614261
"77435","Saint-Sauveur-sur-Ecole",21.5476856189374
"77436","Saint-Simeon",34.1066157978374
"77437","Saint-Soupplets",22.3502975190593
"77438","Saint-Thibault-des-Vignes",12.3655975943491
"77439","Salins",35.5900447236021
"77440","Sammeron",23.268603984038
"77441","Samois-sur-Seine",28.8994800016201
"77442","Samoreau",27.4322249230313
"77443","Sancy",22.5432115539628
"77444","Sancy-les-Provins",38.6993947602852
"77445","Savigny-le-Temple",17.4449503486085
"77446","Savins",43.5275470932407
"77447","Seine-Port",19.8455143811136
"77448","Sept-Sorts",25.6832581157078
"77449","Serris",15.8380011673712
"77450","Servon",12.9715549649944
"77451","Signy-Signets",26.0865230401443
"77452","Sigy",43.22736977212
"77453","Sivry-Courtry",23.334073392374
"77454","Sognolles-en-Montois",42.5390821687772
"77455","Soignolles-en-Brie",18.8894478763555
"77456","Soisy-Bouy",45.5807862075796
"77457","Solers",19.5051107814655
"77458","Souppes-sur-Loing",34.0224956392538
"77459","Sourdun",42.2265942661214
"77460","Tancrou",29.1608586949016
"77461","Thenisy",43.2581303847101
"77462","Thieux",16.8123162691106
"77463","Thomery",30.331265786657
"77464","Thorigny-sur-Marne",15.2261399557236
"77465","Thoury-Ferottes",40.7463588088912
"77466","Tigeaux",20.8386033357158
"77467","La Tombe",37.2168007488085
"77468","Torcy",11.1043325249307
"77469","Touquin",25.8576678362136
"77470","Tournan-en-Brie",17.3939762075494
"77471","Tousson",27.9059890016733
"77472","La Tretoire",37.6796375870739
"77473","Treuzy-Levelay",34.9208027161771
"77474","Trilbardou",18.0069970335216
"77475","Trilport",22.6765604523684
"77476","Trocy-en-Multien",28.164943076725
"77477","Ury",25.2552026917693
"77478","Ussy-sur-Marne",23.7284809174453
"77479","Vaires-sur-Marne",12.2560148156647
"77480","Valence-en-Brie",31.5536335161284
"77481","Vanville",36.2641072674293
"77482","Varennes-sur-Seine",34.6088213633765
"77483","Varreddes",23.727074597414
"77484","Vaucourtois",22.186188211918
"77485","Le Vaudoue",27.8896309870579
"77486","Vaudoy-en-Brie",27.3075649127022
"77487","Vaux-le-Penil",21.87012431011
"77489","Vaux-sur-Lunain",41.3318176177558
"77490","Vendrest",33.2389652750643
"77491","Veneux-les-Sablons",30.9033962210344
"77492","Verdelot",40.3867492067217
"77493","Verneuil-l'Etang",24.2167756184984
"77494","Vernou-la-Celle-sur-Seine",33.9768716936543
"77495","Vert-Saint-Denis",17.6931178468272
"77496","Vieux-Champagne",38.5107425108528
"77498","Vignely",18.867260288903
"77500","Villebeon",40.6475638910216
"77501","Villecerf",35.2022676222489
"77504","Villemarechal",38.2025387684786
"77505","Villemareuil",22.1314522531047
"77506","Villemer",33.5796689664747
"77507","Villenauxe-la-Petite",45.7479245468096
"77508","Villeneuve-le-Comte",16.1576699546823
"77509","Villeneuve-les-Bordes",36.765104864096
"77510","Villeneuve-Saint-Denis",15.9454561672937
"77511","Villeneuve-sous-Dammartin",18.0505158672579
"77512","Villeneuve-sur-Bellot",40.3613262378977
"77513","Villenoy",18.9359765293958
"77514","Villeparisis",11.471351341796
"77515","Villeroy",20.0853636138991
"77516","Ville-Saint-Jacques",36.2575015124589
"77517","Villevaude",13.244777202963
"77518","Villiers-en-Biere",21.3967498179134
"77519","Villiers-Saint-Georges",42.5739763638378
"77520","Villiers-sous-Grez",29.0967888054434
"77521","Villiers-sur-Morin",17.6639064873842
"77522","Villiers-sur-Seine",46.8731020371896
"77523","Villuis",47.3861040178503
"77524","Vimpelles",44.6875138879553
"77525","Vinantes",21.971970618483
"77526","Vincy-Manoeuvre",32.0012270639478
"77527","Voinsles",26.741784250007
"77528","Voisenon",18.9381866917874
"77529","Voulangis",20.0612176515017
"77530","Voulton",43.8026989730964
"77531","Voulx",41.4794701960269
"77532","Vulaines-les-Provins",39.3600596944406
"77533","Vulaines-sur-Seine",28.030439102036
"77534","Yebles",21.6789053544124
"78003","Ablis",26.0713354255852
"78005","Acheres",14.0050353504641
"78006","Adainville",29.9245476791626
"78007","Aigremont",12.4816008018372
"78009","Allainville",26.9477312212518
"78010","Les Alluets-le-Roi",17.1644180568237
"78013","Andelu",22.5056684428935
"78015","Andresy",15.0351367041369
"78020","Arnouville-les-Mantes",25.6292379565195
"78029","Aubergenville",16.686157383604
"78030","Auffargis",20.7280883350186
"78031","Auffreville-Brasseuil",21.7462553708192
"78033","Aulnay-sur-Mauldre",20.2062962046901
"78034","Auteuil",21.1119423660841
"78036","Autouillet",22.5741655188393
"78043","Bailly",11.0874802469705
"78048","Bazainville",22.8177708437352
"78049","Bazemont",21.0292984230555
"78050","Bazoches-sur-Guyonne",18.1844383476917
"78053","Behoust",23.8490965211433
"78057","Bennecourt",26.659787083253
"78062","Beynes",19.9906821005077
"78068","Blaru",30.1557458768179
"78070","Boinville-en-Mantois",23.7950905266912
"78071","Boinville-le-Gaillard",28.4436464163631
"78072","Boinvilliers",26.0154928289808
"78073","Bois-d'Arcy",11.7325095380319
"78076","Boissets",31.7603492563133
"78077","La Boissiere-Ecole",33.9359924501629
"78082","Boissy-Mauvoisin",27.5202468711869
"78084","Boissy-sans-Avoir",20.755441542102
"78087","Bonnelles",20.8514154568916
"78089","Bonnieres-sur-Seine",27.0572450720982
"78090","Bouafle",16.0083500325958
"78092","Bougival",9.51194272007858
"78096","Bourdonne",26.0329596053528
"78104","Breuil-Bois-Robert",22.6330149881309
"78107","Breval",30.3404290672974
"78108","Les Breviaires",24.2810865525696
"78113","Brueil-en-Vexin",21.6413197329976
"78117","Buc",12.7364463351682
"78118","Buchelay",21.4415355498416
"78120","Bullion",22.0246986825043
"78123","Carrieres-sous-Poissy",12.8913405295114
"78124","Carrieres-sur-Seine",8.63488969203623
"78125","La Celle-les-Bordes",24.1507166146945
"78126","La Celle-Saint-Cloud",9.15526021092923
"78128","Cernay-la-Ville",21.5396941481147
"78133","Chambourcy",12.2771232392633
"78138","Chanteloup-les-Vignes",15.1525017869527
"78140","Chapet",15.9856599697132
"78143","Chateaufort",14.7584257685214
"78146","Chatou",8.57452128296136
"78147","Chaufour-les-Bonnieres",26.9184822836694
"78152","Chavenay",15.2757434198572
"78158","Le Chesnay",10.105017377999
"78160","Chevreuse",18.9746980360886
"78162","Choisel",20.4616868898072
"78163","Civry-la-Foret",29.3331761746972
"78164","Clairefontaine-en-Yvelines",22.4947936566782
"78165","Les Clayes-sous-Bois",15.1582069116133
"78168","Coignieres",17.1328933719432
"78171","Conde-sur-Vesgre",27.3145409828826
"78172","Conflans-Sainte-Honorine",12.6480223946439
"78185","Courgent",26.471239508156
"78188","Cravent",30.0398303787524
"78189","Crespieres",16.693127617127
"78190","Croissy-sur-Seine",10.2205221409446
"78192","Dammartin-en-Serve",29.0349947488034
"78193","Dampierre-en-Yvelines",20.1248572943214
"78194","Dannemarie",26.7005954500988
"78196","Davron",16.2762047545524
"78202","Drocourt",25.2279624230444
"78206","Ecquevilly",15.9358470473611
"78208","Elancourt",16.0011706755625
"78209","Emance",31.4415897683875
"78217","Epone",17.6583856133354
"78220","Les Essarts-le-Roi",18.8964353023018
"78224","L'Etang-la-Ville",12.0291819845313
"78227","Evecquemont",17.5237423862495
"78230","La Falaise",18.7487886324901
"78231","Favrieux",23.7131149688851
"78233","Feucherolles",15.0255968885988
"78234","Flacourt",26.4844708580429
"78236","Flexanville",25.8999030125449
"78237","Flins-Neuve-Eglise",30.338876727479
"78238","Flins-sur-Seine",16.0589720688119
"78239","Follainville-Dennemont",25.5135970912251
"78242","Fontenay-le-Fleury",12.694806242064
"78245","Fontenay-Mauvoisin",23.7423365210188
"78246","Fontenay-Saint-Pere",25.0448603295493
"78251","Fourqueux",12.3735920027506
"78255","Freneuse",27.4480488846868
"78261","Gaillon-sur-Montcient",18.2215173790423
"78262","Galluis",19.0074380799589
"78263","Gambais",24.3976338168625
"78264","Gambaiseuil",25.5605659273266
"78265","Garancieres",22.0113747356828
"78267","Gargenville",18.6981585972389
"78269","Gazeran",26.8249140232868
"78276","Gommecourt",31.323538507389
"78278","Goupillieres",25.4985013926233
"78281","Goussonville",23.4216902726496
"78283","Grandchamp",31.8592069895709
"78285","Gressey",28.5701252779996
"78289","Grosrouvre",23.1483284929854
"78290","Guernes",28.2172030978737
"78291","Guerville",24.2410677191362
"78296","Guitrancourt",22.2701512939153
"78297","Guyancourt",13.5466638930506
"78299","Hardricourt",17.0461409269775
"78300","Hargeville",25.9892203080616
"78302","La Hauteville",32.5592254319187
"78305","Herbeville",20.0665594891414
"78307","Hermeray",32.5285068856215
"78310","Houdan",25.0782342352048
"78311","Houilles",8.29516338368446
"78314","Issou",19.2129899121201
"78317","Jambville",22.241571891138
"78320","Jeufosse",25.7917899445739
"78321","Jouars-Pontchartrain",15.9562483668743
"78322","Jouy-en-Josas",11.1567784583124
"78324","Jouy-Mauvoisin",22.5538199133421
"78325","Jumeauville",23.7063203299122
"78327","Juziers",20.1272142176635
"78329","Lainville-en-Vexin",23.199630443
"78334","Levis-Saint-Nom",20.5142339348816
"78335","Limay",21.6358755696445
"78337","Limetz-Villez",30.0690908836766
"78343","Les Loges-en-Josas",12.4633442581782
"78344","Lommoye",31.2397989643716
"78346","Longnes",26.8695099769516
"78349","Longvilliers",20.2078064572867
"78350","Louveciennes",10.0254841018012
"78354","Magnanville",20.9764569615872
"78356","Magny-les-Hameaux",16.9206087915566
"78358","Maisons-Laffitte",11.028747329415
"78361","Mantes-la-Jolie",20.575770374924
"78362","Mantes-la-Ville",20.5324598894727
"78364","Marcq",21.8944790448888
"78366","Mareil-le-Guyon",18.8356311379665
"78367","Mareil-Marly",12.0152592576981
"78368","Mareil-sur-Mauldre",18.4145270065373
"78372","Marly-le-Roi",10.5227103129097
"78380","Maule",19.8256994616747
"78381","Maulette",23.8339053486589
"78382","Maurecourt",14.734183469096
"78383","Maurepas",15.7325586901571
"78384","Medan",15.1192818733997
"78385","Menerville",25.9123413992632
"78389","Mere",20.0103944633224
"78391","Mericourt",27.8286137664569
"78396","Le Mesnil-le-Roi",11.3111831796462
"78397","Le Mesnil-Saint-Denis",17.3214850430034
"78398","Les Mesnuls",20.5376008487343
"78401","Meulan-en-Yvelines",16.5719962210899
"78402","Mezieres-sur-Seine",18.0093848477453
"78403","Mezy-sur-Seine",18.5113882618746
"78404","Millemont",21.5209943713386
"78406","Milon-la-Chapelle",17.9441791823074
"78407","Mittainville",34.0516520986005
"78410","Moisson",31.8302860010282
"78413","Mondreville",29.0252606578899
"78415","Montainville",21.018033557735
"78416","Montalet-le-Bois",22.1886803890573
"78417","Montchauvet",28.4339554517023
"78418","Montesson",9.39164692362237
"78420","Montfort-l'Amaury",20.0415675952928
"78423","Montigny-le-Bretonneux",13.1885719698969
"78431","Morainvilliers",15.6407239586154
"78437","Mousseaux-sur-Seine",30.3961110820767
"78439","Mulcent",27.449243755502
"78440","Les Mureaux",16.0863606789861
"78442","Neauphle-le-Chateau",16.5954687798521
"78443","Neauphle-le-Vieux",18.2823836872435
"78444","Neauphlette",31.7826045311185
"78451","Nezel",18.168871602816
"78455","Noisy-le-Roi",11.7366136901771
"78460","Oinville-sur-Montcient",20.4947320436707
"78464","Orcemont",27.2001211456704
"78465","Orgerus",25.9792123638232
"78466","Orgeval",14.7396623142061
"78470","Orphin",27.7250394690594
"78472","Orsonville",28.3543234294859
"78474","Orvilliers",27.0502416297116
"78475","Osmoy",27.0873872398545
"78478","Paray-Douaville",27.29794848939
"78481","Le Pecq",10.7344141034337
"78484","Perdreauville",24.2532834395854
"78486","Le Perray-en-Yvelines",20.1973905841062
"78490","Plaisir",15.6231444316835
"78497","Poigny-la-Foret",27.0642134400914
"78498","Poissy",12.1322443930612
"78499","Ponthevrard",25.4102021714046
"78501","Porcheville",19.7873951917338
"78502","Le Port-Marly",10.2233848243241
"78503","Port-Villez",28.3697843422666
"78505","Prunay-le-Temple",27.8248177342156
"78506","Prunay-en-Yvelines",27.8740768585801
"78513","La Queue-les-Yvelines",20.6371684252448
"78516","Raizeux",33.3064955051479
"78517","Rambouillet",22.6749955873938
"78518","Rennemoulin",12.8767110976775
"78520","Richebourg",25.5718603452886
"78522","Rochefort-en-Yvelines",20.9985615931756
"78524","Rocquencourt",11.4112476916859
"78528","Rolleboise",25.7623863967583
"78530","Rosay",24.9831593907073
"78531","Rosny-sur-Seine",23.8524830039613
"78536","Sailly",22.5525061148811
"78537","Saint-Arnoult-en-Yvelines",22.4178292138056
"78545","Saint-Cyr-l'Ecole",11.4451303472777
"78548","Saint-Forget",20.0589528306981
"78550","Saint-Germain-de-la-Grange",17.7648245032453
"78551","Saint-Germain-en-Laye",10.6916372111467
"78557","Saint-Hilarion",29.2658963453953
"78558","Saint-Illiers-la-Ville",31.8144935694061
"78559","Saint-Illiers-le-Bois",33.3873747756779
"78561","Saint-Lambert",16.8150496531143
"78562","Saint-Leger-en-Yvelines",25.3172415833619
"78564","Saint-Martin-de-Brethencourt",27.0940184078179
"78565","Saint-Martin-des-Champs",26.9557077731219
"78567","Saint-Martin-la-Garenne",25.7316563122288
"78569","Sainte-Mesme",25.122513765609
"78571","Saint-Nom-la-Breteche",14.3974028551966
"78575","Saint-Remy-les-Chevreuse",16.822511650136
"78576","Saint-Remy-l'Honore",20.1887912418687
"78586","Sartrouville",9.30542042756712
"78588","Saulx-Marchais",21.6178598566508
"78590","Senlisse",21.0964435613297
"78591","Septeuil",26.1471964038485
"78597","Soindres",22.427789399276
"78601","Sonchamp",24.9679436294196
"78605","Tacoignieres",26.9559940144077
"78606","Le Tartre-Gaudran",32.4970455992263
"78608","Le Tertre-Saint-Denis",26.8194594560793
"78609","Tessancourt-sur-Aubette",18.1262405072511
"78615","Thiverval-Grignon",18.5265934756662
"78616","Thoiry",22.4505599474844
"78618","Tilly",30.9770861518658
"78620","Toussus-le-Noble",13.8780074536272
"78621","Trappes",12.7892548099396
"78623","Le Tremblay-sur-Mauldre",17.705588593236
"78624","Triel-sur-Seine",15.2436901825602
"78638","Vaux-sur-Seine",16.727908390829
"78640","Velizy-Villacoublay",10.2406520506447
"78642","Verneuil-sur-Seine",17.0179386314722
"78643","Vernouillet",16.1062208871846
"78644","La Verriere",16.1742529889767
"78646","Versailles",10.2401862048199
"78647","Vert",22.4546041436968
"78650","Le Vesinet",9.36490663137012
"78653","Vicq",20.3369445339629
"78655","Vieille-Eglise-en-Yvelines",23.7690504528751
"78668","La Villeneuve-en-Chevrie",27.65252242292
"78672","Villennes-sur-Seine",13.1277523134463
"78674","Villepreux",14.6558595190723
"78677","Villette",23.9667888238109
"78681","Villiers-le-Mahieu",24.9186535877808
"78683","Villiers-Saint-Frederic",16.7418301408903
"78686","Viroflay",10.1592001791722
"78688","Voisins-le-Bretonneux",14.0970499381594
"91001","Abbeville-la-Riviere",31.1667924766113
"91016","Angerville",33.6605457173107
"91017","Angervilliers",21.241881052148
"91021","Arpajon",15.8798003556774
"91022","Arrancourt",31.6235688824429
"91027","Athis-Mons",10.0579989641125
"91035","Authon-la-Plaine",28.0412712305866
"91037","Auvernaux",16.990839217567
"91038","Auvers-Saint-Georges",23.5262286453663
"91041","Avrainville",17.6184186737319
"91044","Ballainvilliers",12.0548744180251
"91045","Ballancourt-sur-Essonne",20.5570543149047
"91047","Baulne",22.4804599874519
"91064","Bievres",10.4464233231603
"91067","Blandy",36.820241656622
"91069","Boigneville",31.6891061080606
"91075","Bois-Herpin",31.1168863012667
"91079","Boissy-la-Riviere",29.6401918571985
"91080","Boissy-le-Cutte",25.1641972311208
"91081","Boissy-le-Sec",26.7709036715912
"91085","Boissy-sous-Saint-Yon",18.0035973281668
"91086","Bondoufle",15.0118226686828
"91093","Boullay-les-Troux",19.3258863738345
"91095","Bouray-sur-Juine",21.6082998595577
"91097","Boussy-Saint-Antoine",14.9367977472567
"91098","Boutervilliers",28.5803578512036
"91099","Boutigny-sur-Essonne",25.3897323296278
"91100","Bouville",27.4592454513631
"91103","Bretigny-sur-Orge",15.3651995076889
"91105","Breuillet",19.3178224850512
"91106","Breux-Jouy",20.5667415860934
"91109","Brieres-les-Scelles",25.6025939178455
"91111","Briis-sous-Forges",17.0481952849305
"91112","Brouy",36.0905759421912
"91114","Brunoy",13.5011909432319
"91115","Bruyeres-le-Chatel",18.1656597693836
"91121","Buno-Bonnevaux",29.7543208997479
"91122","Bures-sur-Yvette",14.6603312296747
"91129","Cerny",25.5530848741693
"91130","Chalo-Saint-Mars",31.4111918008577
"91131","Chalou-Moulineux",33.1579555413528
"91132","Chamarande",21.064200047382
"91135","Champcueil",22.3412360103888
"91136","Champlan",11.1260809229393
"91137","Champmotteux",32.1177156707277
"91145","Chatignonville",27.7860912049472
"91148","Chauffour-les-Etrechy",22.2900917448069
"91156","Cheptainville",19.1844727491817
"91159","Chevannes",20.3648386455798
"91161","Chilly-Mazarin",10.3163021127407
"91174","Corbeil-Essonnes",14.54665702049
"91175","Corbreuse",25.7211825897035
"91179","Le Coudray-Montceaux",15.5300863447405
"91180","Courances",20.5040825742941
"91182","Courcouronnes",12.3002121194294
"91184","Courdimanche-sur-Essonne",26.8543287282382
"91186","Courson-Monteloup",19.8644879191377
"91191","Crosne",11.3051352852288
"91195","Dannemois",21.157721192917
"91198","D'Huison-Longueville",25.9132312501382
"91200","Dourdan",22.43652260296
"91201","Draveil",11.9918795516907
"91204","Echarcon",16.6429293043931
"91207","Egly",17.4140446983365
"91215","Epinay-sous-Senart",14.3541880245585
"91216","Epinay-sur-Orge",11.404718051884
"91222","Estouches",36.4625850139083
"91223","Etampes",25.4314678981138
"91225","Etiolles",15.399222116918
"91226","Etrechy",21.1342220109021
"91228","Evry",13.0989106237026
"91232","La Ferte-Alais",23.5199355779393
"91235","Fleury-Merogis",13.0871753764915
"91240","Fontaine-la-Riviere",30.3033674304911
"91243","Fontenay-les-Briis",17.0022465691892
"91244","Fontenay-le-Vicomte",19.0987331291714
"91247","La Foret-le-Roi",26.5304661519303
"91248","La Foret-Sainte-Croix",29.9067704368827
"91249","Forges-les-Bains",20.04639379654
"91272","Gif-sur-Yvette",15.5516622451822
"91273","Gironville-sur-Essonne",28.7573733789114
"91274","Gometz-la-Ville",15.8036919893922
"91275","Gometz-le-Chatel",15.8091474916724
"91284","Les Granges-le-Roi",25.0609709177792
"91286","Grigny",12.3457410368325
"91292","Guibeville",17.794060908132
"91293","Guigneville-sur-Essonne",24.6777230816475
"91294","Guillerval",31.7113135747277
"91312","Igny",10.8934996256501
"91315","Itteville",22.4186106275942
"91318","Janville-sur-Juine",23.2465092611162
"91319","Janvry",17.118039030504
"91326","Juvisy-sur-Orge",10.8041973396451
"91330","Lardy",21.4576017173223
"91332","Leudeville",18.963114410861
"91333","Leuville-sur-Orge",14.9306940207335
"91338","Limours",19.2024423599016
"91339","Linas",15.8213341207765
"91340","Lisses",15.0221899130533
"91345","Longjumeau",10.9584703815889
"91347","Longpont-sur-Orge",13.3601390136669
"91359","Maisse",26.8163097011871
"91363","Marcoussis",14.9266567508772
"91374","Marolles-en-Beauce",30.698492203814
"91376","Marolles-en-Hurepoix",18.2166655503318
"91377","Massy",10.1810790713125
"91378","Mauchamps",20.1743116972347
"91386","Mennecy",17.1911174015267
"91390","Mereville",35.1489674932529
"91393","Merobert",31.6848072829877
"91399","Mespuits",31.8454104545427
"91405","Milly-la-Foret",23.0756759323895
"91408","Moigny-sur-Ecole",23.7664064858446
"91411","Les Molieres",18.124504546144
"91412","Mondeville",23.8659111958127
"91414","Monnerville",31.5583432450893
"91421","Montgeron",11.5840873794634
"91425","Montlhery",12.5676975121392
"91432","Morangis",10.8443315506314
"91433","Morigny-Champigny",24.7391487383092
"91434","Morsang-sur-Orge",11.0008676228991
"91435","Morsang-sur-Seine",19.2922490347093
"91441","Nainville-les-Roches",19.8385029598977
"91457","La Norville",16.605409285566
"91458","Nozay",14.227714438719
"91461","Ollainville",16.9701295855676
"91463","Oncy-sur-Ecole",25.2618056638799
"91468","Ormoy",16.7487691909722
"91469","Ormoy-la-Riviere",28.2152471114522
"91471","Orsay",12.7011684919134
"91473","Orveau",27.4433434829538
"91477","Palaiseau",12.2451105386392
"91479","Paray-Vieille-Poste",10.1174821226418
"91482","Pecqueuse",19.6860306293093
"91494","Le Plessis-Pate",15.4102705573721
"91495","Plessis-Saint-Benoist",30.0864280663022
"91507","Prunay-sur-Essonne",30.1250606894963
"91508","Puiselet-le-Marais",30.6010060233883
"91511","Pussay",32.8588272143265
"91514","Quincy-sous-Senart",15.1379403128308
"91519","Richarville",28.820828759697
"91521","Ris-Orangis",12.5482108782828
"91525","Roinville",24.4313269082514
"91526","Roinvilliers",32.5040272046552
"91533","Saclas",31.5252551445428
"91534","Saclay",11.7398596661713
"91538","Saint-Aubin",13.3407185384204
"91540","Saint-Cheron",21.6757418606922
"91544","Saint-Cyr-la-Riviere",30.7789388009132
"91546","Saint-Cyr-sous-Dourdan",21.3710504157829
"91547","Saint-Escobille",29.2744492358438
"91549","Sainte-Genevieve-des-Bois",12.0986264365713
"91552","Saint-Germain-les-Arpajon",16.735250294488
"91553","Saint-Germain-les-Corbeil",14.2597556347882
"91556","Saint-Hilaire",30.0428459585771
"91560","Saint-Jean-de-Beauregard",15.463409965987
"91568","Saint-Maurice-Montcouronne",20.6988451727712
"91570","Saint-Michel-sur-Orge",13.715686604682
"91573","Saint-Pierre-du-Perray",15.6185135304471
"91577","Saintry-sur-Seine",16.647867950936
"91578","Saint-Sulpice-de-Favieres",21.1383502465842
"91579","Saint-Vrain",20.4553063047454
"91581","Saint-Yon",18.6801848441098
"91587","Saulx-les-Chartreux",11.424893018091
"91589","Savigny-sur-Orge",10.5326639512512
"91593","Sermaise",25.6858782769594
"91599","Soisy-sur-Ecole",20.8328386426493
"91600","Soisy-sur-Seine",14.2167080230446
"91602","Souzy-la-Briche",21.8454136186913
"91613","Congerville-Thionville",32.505458481969
"91617","Tigery",14.2023500468833
"91619","Torfou",20.7921360871896
"91629","Valpuiseaux",30.5414043074176
"91630","Le Val-Saint-Germain",22.0696328676784
"91631","Varennes-Jarcy",15.9214950032354
"91634","Vaugrigneuse",19.2490404341037
"91635","Vauhallan",11.4169844252007
"91639","Vayres-sur-Essonne",26.6398787809269
"91645","Verrieres-le-Buisson",10.3582216378208
"91648","Vert-le-Grand",17.3601418971938
"91649","Vert-le-Petit",19.5020180107033
"91654","Videlles",22.4095200480393
"91657","Vigneux-sur-Seine",11.1511060477862
"91659","Villabe",15.7801665277568
"91661","Villebon-sur-Yvette",13.3668147123579
"91662","Villeconin",22.8370061170141
"91665","La Ville-du-Bois",11.9077352919221
"91666","Villejust",13.0475849328139
"91667","Villemoisson-sur-Orge",11.3282897567079
"91671","Villeneuve-sur-Auvers",24.4793489705131
"91679","Villiers-le-Bacle",13.2033600467349
"91685","Villiers-sur-Orge",12.7399564946126
"91687","Viry-Chatillon",12.1542272063332
"91689","Wissous",10.4384414020474
"91691","Yerres",12.103827127279
"91692","Les Ulis",14.532908580912
"92002","Antony",10.0478674896235
"92004","Asnieres-sur-Seine",4.64231116328948
"92007","Bagneux",6.31683240939106
"92009","Bois-Colombes",5.98055294553799
"92012","Boulogne-Billancourt",5.54315099640475
"92014","Bourg-la-Reine",7.10125822426924
"92019","Chatenay-Malabry",8.78835845188425
"92020","Chatillon",6.06013885836114
"92022","Chaville",8.44990458564217
"92023","Clamart",6.6966231555625
"92024","Clichy",3.99037072322601
"92025","Colombes",5.791140406966
"92026","Courbevoie",4.67321859486585
"92032","Fontenay-aux-Roses",6.78150712819667
"92033","Garches",8.38661715548954
"92035","La Garenne-Colombes",5.36755163068098
"92036","Gennevilliers",5.3767827227079
"92040","Issy-les-Moulineaux",5.34777123400639
"92044","Levallois-Perret",4.38664799956088
"92046","Malakoff",5.35137562940599
"92047","Marnes-la-Coquette",8.25634635794713
"92048","Meudon",6.63142860205552
"92049","Montrouge",5.36778584605181
"92050","Nanterre",6.51825367034975
"92051","Neuilly-sur-Seine",4.66078120903993
"92060","Le Plessis-Robinson",7.95793961124821
"92062","Puteaux",5.64822187955718
"92063","Rueil-Malmaison",7.78643948166253
"92064","Saint-Cloud",6.68750537345898
"92071","Sceaux",8.18684598110091
"92072","Sevres",6.51476650600798
"92073","Suresnes",5.8985629215913
"92075","Vanves",5.19837810890359
"92076","Vaucresson",8.31832661048313
"92077","Ville-d'Avray",8.63460112588385
"92078","Villeneuve-la-Garenne",5.73670784358057
"93001","Aubervilliers",5.30939976861569
"93005","Aulnay-sous-Bois",7.66071813148924
"93006","Bagnolet",5.09472637605607
"93007","Le Blanc-Mesnil",7.1189812251565
"93008","Bobigny",5.77801548467037
"93010","Bondy",6.18424621667831
"93013","Le Bourget",6.24956467129686
"93014","Clichy-sous-Bois",8.81058560047853
"93015","Coubron",10.5594032542796
"93027","La Courneuve",5.6843589549372
"93029","Drancy",6.21898813691274
"93030","Dugny",7.11032771980306
"93031","Epinay-sur-Seine",6.49968040032452
"93032","Gagny",7.97968621526222
"93033","Gournay-sur-Marne",9.85373643479421
"93039","L'Ile-Saint-Denis",5.678571912093
"93045","Les Lilas",4.29271643011643
"93046","Livry-Gargan",7.23965768551468
"93047","Montfermeil",9.27339220325841
"93048","Montreuil",5.51104076844049
"93049","Neuilly-Plaisance",7.01090219944995
"93050","Neuilly-sur-Marne",7.99082447645655
"93051","Noisy-le-Grand",8.069073446407
"93053","Noisy-le-Sec",6.07685077584276
"93055","Pantin",4.09748871995511
"93057","Les Pavillons-sous-Bois",6.53867828093562
"93059","Pierrefitte-sur-Seine",7.20041129000402
"93061","Le Pre-Saint-Gervais",4.14988704502204
"93062","Le Raincy",6.80838440214438
"93063","Romainville",5.33885430043829
"93064","Rosny-sous-Bois",5.97863953685512
"93066","Saint-Denis",5.83179424544769
"93070","Saint-Ouen",4.50215231841679
"93071","Sevran",9.54643533053028
"93072","Stains",6.59155660755636
"93073","Tremblay-en-France",11.8912239117712
"93074","Vaujours",9.80861329861972
"93077","Villemomble",6.30415904316047
"93078","Villepinte",10.7901750787421
"93079","Villetaneuse",7.18336987305449
"94001","Ablon-sur-Seine",10.1980102607732
"94002","Alfortville",7.01191285887561
"94003","Arcueil",5.92206916956827
"94004","Boissy-Saint-Leger",10.0669151300458
"94011","Bonneuil-sur-Marne",8.69581528985345
"94015","Bry-sur-Marne",7.42568443571103
"94016","Cachan",6.15156386284361
"94017","Champigny-sur-Marne",7.36940420257294
"94018","Charenton-le-Pont",5.90030543395815
"94019","Chennevieres-sur-Marne",10.1282255285147
"94021","Chevilly-Larue",7.11012213364228
"94022","Choisy-le-Roi",7.19084725521972
"94028","Creteil",7.06096801679118
"94033","Fontenay-sous-Bois",6.23434599739463
"94034","Fresnes",7.90887056708116
"94037","Gentilly",5.41082655935591
"94038","L'Hay-les-Roses",7.16549102447051
"94041","Ivry-sur-Seine",5.79293137010552
"94042","Joinville-le-Pont",6.20175200594498
"94043","Le Kremlin-Bicetre",5.40839551618409
"94044","Limeil-Brevannes",10.1822584949733
"94046","Maisons-Alfort",5.9612156152449
"94047","Mandres-les-Roses",13.895002786454
"94048","Marolles-en-Brie",13.5798606299014
"94052","Nogent-sur-Marne",6.38926376721486
"94053","Noiseau",10.8737742045095
"94054","Orly",9.59978889168719
"94055","Ormesson-sur-Marne",10.6168031904951
"94056","Perigny",15.2171484488933
"94058","Le Perreux-sur-Marne",6.78479879004806
"94059","Le Plessis-Trevise",10.4722530806829
"94060","La Queue-en-Brie",10.9997633259224
"94065","Rungis",8.64164742757911
"94067","Saint-Mande",4.709161493706
"94068","Saint-Maur-des-Fosses",7.43926910554955
"94069","Saint-Maurice",7.92717980525484
"94070","Santeny",15.0937816208838
"94071","Sucy-en-Brie",10.2861853950034
"94073","Thiais",7.23813079518513
"94074","Valenton",10.0141968318557
"94075","Villecresnes",12.1199897691272
"94076","Villejuif",6.10491636486019
"94077","Villeneuve-le-Roi",9.57449189861111
"94078","Villeneuve-Saint-Georges",9.99308222650115
"94079","Villiers-sur-Marne",7.49586687996268
"94080","Vincennes",5.52269012165473
"94081","Vitry-sur-Seine",6.51912741724765
"95002","Ableiges",17.6688346969472
"95008","Aincourt",25.6967885147245
"95011","Ambleville",28.2297591599589
"95012","Amenucourt",31.5367835078782
"95014","Andilly",10.8495035091745
"95018","Argenteuil",6.64563698912811
"95019","Arnouville",9.3531633078954
"95023","Arronville",21.9968619814164
"95024","Arthies",25.0884722576821
"95026","Asnieres-sur-Oise",19.6952706360669
"95028","Attainville",12.7209981284873
"95039","Auvers-sur-Oise",13.5779373301539
"95040","Avernes",20.669162177984
"95042","Baillet-en-France",13.2178540930483
"95046","Banthelu",23.4169592403898
"95051","Beauchamp",10.9504810209861
"95052","Beaumont-sur-Oise",17.5638613670625
"95054","Le Bellay-en-Vexin",23.1083735262335
"95055","Bellefontaine",18.476984362678
"95056","Belloy-en-France",15.5825591265386
"95058","Bernes-sur-Oise",20.0847307128846
"95059","Berville",25.6515853640281
"95060","Bessancourt",11.425754237368
"95061","Bethemont-la-Foret",14.2706543979694
"95063","Bezons",6.83254275341233
"95074","Boisemont",16.6633954090845
"95078","Boissy-l'Aillerie",16.2400656126583
"95088","Bonneuil-en-France",9.1527223323434
"95091","Bouffemont",13.3376946328916
"95094","Bouqueval",12.8345105213234
"95101","Bray-et-Lu",30.3040945434195
"95102","Breancon",21.025352279985
"95110","Brignancourt",23.419046492794
"95116","Bruyeres-sur-Oise",22.1688222559657
"95119","Buhy",27.93274842516
"95120","Butry-sur-Oise",15.182987260862
"95127","Cergy",14.2984447076805
"95134","Champagne-sur-Oise",17.9548771541674
"95139","La Chapelle-en-Vexin",25.5997627490051
"95141","Charmont",23.4517441972522
"95142","Chars",24.0669939985421
"95144","Chatenay-en-France",17.6445167027508
"95149","Chaumontel",18.3245601949013
"95150","Chaussy",29.4994477347208
"95151","Chauvry",12.8914998280437
"95154","Chennevieres-les-Louvres",11.9076373357446
"95157","Cherence",30.682528442762
"95166","Clery-en-Vexin",21.7523423086325
"95169","Commeny",21.0878673604629
"95170","Condecourt",18.0145817814868
"95176","Cormeilles-en-Parisis",9.76045474685363
"95177","Cormeilles-en-Vexin",18.1361832648396
"95181","Courcelles-sur-Viosne",16.11654206214
"95183","Courdimanche",16.1652848642535
"95197","Deuil-la-Barre",8.27945227662855
"95199","Domont",12.3495799438364
"95203","Eaubonne",9.45979218807259
"95205","Ecouen",11.2598293666897
"95210","Enghien-les-Bains",7.15646604135659
"95211","Ennery",15.6189127883079
"95212","Epiais-les-Louvres",15.8458581334809
"95213","Epiais-Rhus",19.5511144599969
"95214","Epinay-Champlatreux",15.9798953615125
"95218","Eragny",12.1480296547574
"95219","Ermont",9.23297131015801
"95229","Ezanville",11.2267563883298
"95241","Fontenay-en-Parisis",14.9828510898035
"95250","Fosses",17.7476291055526
"95252","Franconville",9.27507114593902
"95253","Fremainville",21.1373042976525
"95254","Fremecourt",20.2380756911333
"95256","Frepillon",11.5138182300089
"95257","La Frette-sur-Seine",10.3673628811299
"95258","Frouville",22.1298066191261
"95259","Gadancourt",22.6406333552343
"95268","Garges-les-Gonesse",8.56506604617006
"95270","Genainville",26.9117151291987
"95271","Genicourt",15.5446595389549
"95277","Gonesse",10.1009139878824
"95280","Goussainville",14.9200486702635
"95282","Gouzangrez",20.9488498512565
"95287","Grisy-les-Platres",19.663211919966
"95288","Groslay",9.54780169838159
"95295","Guiry-en-Vexin",22.0595942719167
"95298","Haravilliers",23.8833426903044
"95301","Haute-Isle",29.6171149865822
"95303","Le Heaulme",25.6759514468159
"95304","Hedouville",22.3267261700874
"95306","Herblay",10.9888829659529
"95308","Herouville",16.1631210587139
"95309","Hodent",24.0485631404454
"95313","L'Isle-Adam",16.693644833847
"95316","Jagny-sous-Bois",17.2626885821784
"95323","Jouy-le-Moutier",15.5819642909918
"95328","Labbeville",20.4737948538541
"95331","Lassy",18.2752766733391
"95341","Livilliers",16.257170964879
"95348","Longuesse",19.3144059672087
"95351","Louvres",14.3913398618603
"95352","Luzarches",17.0505404350474
"95353","Maffliers",13.3810414462155
"95355","Magny-en-Vexin",23.037531303677
"95365","Mareil-en-France",15.9080139573819
"95369","Margency",10.1352088268883
"95370","Marines",21.4811343794922
"95371","Marly-la-Ville",17.8860157683702
"95379","Maudetour-en-Vexin",26.7410105288441
"95387","Menouville",20.2192024557819
"95388","Menucourt",17.1690959544914
"95392","Meriel",13.8822439259213
"95394","Mery-sur-Oise",12.5364682116516
"95395","Le Mesnil-Aubry",13.7531116533463
"95409","Moisselles",11.8607480295502
"95422","Montgeroult",16.6584938524296
"95424","Montigny-les-Cormeilles",9.47263274674975
"95426","Montlignon",10.6534959545819
"95427","Montmagny",7.83051014789311
"95428","Montmorency",10.0146027935749
"95429","Montreuil-sur-Epte",30.8741887085821
"95430","Montsoult",13.0999358374358
"95436","Mours",16.4461573883418
"95438","Moussy",22.4488789712188
"95445","Nerville-la-Foret",15.6579371907949
"95446","Nesles-la-Vallee",18.0788747648955
"95447","Neuilly-en-Vexin",24.1987450261142
"95450","Neuville-sur-Oise",14.4942265954339
"95452","Nointel",18.7186742580165
"95456","Noisy-sur-Oise",20.8895316917049
"95459","Nucourt",24.4909878934715
"95462","Omerville",27.2453649033642
"95476","Osny",15.6781000137769
"95480","Parmain",17.012742524215
"95483","Le Perchay",20.8521256301885
"95487","Persan",17.3964578878243
"95488","Pierrelaye",12.3519122508384
"95489","Piscop",10.7979577678485
"95491","Le Plessis-Bouchard",10.2185321620403
"95492","Le Plessis-Gassot",13.2783412354665
"95493","Le Plessis-Luzarches",19.0708637829816
"95500","Pontoise",12.7397143968557
"95504","Presles",16.6878013596411
"95509","Puiseux-en-France",15.9717867453958
"95510","Puiseux-Pontoise",15.1368641674695
"95523","La Roche-Guyon",31.0924084335909
"95527","Roissy-en-France",11.9027776772151
"95529","Ronquerolles",20.8885359533849
"95535","Sagy",17.5189528956369
"95539","Saint-Brice-sous-Foret",9.92097234487357
"95541","Saint-Clair-sur-Epte",28.5761935495363
"95543","Saint-Cyr-en-Arthies",26.7768083677118
"95554","Saint-Gervais",25.4826388222037
"95555","Saint-Gratien",7.21535918911854
"95563","Saint-Leu-la-Foret",10.7269119892956
"95566","Saint-Martin-du-Tertre",17.9163161936235
"95572","Saint-Ouen-l'Aumone",12.5471025187305
"95574","Saint-Prix",11.9849335822111
"95580","Saint-Witz",15.427941662821
"95582","Sannois",7.81878771802686
"95584","Santeuil",21.840052495364
"95585","Sarcelles",9.37752329316208
"95592","Seraincourt",20.0809393692832
"95594","Seugy",18.8311091054178
"95598","Soisy-sous-Montmorency",8.97931508860772
"95604","Survilliers",16.2425878158965
"95607","Taverny",11.4659265569429
"95610","Themericourt",19.7450874519114
"95611","Theuville",23.2024640324004
"95612","Le Thillay",11.5253482305332
"95625","Us",19.6955236044359
"95627","Vallangoujard",18.1866766414772
"95628","Valmondois",16.1874782612486
"95633","Vaudherland",11.1923800842567
"95637","Vaureal",15.9628076592441
"95641","Vemars",16.2511257755292
"95651","Vetheuil",27.1173551131842
"95652","Viarmes",17.7387391954499
"95656","Vienne-en-Arthies",28.1618699371907
"95658","Vigny",18.0855760707275
"95660","Villaines-sous-Bois",14.0216333835105
"95675","Villeron",16.4654023201952
"95676","Villers-en-Arthies",28.8777995049961
"95678","Villiers-Adam",13.5456587748206
"95680","Villiers-le-Bel",10.9442606894154
"95682","Villiers-le-Sec",14.5855745109487
"95690","Wy-dit-Joli-Village",23.1823236394034
