"ID","NAMES","intermediaires_AsTheCowRolls_ACC_0.005"
"75101","Paris 1er Arrondissement",0.333392209147041
"75102","Paris 2e  Arrondissement",0.270746927550186
"75103","Paris 3e  Arrondissement",0.122306265707581
"75104","Paris 4e  Arrondissement",0.196894766293905
"75105","Paris 5e  Arrondissement",0.0512017120906785
"75106","Paris 6e  Arrondissement",0.218773012573952
"75107","Paris 7e  Arrondissement",0.196669032174717
"75108","Paris 8e  Arrondissement",0.218323352496916
"75109","Paris 9e  Arrondissement",0.00243864649040868
"75110","Paris 10e  Arrondissement",0
"75111","Paris 11e  Arrondissement",0
"75112","Paris 12e  Arrondissement",0
"75113","Paris 13e  Arrondissement",0
"75114","Paris 14e  Arrondissement",0
"75115","Paris 15e  Arrondissement",0
"75116","Paris 16e  Arrondissement",0
"75117","Paris 17e  Arrondissement",0
"75118","Paris 18e  Arrondissement",0
"75119","Paris 19e  Arrondissement",0
"75120","Paris 20e  Arrondissement",0
"77001","Acheres-la-Foret",15.1016974591731
"77002","Amillis",18.1371838474111
"77003","Amponville",17.4470806006429
"77004","Andrezel",13.0801921849843
"77005","Annet-sur-Marne",7.21481021577311
"77006","Arbonne-la-Foret",11.8216742188104
"77007","Argentieres",15.2183512692108
"77008","Armentieres-en-Brie",14.4585279227286
"77009","Arville",24.3397095326683
"77010","Aubepierre-Ozouer-le-Repos",15.4146122700547
"77011","Aufferville",20.3666889572313
"77012","Augers-en-Brie",25.2649833329283
"77013","Aulnoy",15.4593663229717
"77014","Avon",9.94434741664663
"77015","Baby",28.4297196433
"77016","Bagneaux-sur-Loing",17.2531026907523
"77018","Bailly-Romainvilliers",7.14392956208023
"77019","Balloy",21.0268608869547
"77020","Bannost-Villegagnon",20.4263374314975
"77021","Barbey",18.6788527344134
"77022","Barbizon",10.7385355308755
"77023","Barcy",9.84798496905228
"77024","Bassevelle",21.6602213114809
"77025","Bazoches-les-Bray",21.8217336191801
"77026","Beauchery-Saint-Martin",30.4712917061171
"77027","Beaumont-du-Gatinais",27.8410637365301
"77028","Beautheil",17.801525768035
"77029","Beauvoir",14.5624404013827
"77030","Bellot",23.871012962056
"77031","Bernay-Vilbert",15.4736738228386
"77032","Beton-Bazoches",20.5306565851926
"77033","Bezalles",21.9792471827467
"77034","Blandy",11.0192282265558
"77035","Blennes",25.3315859093042
"77036","Boisdon",20.8065126708768
"77037","Bois-le-Roi",8.34830512834603
"77038","Boissettes",7.88917384336996
"77039","Boissise-la-Bertrand",7.86482005564141
"77040","Boissise-le-Roi",8.04469947182533
"77041","Boissy-aux-Cailles",18.65363196781
"77042","Boissy-le-Chatel",16.3338160741939
"77043","Boitron",21.8450802315965
"77044","Bombon",15.6310396040997
"77045","Bougligny",21.4263067456364
"77046","Boulancourt",22.6825472860899
"77047","Bouleurs",9.93396220827822
"77048","Bourron-Marlotte",13.6895844148548
"77049","Boutigny",10.4030898311009
"77050","Bransles",22.0163180237585
"77051","Bray-sur-Seine",24.0499855128206
"77052","Breau",14.0213087286038
"77053","Brie-Comte-Robert",6.49820378692964
"77054","La Brosse-Montceaux",17.5933560717314
"77055","Brou-sur-Chantereine",5.04891510661742
"77056","Burcy",21.418394230576
"77057","Bussieres",18.7417294004037
"77058","Bussy-Saint-Georges",3.75550307128297
"77059","Bussy-Saint-Martin",3.79957827997103
"77060","Buthiers",20.3868542802829
"77061","Cannes-Ecluse",16.0503787248435
"77062","Carnetin",6.60941615154285
"77063","La Celle-sur-Morin",13.3462895250369
"77065","Cely",10.4883617268339
"77066","Cerneux",24.3529141688562
"77067","Cesson",5.52059304434296
"77068","Cessoy-en-Montois",23.3397571571942
"77069","Chailly-en-Biere",8.60602786696641
"77070","Chailly-en-Brie",15.1192647525669
"77071","Chaintreaux",20.4502755596927
"77072","Chalautre-la-Grande",34.0051983559804
"77073","Chalautre-la-Petite",26.3711163273944
"77075","Chalifert",6.30928810406761
"77076","Chalmaison",26.2061274523454
"77077","Chambry",9.04745055359867
"77078","Chamigny",16.8170885803925
"77079","Champagne-sur-Seine",11.155667015775
"77080","Champcenest",24.2241706077428
"77081","Champdeuil",10.5369271346565
"77082","Champeaux",12.3066966991783
"77083","Champs-sur-Marne",1.47662301317488
"77084","Changis-sur-Marne",11.8167194209608
"77085","Chanteloup-en-Brie",5.40627345768616
"77086","La Chapelle-Gauthier",13.7925311666595
"77087","La Chapelle-Iger",17.0844630133116
"77088","La Chapelle-la-Reine",13.9479520642456
"77089","La Chapelle-Rablais",17.8964000660159
"77090","La Chapelle-Saint-Sulpice",22.0581758987305
"77091","Les Chapelles-Bourbon",11.6751842770881
"77093","La Chapelle-Moutils",27.8596595056146
"77094","Charmentray",9.91461643046888
"77095","Charny",10.2827838987634
"77096","Chartrettes",9.65886268259631
"77097","Chartronges",22.8385603410408
"77098","Chateaubleau",21.5013509846845
"77099","Chateau-Landon",23.8199841281041
"77100","Le Chatelet-en-Brie",10.7327438139105
"77101","Chatenay-sur-Seine",20.8927729888403
"77102","Chatenoy",19.1570052682254
"77103","Chatillon-la-Borde",12.3462806157503
"77104","Chatres",10.8973949544533
"77106","Chauffry",19.9376982599168
"77107","Chaumes-en-Brie",12.3311550163029
"77108","Chelles",0.23009099750259
"77109","Chenoise",20.9163154241557
"77110","Chenou",25.13935952542
"77111","Chessy",5.76741001449464
"77112","Chevrainvilliers",18.9702983531894
"77113","Chevru",20.2382837161329
"77114","Chevry-Cossigny",7.4888280228166
"77115","Chevry-en-Sereine",22.1835940242173
"77116","Choisy-en-Brie",20.1192419642775
"77117","Citry",21.530368027784
"77118","Claye-Souilly",5.99018687350483
"77119","Clos-Fontaine",19.3653999967494
"77120","Cocherel",16.9841814784044
"77121","Collegien",3.78325130130704
"77122","Combs-la-Ville",5.44572467356527
"77123","Compans",7.74019129437477
"77124","Conches-sur-Gondoire",5.0808906990929
"77125","Conde-Sainte-Libiaire",7.74616453943391
"77126","Congis-sur-Therouanne",14.1654442235437
"77127","Coubert",9.24151946845636
"77128","Couilly-Pont-aux-Dames",6.59360834162326
"77129","Coulombs-en-Valois",21.203612400345
"77130","Coulommes",10.4006401983539
"77131","Coulommiers",13.3870961331829
"77132","Coupvray",6.50937675166511
"77133","Courcelles-en-Bassee",20.1843940156497
"77134","Courchamp",25.4391398357751
"77135","Courpalay",15.8550690254031
"77136","Courquetaine",11.5845597463809
"77137","Courtacon",21.465949023526
"77138","Courtomer",16.1722508089481
"77139","Courtry",5.35144439834945
"77140","Coutencon",19.4304932687854
"77141","Coutevroult",7.27184987814987
"77142","Crecy-la-Chapelle",10.3289392793542
"77143","Cregy-les-Meaux",7.1707067764424
"77144","Crevecoeur-en-Brie",12.7814477154964
"77145","Crisenoy",10.1728595165322
"77146","Croissy-Beaubourg",5.21455108962241
"77147","La Croix-en-Brie",20.8512445507387
"77148","Crouy-sur-Ourcq",21.420177555125
"77149","Cucharmoy",22.7304576541426
"77150","Cuisy",11.8922305986871
"77151","Dagny",18.6226083642239
"77152","Dammarie-les-Lys",5.99821771138434
"77153","Dammartin-en-Goele",10.459674327523
"77154","Dammartin-sur-Tigeaux",12.086728492211
"77155","Dampmart",6.47875279621332
"77156","Darvault",15.0021752476754
"77157","Dhuisy",17.4699766221587
"77158","Diant",22.0338708312064
"77159","Donnemarie-Dontilly",21.0291329145129
"77161","Dormelles",17.2379858227655
"77162","Doue",18.2820571361128
"77163","Douy-la-Ramee",15.8521316573686
"77164","Echouboulains",17.2788549885832
"77165","Les Ecrennes",13.4860040621476
"77166","Ecuelles",12.1140260313151
"77167","Egligny",22.5739407943758
"77168","Egreville",20.689233044851
"77169","Emerainville",4.94549846926596
"77170","Episy",12.0347832026847
"77171","Esbly",6.75931107278593
"77172","Esmans",15.8161114056543
"77173","Etrepilly",12.3467040966187
"77174","Everly",25.8455109148301
"77175","Evry-Gregy-sur-Yerre",8.01812885030011
"77176","Faremoutiers",13.0059633644853
"77177","Favieres",10.2069065831716
"77178","Fay-les-Nemours",18.7457946852345
"77179","Fericy",12.5654561267743
"77180","Ferolles-Attilly",6.64682331299693
"77181","Ferrieres-en-Brie",5.23926630568475
"77182","La Ferte-Gaucher",22.1256617826806
"77183","La Ferte-sous-Jouarre",14.3403133295001
"77184","Flagy",18.1933398211038
"77185","Fleury-en-Biere",10.6711757233438
"77186","Fontainebleau",9.25267425821054
"77187","Fontaine-Fourches",29.3438488106599
"77188","Fontaine-le-Port",11.1367995133938
"77190","Fontains",19.6050975700525
"77191","Fontenailles",15.7941576957226
"77192","Fontenay-Tresigny",12.2500517032733
"77193","Forfry",14.3151844185963
"77194","Forges",15.4091610544305
"77195","Fouju",11.5719039244744
"77196","Fresnes-sur-Marne",8.26719465342545
"77197","Fretoy",20.5272612336458
"77198","Fromont",20.1794314807592
"77199","Fublaines",10.1857753265451
"77200","Garentreville",21.9378826252867
"77201","Gastins",18.5642766328045
"77202","La Genevraye",13.5563870650427
"77203","Germigny-l'Eveque",11.4837635870951
"77204","Germigny-sous-Coulombs",21.50510751841
"77205","Gesvres-le-Chapitre",13.1102848527997
"77206","Giremoutiers",13.0469474501273
"77207","Gironville",24.7119015506202
"77208","Gouaix",28.3466307260502
"77209","Gouvernes",4.11098275216788
"77210","La Grande-Paroisse",15.4865387301609
"77211","Grandpuits-Bailly-Carrois",16.5707818347382
"77212","Gravon",21.4688358874854
"77214","Gressy",7.0593988225721
"77215","Gretz-Armainvilliers",7.26607448292287
"77216","Grez-sur-Loing",12.9476051906548
"77217","Grisy-Suisnes",8.35122844162522
"77218","Grisy-sur-Seine",26.2099466828349
"77219","Guerard",11.880220401554
"77220","Guercheville",19.5656332124355
"77221","Guermantes",4.06323430840359
"77222","Guignes",11.0864288163355
"77223","Gurcy-le-Chatel",20.7238082519936
"77224","Hautefeuille",15.3220324089259
"77225","La Haute-Maison",12.7660834318375
"77226","Hericy",10.9391194763027
"77227","Herme",26.7842866474123
"77228","Hondevilliers",21.4742317413857
"77229","La Houssaye-en-Brie",11.8409174141612
"77230","Ichy",24.1824019226225
"77231","Isles-les-Meldeuses",12.99243002058
"77232","Isles-les-Villenoy",7.92369461335612
"77233","Iverny",10.4002260044544
"77234","Jablines",9.67025100204271
"77235","Jaignes",15.4951009958379
"77236","Jaulnes",24.3065288020904
"77237","Jossigny",5.61544366380104
"77238","Jouarre",15.0420684217588
"77239","Jouy-le-Chatel",17.5135070094579
"77240","Jouy-sur-Morin",21.882408864959
"77241","Juilly",10.7422380306991
"77242","Jutigny",24.3116714993434
"77243","Lagny-sur-Marne",3.41942230720686
"77244","Larchant",16.2788778527264
"77245","Laval-en-Brie",16.5683850812755
"77246","Lechelle",30.279438766642
"77247","Lescherolles",25.605748842412
"77248","Lesches",7.96503742117148
"77249","Lesigny",5.80293374066701
"77250","Leudon-en-Brie",22.8825076638778
"77251","Lieusaint",5.51794780947689
"77252","Limoges-Fourches",8.17310390152486
"77253","Lissy",8.6599815702494
"77254","Liverdy-en-Brie",11.4273154201767
"77255","Livry-sur-Seine",6.87999421681115
"77256","Lizines",23.2763676649104
"77257","Lizy-sur-Ourcq",14.3615752184368
"77258","Lognes",3.53879807377707
"77259","Longperrier",10.6126676415143
"77260","Longueville",24.7308110792442
"77261","Lorrez-le-Bocage-Preaux",20.2681460363664
"77262","Louan-Villegruis-Fontaine",33.6135086245107
"77263","Luisetaines",24.1336098818767
"77264","Lumigny-Nesles-Ormeaux",13.601755358431
"77265","Luzancy",17.6752995665451
"77266","Machault",12.9642948184003
"77267","La Madeleine-sur-Loing",20.2064981981632
"77268","Magny-le-Hongre",6.57507873372128
"77269","Maincy",6.41425533998325
"77270","Maisoncelles-en-Brie",12.3043010458197
"77271","Maisoncelles-en-Gatinais",23.498100323647
"77272","Maison-Rouge",21.0040745922161
"77273","Marchemoret",11.1193095980286
"77274","Marcilly",11.6355348345557
"77275","Les Marets",25.4333330021717
"77276","Mareuil-les-Meaux",8.21655720979661
"77277","Marles-en-Brie",12.5206102411906
"77278","Marolles-en-Brie",18.1135809967696
"77279","Marolles-sur-Seine",17.0209363120012
"77280","Mary-sur-Marne",14.6612879546496
"77281","Mauperthuis",15.1018953519127
"77282","Mauregard",10.0662241575566
"77283","May-en-Multien",16.5694898279756
"77284","Meaux",5.24675900929542
"77285","Le Mee-sur-Seine",4.47417993298996
"77286","Meigneux",21.9710430358919
"77287","Meilleray",30.8680487544369
"77288","Melun",2.58761437801705
"77289","Melz-sur-Seine",29.9179442446247
"77290","Mery-sur-Marne",18.714094925314
"77291","Le Mesnil-Amelot",9.82926150327119
"77292","Messy",7.23088039721218
"77293","Misy-sur-Yonne",20.226081220961
"77294","Mitry-Mory",6.02325296541304
"77295","Moisenay",9.54225264460447
"77296","Moissy-Cramayel",6.36987354159468
"77297","Mondreville",27.2095313737678
"77298","Mons-en-Montois",23.2908100303457
"77299","Montarlot",13.2094092648473
"77300","Montceaux-les-Meaux",10.2949238236429
"77301","Montceaux-les-Provins",26.6431109229047
"77302","Montcourt-Fromonville",14.0882364292162
"77303","Montdauphin",30.8028795879109
"77304","Montenils",33.118276458057
"77305","Montereau-Fault-Yonne",13.8834385690012
"77306","Montereau-sur-le-Jard",7.86434059319573
"77307","Montevrain",5.52304443426503
"77308","Montge-en-Goele",11.6836027858587
"77309","Monthyon",10.1090943354973
"77310","Montigny-le-Guesdier",25.9961085006979
"77311","Montigny-Lencoup",17.9168190576573
"77312","Montigny-sur-Loing",13.0802580644571
"77313","Montmachoux",19.7121120401044
"77314","Montolivet",30.8612923929387
"77315","Montry",6.54029813801305
"77316","Moret-sur-Loing",11.4478051511653
"77317","Mormant",14.8587019741845
"77318","Mortcerf",12.0135942327347
"77319","Mortery",23.9253676934535
"77320","Mouroux",13.2623579615003
"77321","Mousseaux-les-Bray",23.4527869747932
"77322","Moussy-le-Neuf",10.8889746842203
"77323","Moussy-le-Vieux",11.4445214086319
"77325","Mouy-sur-Seine",23.1739669039854
"77326","Nandy",5.44893209142493
"77327","Nangis",17.0378424008074
"77328","Nanteau-sur-Essonne",20.17529371447
"77329","Nanteau-sur-Lunain",18.0983972985214
"77330","Nanteuil-les-Meaux",8.40466203926801
"77331","Nanteuil-sur-Marne",20.4845519076125
"77332","Nantouillet",10.5911699612786
"77333","Nemours",14.1192401531645
"77335","Chauconin-Neufmontiers",8.50108527360861
"77336","Neufmoutiers-en-Brie",11.4784236943391
"77337","Noisiel",2.1702606184764
"77338","Noisy-Rudignon",15.9881519179867
"77339","Noisy-sur-Ecole",15.6876209519911
"77340","Nonville",15.887862203815
"77341","Noyen-sur-Seine",26.5443953965817
"77342","Obsonville",22.9029844643177
"77343","Ocquerre",17.1967621130998
"77344","Oissery",14.3295658573154
"77345","Orly-sur-Morin",21.4706034320953
"77347","Les Ormes-sur-Voulzie",24.2428817415556
"77348","Ormesson",16.9040061223635
"77349","Othis",12.37036989537
"77350","Ozoir-la-Ferriere",5.85047823363651
"77352","Ozouer-le-Voulgis",11.5641817671378
"77353","Paley",20.0252174175769
"77354","Pamfou",13.33747453357
"77355","Paroy",23.1283035294173
"77356","Passy-sur-Seine",28.8993287674428
"77357","Pecy",18.4395576198527
"77358","Penchard",8.53722582995323
"77359","Perthes",8.80114235806134
"77360","Pezarches",14.4048689613661
"77361","Pierre-Levee",11.7167930923712
"77363","Le Pin",5.49662056756938
"77364","Le Plessis-aux-Bois",11.2296975334892
"77365","Le Plessis-Feu-Aussoux",16.3366258142984
"77366","Le Plessis-l'Eveque",10.7383243384522
"77367","Le Plessis-Placy",15.3622079667195
"77368","Poigny",25.3412034356512
"77369","Poincy",8.50365649777244
"77370","Poligny",19.5035757897648
"77371","Pommeuse",12.6677794068898
"77372","Pomponne",5.0037804182778
"77373","Pontault-Combault",4.65643891712249
"77374","Pontcarre",5.69457589608475
"77376","Precy-sur-Marne",10.3947176463227
"77377","Presles-en-Brie",10.3114318766647
"77378","Pringy",9.23993895164555
"77379","Provins",24.308068265594
"77380","Puisieux",15.1906604751888
"77381","Quiers",17.3618066147023
"77382","Quincy-Voisins",7.57147997734382
"77383","Rampillon",20.3646237322648
"77384","Reau",6.57515437989739
"77385","Rebais",18.4120832715735
"77386","Recloses",14.4803899634109
"77387","Remauville",20.4148313972035
"77388","Reuil-en-Brie",15.3437601126536
"77389","La Rochette",6.64414370325852
"77390","Roissy-en-Brie",5.37275107005634
"77391","Rouilly",26.5399505238623
"77392","Rouvres",10.9084217320461
"77393","Rozay-en-Brie",13.928500119503
"77394","Rubelles",6.13301448108942
"77395","Rumont",20.4866327230972
"77396","Rupereux",27.6313098986508
"77397","Saacy-sur-Marne",19.6300268587062
"77398","Sablonnieres",22.0894679801416
"77399","Saint-Ange-le-Viel",20.0056217392329
"77400","Saint-Augustin",15.4208418422658
"77401","Sainte-Aulde",17.5104431353439
"77402","Saint-Barthelemy",26.5591751582072
"77403","Saint-Brice",26.113248584126
"77404","Sainte-Colombe",24.6211895246334
"77405","Saint-Cyr-sur-Morin",18.5331060737084
"77406","Saint-Denis-les-Rebais",18.1633971058684
"77407","Saint-Fargeau-Ponthierry",7.37552360405848
"77408","Saint-Fiacre",10.8537675804551
"77409","Saint-Germain-Laval",15.5871941741742
"77410","Saint-Germain-Laxis",8.05402987654889
"77411","Saint-Germain-sous-Doue",18.6570442356904
"77412","Saint-Germain-sur-Ecole",11.0294205529384
"77413","Saint-Germain-sur-Morin",6.96812376790032
"77414","Saint-Hilliers",25.0210070450316
"77415","Saint-Jean-les-Deux-Jumeaux",10.5156094927905
"77416","Saint-Just-en-Brie",22.6240749480622
"77417","Saint-Leger",22.0701272576607
"77418","Saint-Loup-de-Naud",24.6112872319072
"77419","Saint-Mammes",10.9360079112838
"77420","Saint-Mard",10.2332540857475
"77421","Saint-Mars-Vieux-Maisons",24.4378194593716
"77423","Saint-Martin-des-Champs",24.9385566930122
"77424","Saint-Martin-du-Boschet",28.6326407797023
"77425","Saint-Martin-en-Biere",11.5573000604669
"77426","Saint-Mery",13.6417518354161
"77427","Saint-Mesmes",10.2107583892305
"77428","Saint-Ouen-en-Brie",15.4786530620435
"77429","Saint-Ouen-sur-Morin",18.9504936268733
"77430","Saint-Pathus",13.3801731276806
"77431","Saint-Pierre-les-Nemours",14.9230599110202
"77432","Saint-Remy-la-Vanne",19.5787772277156
"77433","Saints",15.7797921893565
"77434","Saint-Sauveur-les-Bray",25.1413982860472
"77435","Saint-Sauveur-sur-Ecole",10.1602205301834
"77436","Saint-Simeon",18.3447787335776
"77437","Saint-Soupplets",10.6422332493839
"77438","Saint-Thibault-des-Vignes",3.69437101323029
"77439","Salins",16.890679871224
"77440","Sammeron",11.3760260977155
"77441","Samois-sur-Seine",11.3692279757756
"77442","Samoreau",10.0834507147475
"77443","Sancy",11.4938357796526
"77444","Sancy-les-Provins",25.6923220882519
"77445","Savigny-le-Temple",5.3538067709568
"77446","Savins",23.9040363143685
"77447","Seine-Port",7.11026578839506
"77448","Sept-Sorts",13.2539139739972
"77449","Serris",6.5955113096555
"77450","Servon",5.82036306965563
"77451","Signy-Signets",14.0770655538481
"77452","Sigy",22.7996947402438
"77453","Sivry-Courtry",8.74662437808335
"77454","Sognolles-en-Montois",23.7938896494051
"77455","Soignolles-en-Brie",10.1046674399606
"77456","Soisy-Bouy",27.8643040124761
"77457","Solers",10.3553262162376
"77458","Souppes-sur-Loing",19.3450776744114
"77459","Sourdun",25.6640062555692
"77460","Tancrou",15.8954146358252
"77461","Thenisy",22.8927901579183
"77462","Thieux",10.0286536845786
"77463","Thomery",10.8441877583457
"77464","Thorigny-sur-Marne",5.65662219530406
"77465","Thoury-Ferottes",19.1815921400199
"77466","Tigeaux",11.181969936923
"77467","La Tombe",18.4740397041659
"77468","Torcy",2.39996537263301
"77469","Touquin",15.0918098549561
"77470","Tournan-en-Brie",9.12183486600058
"77471","Tousson",16.5059931229356
"77472","La Tretoire",21.3403719159135
"77473","Treuzy-Levelay",17.0771773235916
"77474","Trilbardou",8.15426799280503
"77475","Trilport",8.03271402638424
"77476","Trocy-en-Multien",13.6713941680186
"77477","Ury",12.0220155494018
"77478","Ussy-sur-Marne",12.0380247227628
"77479","Vaires-sur-Marne",5.07762184672926
"77480","Valence-en-Brie",13.7946769635829
"77481","Vanville",20.526267295589
"77482","Varennes-sur-Seine",12.9425196843556
"77483","Varreddes",8.99766269656509
"77484","Vaucourtois",11.2713614961995
"77485","Le Vaudoue",15.9535329100844
"77486","Vaudoy-en-Brie",16.0586297845973
"77487","Vaux-le-Penil",5.97856792936936
"77489","Vaux-sur-Lunain",23.0946084876813
"77490","Vendrest",20.2428594728285
"77491","Veneux-les-Sablons",11.3662036586533
"77492","Verdelot",25.6059887051565
"77493","Verneuil-l'Etang",12.9024877680794
"77494","Vernou-la-Celle-sur-Seine",13.2466019475377
"77495","Vert-Saint-Denis",4.98414785245101
"77496","Vieux-Champagne",22.9977746545195
"77498","Vignely",8.5415082164461
"77500","Villebeon",23.2256177536044
"77501","Villecerf",13.3096577550385
"77504","Villemarechal",18.5614124214292
"77505","Villemareuil",10.9257853731334
"77506","Villemer",14.4248972167871
"77507","Villenauxe-la-Petite",25.8689395295366
"77508","Villeneuve-le-Comte",7.96500654587567
"77509","Villeneuve-les-Bordes",19.209724329526
"77510","Villeneuve-Saint-Denis",7.47015515873203
"77511","Villeneuve-sous-Dammartin",10.6151465329374
"77512","Villeneuve-sur-Bellot",25.7147491348702
"77513","Villenoy",7.53905265134928
"77514","Villeparisis",5.21465206089344
"77515","Villeroy",10.0833235160976
"77516","Ville-Saint-Jacques",14.029919818425
"77517","Villevaude",6.05579030177649
"77518","Villiers-en-Biere",8.68541674113897
"77519","Villiers-Saint-Georges",28.2667671453211
"77520","Villiers-sous-Grez",14.7105125425255
"77521","Villiers-sur-Morin",8.15997974715003
"77522","Villiers-sur-Seine",27.4177190383707
"77523","Villuis",27.6551438192917
"77524","Vimpelles",23.6343634923406
"77525","Vinantes",12.2303716435938
"77526","Vincy-Manoeuvre",18.6943681033325
"77527","Voinsles",16.1448241227801
"77528","Voisenon",6.56769831998461
"77529","Voulangis",10.3409071301108
"77530","Voulton",28.44997604476
"77531","Voulx",20.5338328838957
"77532","Vulaines-les-Provins",22.571333933048
"77533","Vulaines-sur-Seine",10.344233943744
"77534","Yebles",11.3017802887291
"78003","Ablis",14.6043895126091
"78005","Acheres",5.57406185571938
"78006","Adainville",19.24549583831
"78007","Aigremont",5.95952570661574
"78009","Allainville",15.5627506915112
"78010","Les Alluets-le-Roi",10.0607127227387
"78013","Andelu",11.637394690157
"78015","Andresy",5.20858584685021
"78020","Arnouville-les-Mantes",11.6601002766758
"78029","Aubergenville",6.33493148736946
"78030","Auffargis",9.19445669119441
"78031","Auffreville-Brasseuil",6.92524082928278
"78033","Aulnay-sur-Mauldre",8.65203481663294
"78034","Auteuil",11.4090050212461
"78036","Autouillet",12.6061819437092
"78043","Bailly",5.40788204537303
"78048","Bazainville",13.2018073783622
"78049","Bazemont",10.1900337389903
"78050","Bazoches-sur-Guyonne",9.10297485847304
"78053","Behoust",14.3388252084814
"78057","Bennecourt",12.1183104250327
"78062","Beynes",9.4285511428588
"78068","Blaru",16.319432487246
"78070","Boinville-en-Mantois",10.690782688591
"78071","Boinville-le-Gaillard",15.8605856009638
"78072","Boinvilliers",11.5444463851911
"78073","Bois-d'Arcy",5.04056283364736
"78076","Boissets",18.3280084786607
"78077","La Boissiere-Ecole",21.0377825759423
"78082","Boissy-Mauvoisin",13.0777792240209
"78084","Boissy-sans-Avoir",11.2183940307042
"78087","Bonnelles",10.4809192404545
"78089","Bonnieres-sur-Seine",12.7670730422311
"78090","Bouafle",6.46847263038628
"78092","Bougival",3.94286485186463
"78096","Bourdonne",15.8864285264871
"78104","Breuil-Bois-Robert",8.1218284873808
"78107","Breval",15.6985251721602
"78108","Les Breviaires",11.7911137564161
"78113","Brueil-en-Vexin",9.02904342679034
"78117","Buc",5.51970698863879
"78118","Buchelay",6.75395479906644
"78120","Bullion",11.2190394002663
"78123","Carrieres-sous-Poissy",3.74073477958688
"78124","Carrieres-sur-Seine",1.97624517796338
"78125","La Celle-les-Bordes",12.0688398591567
"78126","La Celle-Saint-Cloud",4.52585359400402
"78128","Cernay-la-Ville",10.586685247732
"78133","Chambourcy",5.83471995004367
"78138","Chanteloup-les-Vignes",5.05795671636896
"78140","Chapet",7.30522527357564
"78143","Chateaufort",6.17186599619556
"78146","Chatou",1.74721488270738
"78147","Chaufour-les-Bonnieres",12.9230181745407
"78152","Chavenay",6.82938891133883
"78158","Le Chesnay",2.37639823209244
"78160","Chevreuse",9.70859805099546
"78162","Choisel",10.4403002122128
"78163","Civry-la-Foret",16.0253315193183
"78164","Clairefontaine-en-Yvelines",11.1622172934301
"78165","Les Clayes-sous-Bois",5.61905418433482
"78168","Coignieres",6.43000023542138
"78171","Conde-sur-Vesgre",16.7631067340704
"78172","Conflans-Sainte-Honorine",3.55568068663522
"78185","Courgent",11.9951685284359
"78188","Cravent",15.9496016547528
"78189","Crespieres",9.3230909742832
"78190","Croissy-sur-Seine",4.24930836025087
"78192","Dammartin-en-Serve",14.3058499651987
"78193","Dampierre-en-Yvelines",9.57081382635307
"78194","Dannemarie",16.7291258476078
"78196","Davron",8.99637949055308
"78202","Drocourt",9.79262223101522
"78206","Ecquevilly",7.09169648242806
"78208","Elancourt",4.75305548881727
"78209","Emance",19.1322957091301
"78217","Epone",6.34359761341677
"78220","Les Essarts-le-Roi",7.59916621922652
"78224","L'Etang-la-Ville",5.34144059306184
"78227","Evecquemont",6.05253896664327
"78230","La Falaise",7.17837278010798
"78231","Favrieux",9.05824372114254
"78233","Feucherolles",7.06351623982153
"78234","Flacourt",12.0396716155878
"78236","Flexanville",14.994103777824
"78237","Flins-Neuve-Eglise",15.9644525025653
"78238","Flins-sur-Seine",6.05684703650237
"78239","Follainville-Dennemont",9.69331578984184
"78242","Fontenay-le-Fleury",4.92913656567417
"78245","Fontenay-Mauvoisin",9.09040695252067
"78246","Fontenay-Saint-Pere",9.08700641346209
"78251","Fourqueux",5.51392787370354
"78255","Freneuse",12.8253268529619
"78261","Gaillon-sur-Montcient",6.8508157213783
"78262","Galluis",10.2753863123238
"78263","Gambais",15.0307707568292
"78264","Gambaiseuil",15.3559530044122
"78265","Garancieres",12.4888940101379
"78267","Gargenville",6.68693176092952
"78269","Gazeran",14.1234999362734
"78276","Gommecourt",17.232699594932
"78278","Goupillieres",13.3573903418289
"78281","Goussonville",11.5618015418199
"78283","Grandchamp",21.1677468022468
"78285","Gressey",17.2279455125212
"78289","Grosrouvre",13.7522175155603
"78290","Guernes",13.7391219433961
"78291","Guerville",9.78558892415296
"78296","Guitrancourt",8.23478088633785
"78297","Guyancourt",4.76319869986256
"78299","Hardricourt",5.81641109988659
"78300","Hargeville",12.6747361604465
"78302","La Hauteville",21.5198046186776
"78305","Herbeville",10.8158823188892
"78307","Hermeray",20.1203301008332
"78310","Houdan",15.3336625149698
"78311","Houilles",1.05754778779092
"78314","Issou",6.2966417697943
"78317","Jambville",11.1015361955729
"78320","Jeufosse",11.1173143613618
"78321","Jouars-Pontchartrain",6.68425292758345
"78322","Jouy-en-Josas",5.39797420534903
"78324","Jouy-Mauvoisin",8.24913134752046
"78325","Jumeauville",11.9837266301823
"78327","Juziers",6.96391864622595
"78329","Lainville-en-Vexin",11.3767260840241
"78334","Levis-Saint-Nom",10.0324670168837
"78335","Limay",4.72262083477804
"78337","Limetz-Villez",15.7084888888511
"78343","Les Loges-en-Josas",5.88304715804577
"78344","Lommoye",17.2158713446014
"78346","Longnes",12.5259409738377
"78349","Longvilliers",10.5485679408618
"78350","Louveciennes",5.06647631819624
"78354","Magnanville",5.61232161035074
"78356","Magny-les-Hameaux",7.1456053142111
"78358","Maisons-Laffitte",4.35752443956758
"78361","Mantes-la-Jolie",3.03900360191837
"78362","Mantes-la-Ville",4.28170404236639
"78364","Marcq",11.3940799559803
"78366","Mareil-le-Guyon",9.12077672512989
"78367","Mareil-Marly",5.25943423597825
"78368","Mareil-sur-Mauldre",10.0177546326818
"78372","Marly-le-Roi",4.4373043434434
"78380","Maule",9.46542241662239
"78381","Maulette",14.3746124520975
"78382","Maurecourt",5.20196635504426
"78383","Maurepas",4.10760173579719
"78384","Medan",6.22489514378696
"78385","Menerville",11.3576923559506
"78389","Mere",10.6525913159048
"78391","Mericourt",12.8135210782873
"78396","Le Mesnil-le-Roi",5.08356939477002
"78397","Le Mesnil-Saint-Denis",6.75788826675139
"78398","Les Mesnuls",10.128956864561
"78401","Meulan-en-Yvelines",5.47918525263938
"78402","Mezieres-sur-Seine",6.62363993207582
"78403","Mezy-sur-Seine",7.00067750007961
"78404","Millemont",12.0035844267478
"78406","Milon-la-Chapelle",7.83832718482762
"78407","Mittainville",20.8973690179525
"78410","Moisson",17.7000030521682
"78413","Mondreville",15.0992504317991
"78415","Montainville",11.1595293178188
"78416","Montalet-le-Bois",10.6961186260502
"78417","Montchauvet",14.0615014743466
"78418","Montesson",2.28509986994184
"78420","Montfort-l'Amaury",10.6181069919256
"78423","Montigny-le-Bretonneux",2.24258887200552
"78431","Morainvilliers",7.69518421016133
"78437","Mousseaux-sur-Seine",15.5843941700391
"78439","Mulcent",13.267049268215
"78440","Les Mureaux",5.20050501597517
"78442","Neauphle-le-Chateau",7.01771265182388
"78443","Neauphle-le-Vieux",8.58705900524882
"78444","Neauphlette",17.5291021820515
"78451","Nezel",6.68720462348227
"78455","Noisy-le-Roi",5.65246100492469
"78460","Oinville-sur-Montcient",8.69963767700116
"78464","Orcemont",15.1583825237993
"78465","Orgerus",15.5797933007771
"78466","Orgeval",7.04362605604009
"78470","Orphin",15.3552727573217
"78472","Orsonville",15.9810689958073
"78474","Orvilliers",13.9164434167091
"78475","Osmoy",15.022410635854
"78478","Paray-Douaville",15.6136990318896
"78481","Le Pecq",2.94072138503184
"78484","Perdreauville",9.49093970410851
"78486","Le Perray-en-Yvelines",8.21128218219522
"78490","Plaisir",5.6870390407445
"78497","Poigny-la-Foret",14.8619911561761
"78498","Poissy",2.74823909987409
"78499","Ponthevrard",14.1653572319739
"78501","Porcheville",6.92668783120573
"78502","Le Port-Marly",3.33803881663259
"78503","Port-Villez",14.4725625885185
"78505","Prunay-le-Temple",15.4343801401981
"78506","Prunay-en-Yvelines",16.4685526756037
"78513","La Queue-les-Yvelines",11.1446125531558
"78516","Raizeux",20.5436586969656
"78517","Rambouillet",10.2276349072537
"78518","Rennemoulin",6.05385434489256
"78520","Richebourg",15.1733397365867
"78522","Rochefort-en-Yvelines",10.8751014866397
"78524","Rocquencourt",5.59150950432472
"78528","Rolleboise",10.3298744189984
"78530","Rosay",10.1322487689076
"78531","Rosny-sur-Seine",8.38996981189706
"78536","Sailly",9.36470307292688
"78537","Saint-Arnoult-en-Yvelines",11.9486208319469
"78545","Saint-Cyr-l'Ecole",2.55003247052129
"78548","Saint-Forget",9.7636351966009
"78550","Saint-Germain-de-la-Grange",7.43267591053336
"78551","Saint-Germain-en-Laye",1.72971227379383
"78557","Saint-Hilarion",16.3377745420343
"78558","Saint-Illiers-la-Ville",16.7157415082151
"78559","Saint-Illiers-le-Bois",18.9073959717481
"78561","Saint-Lambert",7.06965455653383
"78562","Saint-Leger-en-Yvelines",13.7217520608411
"78564","Saint-Martin-de-Brethencourt",15.8119483095219
"78565","Saint-Martin-des-Champs",14.1915652675267
"78567","Saint-Martin-la-Garenne",10.2313339895354
"78569","Sainte-Mesme",14.065953524455
"78571","Saint-Nom-la-Breteche",6.79311954614421
"78575","Saint-Remy-les-Chevreuse",7.50555268282149
"78576","Saint-Remy-l'Honore",8.73578045842912
"78586","Sartrouville",0.57075031917504
"78588","Saulx-Marchais",11.3696528323035
"78590","Senlisse",10.3659161443043
"78591","Septeuil",11.7376837196695
"78597","Soindres",7.84316798921479
"78601","Sonchamp",12.3752482100403
"78605","Tacoignieres",15.6987710434727
"78606","Le Tartre-Gaudran",21.4921032319617
"78608","Le Tertre-Saint-Denis",12.625422263255
"78609","Tessancourt-sur-Aubette",6.93928944956789
"78615","Thiverval-Grignon",8.89109709401124
"78616","Thoiry",11.5837100171492
"78618","Tilly",16.7782161194657
"78620","Toussus-le-Noble",6.20003610555505
"78621","Trappes",3.18961448161757
"78623","Le Tremblay-sur-Mauldre",8.01919364270954
"78624","Triel-sur-Seine",4.68656129552121
"78638","Vaux-sur-Seine",5.59634482988227
"78640","Velizy-Villacoublay",5.05379827187416
"78642","Verneuil-sur-Seine",5.59355768928007
"78643","Vernouillet",5.5786057817867
"78644","La Verriere",5.49952207558869
"78646","Versailles",0
"78647","Vert",7.77183324655093
"78650","Le Vesinet",2.42622915751688
"78653","Vicq",10.5283846934327
"78655","Vieille-Eglise-en-Yvelines",10.9507197278492
"78668","La Villeneuve-en-Chevrie",13.4526176507338
"78672","Villennes-sur-Seine",5.88465747369881
"78674","Villepreux",5.75205301806761
"78677","Villette",9.2869287677161
"78681","Villiers-le-Mahieu",13.3002080077068
"78683","Villiers-Saint-Frederic",7.01056233314549
"78686","Viroflay",2.66901445485028
"78688","Voisins-le-Bretonneux",5.03034835205342
"91001","Abbeville-la-Riviere",16.7670578774778
"91016","Angerville",19.2894834278662
"91017","Angervilliers",10.1185380873412
"91021","Arpajon",5.56740959976112
"91022","Arrancourt",17.2725292538539
"91027","Athis-Mons",2.11186792855471
"91035","Authon-la-Plaine",14.9657821669416
"91037","Auvernaux",7.16385665078054
"91038","Auvers-Saint-Georges",10.5324405782268
"91041","Avrainville",6.72789224279895
"91044","Ballainvilliers",5.09637578316986
"91045","Ballancourt-sur-Essonne",8.29270910330622
"91047","Baulne",9.70819534251666
"91064","Bievres",5.3225622599765
"91067","Blandy",22.5779756063659
"91069","Boigneville",19.6282296979352
"91075","Bois-Herpin",16.6373922779676
"91079","Boissy-la-Riviere",15.2928285821041
"91080","Boissy-le-Cutte",10.3885035609797
"91081","Boissy-le-Sec",12.7227822799423
"91085","Boissy-sous-Saint-Yon",7.44535811449587
"91086","Bondoufle",5.76432871565711
"91093","Boullay-les-Troux",10.0947134088154
"91095","Bouray-sur-Juine",9.01409098587275
"91097","Boussy-Saint-Antoine",5.01478133380745
"91098","Boutervilliers",13.6678251226547
"91099","Boutigny-sur-Essonne",12.0976841290029
"91100","Bouville",12.2122797225954
"91103","Bretigny-sur-Orge",5.06192255007792
"91105","Breuillet",7.83054393327966
"91106","Breux-Jouy",8.85333147113715
"91109","Brieres-les-Scelles",11.4925671267121
"91111","Briis-sous-Forges",8.35213489882894
"91112","Brouy",21.6606713048318
"91114","Brunoy",3.44894077760968
"91115","Bruyeres-le-Chatel",7.57345262025304
"91121","Buno-Bonnevaux",17.2090943481022
"91122","Bures-sur-Yvette",5.60893129964708
"91129","Cerny",11.1260005319171
"91130","Chalo-Saint-Mars",16.8413964028973
"91131","Chalou-Moulineux",18.4214947261992
"91132","Chamarande",9.72799099812438
"91135","Champcueil",11.1516067220446
"91136","Champlan",3.95840703727952
"91137","Champmotteux",19.0455033307866
"91145","Chatignonville",15.5030962413721
"91148","Chauffour-les-Etrechy",10.2306012751981
"91156","Cheptainville",7.85038825140085
"91159","Chevannes",8.67707020455698
"91161","Chilly-Mazarin",2.21691346052225
"91174","Corbeil-Essonnes",2.28315625573684
"91175","Corbreuse",14.8189999836782
"91179","Le Coudray-Montceaux",5.64204411567454
"91180","Courances",10.6065911243239
"91182","Courcouronnes",3.14854805362977
"91184","Courdimanche-sur-Essonne",13.6131329499553
"91186","Courson-Monteloup",9.41542030415117
"91191","Crosne",2.60127491051451
"91195","Dannemois",10.7596023667167
"91198","D'Huison-Longueville",11.452028335723
"91200","Dourdan",11.3720419404548
"91201","Draveil",4.02164834998618
"91204","Echarcon",6.82546528101001
"91207","Egly",6.46847920523487
"91215","Epinay-sous-Senart",5.05272969772879
"91216","Epinay-sur-Orge",2.92177239877125
"91222","Estouches",22.1078806107979
"91223","Etampes",11.1780106483934
"91225","Etiolles",5.49084543942223
"91226","Etrechy",9.3738631532824
"91228","Evry",1.44581495044202
"91232","La Ferte-Alais",10.1087331168938
"91235","Fleury-Merogis",5.19499740253721
"91240","Fontaine-la-Riviere",15.6966349189222
"91243","Fontenay-les-Briis",7.62900447585692
"91244","Fontenay-le-Vicomte",7.46704058673293
"91247","La Foret-le-Roi",12.9768579160785
"91248","La Foret-Sainte-Croix",15.2511203454958
"91249","Forges-les-Bains",10.4001328250782
"91272","Gif-sur-Yvette",6.7253188626822
"91273","Gironville-sur-Essonne",16.1278622095749
"91274","Gometz-la-Ville",6.8082582273784
"91275","Gometz-le-Chatel",7.01642599720585
"91284","Les Granges-le-Roi",12.3922854008796
"91286","Grigny",4.32514774648894
"91292","Guibeville",6.75547107538181
"91293","Guigneville-sur-Essonne",10.7107013308326
"91294","Guillerval",17.2128523909343
"91312","Igny",5.10742463865092
"91315","Itteville",9.43063860514078
"91318","Janville-sur-Juine",10.2481609443903
"91319","Janvry",8.32721137286028
"91326","Juvisy-sur-Orge",2.14894448919608
"91330","Lardy",9.99310715206638
"91332","Leudeville",7.6553703080908
"91333","Leuville-sur-Orge",5.61122252038902
"91338","Limours",9.89595664933575
"91339","Linas",6.82485643181543
"91340","Lisses",5.44717567180264
"91345","Longjumeau",5.00091870250233
"91347","Longpont-sur-Orge",4.86712568487267
"91359","Maisse",14.8175166317891
"91363","Marcoussis",6.05604768341041
"91374","Marolles-en-Beauce",16.0660851866078
"91376","Marolles-en-Hurepoix",7.11209622696133
"91377","Massy",0.877861255749833
"91378","Mauchamps",8.79870929230584
"91386","Mennecy",6.37960143247352
"91390","Mereville",20.6224235861136
"91393","Merobert",17.3292688958008
"91399","Mespuits",17.5016341009407
"91405","Milly-la-Foret",12.1295498416395
"91408","Moigny-sur-Ecole",12.4557995825648
"91411","Les Molieres",8.96910958025625
"91412","Mondeville",11.50890934605
"91414","Monnerville",16.9485242476202
"91421","Montgeron",1.96578321307386
"91425","Montlhery",4.93930105136279
"91432","Morangis",3.1753474179348
"91433","Morigny-Champigny",10.9999447867888
"91434","Morsang-sur-Orge",1.57395562802935
"91435","Morsang-sur-Seine",7.67033469255402
"91441","Nainville-les-Roches",10.0672995293562
"91457","La Norville",6.04578016466576
"91458","Nozay",5.92683554819611
"91461","Ollainville",6.25668253134054
"91463","Oncy-sur-Ecole",14.5948982330561
"91468","Ormoy",6.26982597201719
"91469","Ormoy-la-Riviere",14.1293101078681
"91471","Orsay",5.35010825341313
"91473","Orveau",12.4405584602223
"91477","Palaiseau",5.23446178115552
"91479","Paray-Vieille-Poste",3.56567695367594
"91482","Pecqueuse",10.1866986901363
"91494","Le Plessis-Pate",5.44700073743317
"91495","Plessis-Saint-Benoist",15.7146999034157
"91507","Prunay-sur-Essonne",17.3242666754388
"91508","Puiselet-le-Marais",15.3258659899451
"91511","Pussay",18.1931036074826
"91514","Quincy-sous-Senart",5.13090123466026
"91519","Richarville",15.75296898747
"91521","Ris-Orangis",4.0188161396568
"91525","Roinville",11.5629494789234
"91526","Roinvilliers",18.2657288343747
"91533","Saclas",16.8495011114616
"91534","Saclay",5.66997304745859
"91538","Saint-Aubin",6.34624465006083
"91540","Saint-Cheron",10.1468711680256
"91544","Saint-Cyr-la-Riviere",16.1470961108554
"91546","Saint-Cyr-sous-Dourdan",10.6025786181566
"91547","Saint-Escobille",15.9268094898949
"91549","Sainte-Genevieve-des-Bois",1.85656922543948
"91552","Saint-Germain-les-Arpajon",5.93701722696876
"91553","Saint-Germain-les-Corbeil",3.94731586991293
"91556","Saint-Hilaire",15.1887907230003
"91560","Saint-Jean-de-Beauregard",7.10901810146924
"91568","Saint-Maurice-Montcouronne",9.83632522521734
"91570","Saint-Michel-sur-Orge",3.3548609194039
"91573","Saint-Pierre-du-Perray",4.63578481366065
"91577","Saintry-sur-Seine",5.53319644381079
"91578","Saint-Sulpice-de-Favieres",9.84382405369125
"91579","Saint-Vrain",8.12755290382006
"91581","Saint-Yon",7.47050298118125
"91587","Saulx-les-Chartreux",5.22984746830043
"91589","Savigny-sur-Orge",0.937860637775324
"91593","Sermaise",12.5250616481556
"91599","Soisy-sur-Ecole",10.4840802200085
"91600","Soisy-sur-Seine",5.28996946456624
"91602","Souzy-la-Briche",10.2024467688635
"91613","Congerville-Thionville",19.0052155250728
"91617","Tigery",5.18962954487715
"91619","Torfou",9.71265168564529
"91629","Valpuiseaux",15.4651713621786
"91630","Le Val-Saint-Germain",10.4825655711602
"91631","Varennes-Jarcy",5.80396973416451
"91634","Vaugrigneuse",9.70217607231188
"91635","Vauhallan",5.45310243399191
"91639","Vayres-sur-Essonne",12.3253873841241
"91645","Verrieres-le-Buisson",2.38146253552105
"91648","Vert-le-Grand",7.23957872852092
"91649","Vert-le-Petit",8.15615459546886
"91654","Videlles",10.9969874757516
"91657","Vigneux-sur-Seine",2.74415176122522
"91659","Villabe",6.06472178921296
"91661","Villebon-sur-Yvette",5.54321187002842
"91662","Villeconin",10.3415387811569
"91665","La Ville-du-Bois",5.33386803720175
"91666","Villejust",5.61626750052822
"91667","Villemoisson-sur-Orge",2.55577549633876
"91671","Villeneuve-sur-Auvers",10.979839399631
"91679","Villiers-le-Bacle",6.16134506260648
"91685","Villiers-sur-Orge",5.26679846115175
"91687","Viry-Chatillon",2.36878747583752
"91689","Wissous",4.40376936800073
"91691","Yerres",1.78415858451838
"91692","Les Ulis",5.7218977994594
"92002","Antony",0
"92004","Asnieres-sur-Seine",0
"92007","Bagneux",0.341684714618681
"92009","Bois-Colombes",0.472607337610699
"92012","Boulogne-Billancourt",0
"92014","Bourg-la-Reine",0.950139547117633
"92019","Chatenay-Malabry",0.96158405037457
"92020","Chatillon",0.259359934293395
"92022","Chaville",1.97217327312546
"92023","Clamart",0.115652387314758
"92024","Clichy",0
"92025","Colombes",0
"92026","Courbevoie",0
"92032","Fontenay-aux-Roses",0.664902489811779
"92033","Garches",2.7883469824464
"92035","La Garenne-Colombes",0.330879502227699
"92036","Gennevilliers",0.309331391836909
"92040","Issy-les-Moulineaux",0
"92044","Levallois-Perret",0
"92046","Malakoff",0.240030657005709
"92047","Marnes-la-Coquette",2.74654296198121
"92048","Meudon",0.493794558335545
"92049","Montrouge",0.0262036697428279
"92050","Nanterre",0
"92051","Neuilly-sur-Seine",0.276108615123673
"92060","Le Plessis-Robinson",1.0060395946585
"92062","Puteaux",0.209874985230583
"92063","Rueil-Malmaison",0
"92064","Saint-Cloud",1.12019316161264
"92071","Sceaux",1.21291632223488
"92072","Sevres",0.98605639677665
"92073","Suresnes",0.315373004790522
"92075","Vanves",0.268789884493579
"92076","Vaucresson",2.91056428982459
"92077","Ville-d'Avray",2.65946085138978
"92078","Villeneuve-la-Garenne",0.723872545410032
"93001","Aubervilliers",0.202170561562894
"93005","Aulnay-sous-Bois",0
"93006","Bagnolet",0.274473704199557
"93007","Le Blanc-Mesnil",0.960555649840342
"93008","Bobigny",0.61846965387448
"93010","Bondy",0.403524376938758
"93013","Le Bourget",1.41998430143683
"93014","Clichy-sous-Bois",2.15627719024299
"93015","Coubron",4.08829146920721
"93027","La Courneuve",0.785275501998367
"93029","Drancy",0.158787674276031
"93030","Dugny",2.26297979958766
"93031","Epinay-sur-Seine",0.650084662479704
"93032","Gagny",0.847453149896493
"93033","Gournay-sur-Marne",1.72037708694341
"93039","L'Ile-Saint-Denis",0.915766802640589
"93045","Les Lilas",0.254226554471633
"93046","Livry-Gargan",0.364501734318494
"93047","Montfermeil",1.79782487515246
"93048","Montreuil",0
"93049","Neuilly-Plaisance",0.903131670736865
"93050","Neuilly-sur-Marne",0.798677845008147
"93051","Noisy-le-Grand",0
"93053","Noisy-le-Sec",0.605623861297429
"93055","Pantin",0.0855006709691658
"93057","Les Pavillons-sous-Bois",0.977605918836257
"93059","Pierrefitte-sur-Seine",1.80106983115551
"93061","Le Pre-Saint-Gervais",0.297320357360249
"93062","Le Raincy",1.09878322513807
"93063","Romainville",0.435671046314875
"93064","Rosny-sous-Bois",0.266368418902346
"93066","Saint-Denis",0
"93070","Saint-Ouen",0.132944939184644
"93071","Sevran",1.17469582578939
"93072","Stains",1.31795137388637
"93073","Tremblay-en-France",5.09031007709688
"93074","Vaujours",2.32339395269597
"93077","Villemomble",0.638270431266104
"93078","Villepinte",2.74283881508887
"93079","Villetaneuse",2.28879655317604
"94001","Ablon-sur-Seine",3.31036460772815
"94002","Alfortville",0.330196886757335
"94003","Arcueil",0.553556253648074
"94004","Boissy-Saint-Leger",2.83103453255388
"94011","Bonneuil-sur-Marne",1.80005261966068
"94015","Bry-sur-Marne",1.11160873986782
"94016","Cachan",0.493283133573574
"94017","Champigny-sur-Marne",0
"94018","Charenton-le-Pont",0.444198537914828
"94019","Chennevieres-sur-Marne",2.61576658044222
"94021","Chevilly-Larue",1.10786667668058
"94022","Choisy-le-Roi",0.363211802441192
"94028","Creteil",0
"94033","Fontenay-sous-Bois",0.0980503498384756
"94034","Fresnes",1.29310143431355
"94037","Gentilly",0.434974415239036
"94038","L'Hay-les-Roses",0.788701228734319
"94041","Ivry-sur-Seine",0.0602992738851259
"94042","Joinville-le-Pont",0.902752666268982
"94043","Le Kremlin-Bicetre",0.325680876545673
"94044","Limeil-Brevannes",2.89714231959078
"94046","Maisons-Alfort",0
"94047","Mandres-les-Roses",5.55151285130772
"94048","Marolles-en-Brie",6.17479255442425
"94052","Nogent-sur-Marne",0.698639862752695
"94053","Noiseau",4.55992209435093
"94054","Orly",3.89918037408215
"94055","Ormesson-sur-Marne",3.89413441962071
"94056","Perigny",5.73863166790459
"94058","Le Perreux-sur-Marne",0.582990308883727
"94059","Le Plessis-Trevise",3.29389542978097
"94060","La Queue-en-Brie",4.12656721563735
"94065","Rungis",4.50034308350544
"94067","Saint-Mande",0.282599413969938
"94068","Saint-Maur-des-Fosses",0
"94069","Saint-Maurice",1.90700897788414
"94070","Santeny",7.08979531121721
"94071","Sucy-en-Brie",2.70800346921779
"94073","Thiais",0.727499466109992
"94074","Valenton",3.30311485946039
"94075","Villecresnes",5.31796274572867
"94076","Villejuif",0.116033188004072
"94077","Villeneuve-le-Roi",2.54362488433023
"94078","Villeneuve-Saint-Georges",1.4304234013957
"94079","Villiers-sur-Marne",0.921615145489828
"94080","Vincennes",0.0703254469734899
"94081","Vitry-sur-Seine",0
"95002","Ableiges",7.11171545641026
"95008","Aincourt",11.2816266905613
"95011","Ambleville",16.8406937464572
"95012","Amenucourt",18.0498774368152
"95014","Andilly",4.77671612242534
"95018","Argenteuil",0
"95019","Arnouville",3.08175194899277
"95023","Arronville",12.0912917174466
"95024","Arthies",11.7495167351749
"95026","Asnieres-sur-Oise",10.3116972543964
"95028","Attainville",5.96394478614313
"95039","Auvers-sur-Oise",5.43226816596258
"95040","Avernes",10.248255621376
"95042","Baillet-en-France",6.12629368792942
"95046","Banthelu",12.1784476652454
"95051","Beauchamp",3.55836634266241
"95052","Beaumont-sur-Oise",7.83192074585617
"95054","Le Bellay-en-Vexin",12.2222132814243
"95055","Bellefontaine",10.2586086141815
"95056","Belloy-en-France",7.8085175452277
"95058","Bernes-sur-Oise",10.2483218314128
"95059","Berville",15.6832603716331
"95060","Bessancourt",4.62848773612272
"95061","Bethemont-la-Foret",6.26410402858239
"95063","Bezons",0.871468914682606
"95074","Boisemont",5.11960535119432
"95078","Boissy-l'Aillerie",5.83480552284041
"95088","Bonneuil-en-France",4.3971920063385
"95091","Bouffemont",5.95811983712483
"95094","Bouqueval",6.06987852957159
"95101","Bray-et-Lu",18.1630328908248
"95102","Breancon",10.9741953657992
"95110","Brignancourt",12.1805836439204
"95116","Bruyeres-sur-Oise",12.2181226155068
"95119","Buhy",16.834948651513
"95120","Butry-sur-Oise",5.82857152729048
"95127","Cergy",0
"95134","Champagne-sur-Oise",8.52089313867397
"95139","La Chapelle-en-Vexin",15.0058691940497
"95141","Charmont",12.0047558386144
"95142","Chars",13.3414161199178
"95144","Chatenay-en-France",10.0798752296974
"95149","Chaumontel",10.5255020341344
"95150","Chaussy",16.8724603971226
"95151","Chauvry",5.87328524462156
"95154","Chennevieres-les-Louvres",6.6192174551968
"95157","Cherence",16.0349622342847
"95166","Clery-en-Vexin",11.1004399704854
"95169","Commeny",10.5558821621365
"95170","Condecourt",7.14335384851358
"95176","Cormeilles-en-Parisis",2.49597377472405
"95177","Cormeilles-en-Vexin",8.14049736087341
"95181","Courcelles-sur-Viosne",5.97005174820528
"95183","Courdimanche",3.99775996581472
"95197","Deuil-la-Barre",1.94014572168063
"95199","Domont",5.44787947682384
"95203","Eaubonne",2.22809727685609
"95205","Ecouen",4.89424363130268
"95210","Enghien-les-Bains",1.54991205622694
"95211","Ennery",5.63294248958174
"95212","Epiais-les-Louvres",10.1001496466898
"95213","Epiais-Rhus",9.6801479649347
"95214","Epinay-Champlatreux",8.57814376540527
"95218","Eragny",3.65116445220346
"95219","Ermont",1.44716730244467
"95229","Ezanville",5.05974144136782
"95241","Fontenay-en-Parisis",6.80477360593367
"95250","Fosses",10.3993590443514
"95252","Franconville",1.17134579278291
"95253","Fremainville",10.5650648801597
"95254","Fremecourt",10.2761833597685
"95256","Frepillon",5.0549853974044
"95257","La Frette-sur-Seine",5.01360623795467
"95258","Frouville",11.8057915547104
"95259","Gadancourt",11.844413822949
"95268","Garges-les-Gonesse",2.44373988866795
"95270","Genainville",15.6779731380802
"95271","Genicourt",5.74814699517006
"95277","Gonesse",5.06696261918313
"95280","Goussainville",7.32219662699444
"95282","Gouzangrez",10.3816863966635
"95287","Grisy-les-Platres",9.86693001891769
"95288","Groslay",2.77177847991189
"95295","Guiry-en-Vexin",11.3112521642669
"95298","Haravilliers",14.1877245106465
"95301","Haute-Isle",14.3261600376143
"95303","Le Heaulme",15.4393136153101
"95304","Hedouville",11.9657209985646
"95306","Herblay",3.79886896102182
"95308","Herouville",6.3073215236728
"95309","Hodent",12.7550444061091
"95313","L'Isle-Adam",7.12075412852463
"95316","Jagny-sous-Bois",9.98197605031093
"95323","Jouy-le-Moutier",5.11832643015994
"95328","Labbeville",10.3354118192181
"95331","Lassy",10.1905768675431
"95341","Livilliers",6.50037865764543
"95348","Longuesse",8.2785619196223
"95351","Louvres",7.34635450526584
"95352","Luzarches",9.45449266374359
"95353","Maffliers",6.19037894621675
"95355","Magny-en-Vexin",11.9146688640149
"95365","Mareil-en-France",8.16264157003117
"95369","Margency",2.62033786712548
"95370","Marines",11.1980467002156
"95371","Marly-la-Ville",10.2697485151973
"95379","Maudetour-en-Vexin",14.5710724748998
"95387","Menouville",10.3566185164198
"95388","Menucourt",5.79353169022408
"95392","Meriel",5.61936106706719
"95394","Mery-sur-Oise",5.23280757031358
"95395","Le Mesnil-Aubry",6.78382462035631
"95409","Moisselles",5.42520131315941
"95422","Montgeroult",6.50506042398972
"95424","Montigny-les-Cormeilles",2.36314438282529
"95426","Montlignon",3.6287930022092
"95427","Montmagny",1.90861396075846
"95428","Montmorency",2.71240597459214
"95429","Montreuil-sur-Epte",20.1021771088708
"95430","Montsoult",6.08813594389232
"95436","Mours",7.30932377820983
"95438","Moussy",11.6536470525592
"95445","Nerville-la-Foret",7.6120594892763
"95446","Nesles-la-Vallee",7.61083666286055
"95447","Neuilly-en-Vexin",13.7815412678839
"95450","Neuville-sur-Oise",5.1744958368917
"95452","Nointel",10.0177856239256
"95456","Noisy-sur-Oise",10.7451746300825
"95459","Nucourt",13.3915580267019
"95462","Omerville",16.1437675086656
"95476","Osny",5.24624596590498
"95480","Parmain",7.02508077736722
"95483","Le Perchay",10.3095825537492
"95487","Persan",8.0603198125108
"95488","Pierrelaye",5.57700032242554
"95489","Piscop",4.72209253409973
"95491","Le Plessis-Bouchard",2.6913378995698
"95492","Le Plessis-Gassot",6.38367542961916
"95493","Le Plessis-Luzarches",10.5376427780192
"95500","Pontoise",2.41286805709651
"95504","Presles",8.53772510553416
"95509","Puiseux-en-France",9.79032674637496
"95510","Puiseux-Pontoise",3.38941208690248
"95523","La Roche-Guyon",15.9069276215356
"95527","Roissy-en-France",6.28105136279912
"95529","Ronquerolles",11.6914357518856
"95535","Sagy",6.81806863866201
"95539","Saint-Brice-sous-Foret",2.46841508003189
"95541","Saint-Clair-sur-Epte",17.3784437990261
"95543","Saint-Cyr-en-Arthies",11.8032371801678
"95554","Saint-Gervais",14.6709807165615
"95555","Saint-Gratien",1.40169119791899
"95563","Saint-Leu-la-Foret",3.97728587599153
"95566","Saint-Martin-du-Tertre",10.46155919401
"95572","Saint-Ouen-l'Aumone",2.94876621588621
"95574","Saint-Prix",5.47985242900138
"95580","Saint-Witz",9.99723154546333
"95582","Sannois",0.967762612101317
"95584","Santeuil",11.073541074412
"95585","Sarcelles",1.26102508539013
"95592","Seraincourt",8.42720029640817
"95594","Seugy",10.3625907040877
"95598","Soisy-sous-Montmorency",2.09197160599117
"95604","Survilliers",10.2178001295371
"95607","Taverny",4.01059605499689
"95610","Themericourt",8.81355439845508
"95611","Theuville",13.0891394791557
"95612","Le Thillay",5.62508709276117
"95625","Us",8.98187109260897
"95627","Vallangoujard",8.12642818870072
"95628","Valmondois",6.84214380506722
"95633","Vaudherland",5.65751628437242
"95637","Vaureal",2.97695928336717
"95641","Vemars",10.2260410457064
"95651","Vetheuil",12.0021257425982
"95652","Viarmes",10.0518805781973
"95656","Vienne-en-Arthies",13.3068591214773
"95658","Vigny",7.42549474900387
"95660","Villaines-sous-Bois",6.623187593605
"95675","Villeron",10.0587560025754
"95676","Villers-en-Arthies",14.2602901270131
"95678","Villiers-Adam",6.0893900090047
"95680","Villiers-le-Bel",4.05818088119359
"95682","Villiers-le-Sec",6.8208573784116
"95690","Wy-dit-Joli-Village",11.9631237845942
