"ID","NAMES","intermediaires_AsTheCrowFlies_ACC_0.01"
"75101","Paris 1er Arrondissement",600.078206778804
"75102","Paris 2e  Arrondissement",472.374642441183
"75103","Paris 3e  Arrondissement",360.654825093588
"75104","Paris 4e  Arrondissement",453.007371912686
"75105","Paris 5e  Arrondissement",388.356759668095
"75106","Paris 6e  Arrondissement",543.325130245172
"75107","Paris 7e  Arrondissement",601.915497264374
"75108","Paris 8e  Arrondissement",644.873138261783
"75109","Paris 9e  Arrondissement",307.037646216047
"75110","Paris 10e  Arrondissement",83.5485800267402
"75111","Paris 11e  Arrondissement",0
"75112","Paris 12e  Arrondissement",0
"75113","Paris 13e  Arrondissement",0
"75114","Paris 14e  Arrondissement",0
"75115","Paris 15e  Arrondissement",0
"75116","Paris 16e  Arrondissement",28.9489133393984
"75117","Paris 17e  Arrondissement",0
"75118","Paris 18e  Arrondissement",0
"75119","Paris 19e  Arrondissement",0
"75120","Paris 20e  Arrondissement",0
"77001","Acheres-la-Foret",15413.3262753381
"77002","Amillis",18538.2496114738
"77003","Amponville",19160.3310550215
"77004","Andrezel",11859.4455583398
"77005","Annet-sur-Marne",6151.21629123696
"77006","Arbonne-la-Foret",12545.2390478936
"77007","Argentieres",13628.3762501815
"77008","Armentieres-en-Brie",12613.0923304483
"77009","Arville",25710.7057340689
"77010","Aubepierre-Ozouer-le-Repos",14889.3490224205
"77011","Aufferville",23618.8503186182
"77012","Augers-en-Brie",27488.5122876465
"77013","Aulnoy",14438.9112228723
"77014","Avon",11213.5236549461
"77015","Baby",32685.6886829229
"77016","Bagneaux-sur-Loing",21467.827944016
"77018","Bailly-Romainvilliers",7219.60568915576
"77019","Balloy",23855.6263720538
"77020","Bannost-Villegagnon",21308.6650423251
"77021","Barbey",20747.2687934591
"77022","Barbizon",10206.3725964711
"77023","Barcy",11034.5890817906
"77024","Bassevelle",22845.9381844121
"77025","Bazoches-les-Bray",25595.5661789883
"77026","Beauchery-Saint-Martin",31378.5723237154
"77027","Beaumont-du-Gatinais",29057.4664965048
"77028","Beautheil",16867.8402017525
"77029","Beauvoir",13510.0239664401
"77030","Bellot",24501.8699361985
"77031","Bernay-Vilbert",14974.7869564753
"77032","Beton-Bazoches",22641.7596417149
"77033","Bezalles",23055.3281410454
"77034","Blandy",11081.0509392673
"77035","Blennes",25095.2579579386
"77036","Boisdon",22504.6524422637
"77037","Bois-le-Roi",8763.53046440926
"77038","Boissettes",5991.46506515144
"77039","Boissise-la-Bertrand",5833.00655987217
"77040","Boissise-le-Roi",7149.26269243163
"77041","Boissy-aux-Cailles",18314.0380297986
"77042","Boissy-le-Chatel",16542.1921512764
"77043","Boitron",21517.1104923754
"77044","Bombon",13552.9660938047
"77045","Bougligny",23541.7819526423
"77046","Boulancourt",21671.6159256483
"77047","Bouleurs",8841.63427682788
"77048","Bourron-Marlotte",14262.5681827095
"77049","Boutigny",8883.97891582532
"77050","Bransles",28008.7551294421
"77051","Bray-sur-Seine",27491.5002354965
"77052","Breau",13872.4311474691
"77053","Brie-Comte-Robert",6119.32019253395
"77054","La Brosse-Montceaux",20706.9319374653
"77055","Brou-sur-Chantereine",3908.53891455815
"77056","Burcy",22614.5010939439
"77057","Bussieres",20633.2237692052
"77058","Bussy-Saint-Georges",5158.065288179
"77059","Bussy-Saint-Martin",4059.72977932739
"77060","Buthiers",20228.5720728937
"77061","Cannes-Ecluse",18594.5929802533
"77062","Carnetin",5458.06414322689
"77063","La Celle-sur-Morin",12655.7900869494
"77065","Cely",10395.2425178159
"77066","Cerneux",26582.8214621679
"77067","Cesson",5333.92943086676
"77068","Cessoy-en-Montois",21585.1811829456
"77069","Chailly-en-Biere",8970.82785150127
"77070","Chailly-en-Brie",17256.883098613
"77071","Chaintreaux",24405.8095055007
"77072","Chalautre-la-Grande",33440.0665918151
"77073","Chalautre-la-Petite",28240.3012371313
"77075","Chalifert",6200.16238505875
"77076","Chalmaison",26417.7725175829
"77077","Chambry",10376.0710564187
"77078","Chamigny",17722.8711695414
"77079","Champagne-sur-Seine",12152.2920980173
"77080","Champcenest",24314.9687612624
"77081","Champdeuil",9621.64401491965
"77082","Champeaux",11872.4263319132
"77083","Champs-sur-Marne",2806.0013667729
"77084","Changis-sur-Marne",12464.8800794021
"77085","Chanteloup-en-Brie",4945.68117656935
"77086","La Chapelle-Gauthier",13168.0164306368
"77087","La Chapelle-Iger",16794.6902066702
"77088","La Chapelle-la-Reine",17060.9098706607
"77089","La Chapelle-Rablais",15979.624051513
"77090","La Chapelle-Saint-Sulpice",22642.5601848284
"77091","Les Chapelles-Bourbon",10709.7756430159
"77093","La Chapelle-Moutils",27559.2043145821
"77094","Charmentray",8040.49408697541
"77095","Charny",8455.42521849445
"77096","Chartrettes",8507.99566950796
"77097","Chartronges",22605.8701032761
"77098","Chateaubleau",20257.6737063755
"77099","Chateau-Landon",27470.6927571884
"77100","Le Chatelet-en-Brie",11149.678013693
"77101","Chatenay-sur-Seine",21019.3880911318
"77102","Chatenoy",21516.8475225213
"77103","Chatillon-la-Borde",12067.1778432562
"77104","Chatres",11028.7346544314
"77106","Chauffry",18261.3344043804
"77107","Chaumes-en-Brie",12846.1643311639
"77108","Chelles",2943.04817794236
"77109","Chenoise",22237.8850278077
"77110","Chenou",26217.331576875
"77111","Chessy",5584.84056859221
"77112","Chevrainvilliers",20758.6546520309
"77113","Chevru",20444.118674859
"77114","Chevry-Cossigny",7205.53126565094
"77115","Chevry-en-Sereine",23143.7746873926
"77116","Choisy-en-Brie",20498.6087415117
"77117","Citry",21772.0134237834
"77118","Claye-Souilly",6034.32636219145
"77119","Clos-Fontaine",17826.9047408942
"77120","Cocherel",17679.2570950296
"77121","Collegien",4291.42144857061
"77122","Combs-la-Ville",5339.21493624795
"77123","Compans",7095.28122113018
"77124","Conches-sur-Gondoire",4584.76317196947
"77125","Conde-Sainte-Libiaire",7136.33542707819
"77126","Congis-sur-Therouanne",12921.8771982419
"77127","Coubert",8880.58215059457
"77128","Couilly-Pont-aux-Dames",7782.99242164661
"77129","Coulombs-en-Valois",21628.5054226009
"77130","Coulommes",9168.40325589216
"77131","Coulommiers",15409.112554947
"77132","Coupvray",6310.75397960274
"77133","Courcelles-en-Bassee",19644.000246078
"77134","Courchamp",25307.6412736907
"77135","Courpalay",15933.8013717122
"77136","Courquetaine",10085.0378379147
"77137","Courtacon",24349.4329183569
"77138","Courtomer",14285.5112292409
"77139","Courtry",3597.50479176683
"77140","Coutencon",17054.067725572
"77141","Coutevroult",7902.19221079266
"77142","Crecy-la-Chapelle",10080.7544005359
"77143","Cregy-les-Meaux",9166.53013057789
"77144","Crevecoeur-en-Brie",12191.0359118082
"77145","Crisenoy",9834.62495616516
"77146","Croissy-Beaubourg",4045.97725803112
"77147","La Croix-en-Brie",19183.1307021092
"77148","Crouy-sur-Ourcq",20459.9967930571
"77149","Cucharmoy",22264.9423988061
"77150","Cuisy",10353.3894333236
"77151","Dagny",19921.7665055342
"77152","Dammarie-les-Lys",6414.1494330714
"77153","Dammartin-en-Goele",10177.4318353444
"77154","Dammartin-sur-Tigeaux",10581.5407273639
"77155","Dampmart",5780.10700311257
"77156","Darvault",17468.3664915024
"77157","Dhuisy",20846.2848094217
"77158","Diant",22176.0004310837
"77159","Donnemarie-Dontilly",21075.225613278
"77161","Dormelles",17083.3568193068
"77162","Doue",17087.5884814187
"77163","Douy-la-Ramee",13783.6235871887
"77164","Echouboulains",14875.5942894152
"77165","Les Ecrennes",13307.0224455834
"77166","Ecuelles",13834.5677652455
"77167","Egligny",21813.8445591961
"77168","Egreville",26143.3265854965
"77169","Emerainville",3270.37750219182
"77170","Episy",14360.7859704326
"77171","Esbly",6871.74624266248
"77172","Esmans",18519.8457704857
"77173","Etrepilly",13443.0392127406
"77174","Everly",27346.482776405
"77175","Evry-Gregy-sur-Yerre",7191.34260879067
"77176","Faremoutiers",13801.1404621284
"77177","Favieres",7703.82644538836
"77178","Fay-les-Nemours",21402.6118856045
"77179","Fericy",11219.7743316573
"77180","Ferolles-Attilly",5920.98204682023
"77181","Ferrieres-en-Brie",5114.52116529124
"77182","La Ferte-Gaucher",23851.5333655079
"77183","La Ferte-sous-Jouarre",16070.5704280749
"77184","Flagy",18133.702418462
"77185","Fleury-en-Biere",10962.5738937749
"77186","Fontainebleau",11465.0906534942
"77187","Fontaine-Fourches",34235.5948292998
"77188","Fontaine-le-Port",10092.4848037173
"77190","Fontains",17510.4501865715
"77191","Fontenailles",15208.9235848789
"77192","Fontenay-Tresigny",12742.2464185409
"77193","Forfry",12826.837502265
"77194","Forges",15763.2023105548
"77195","Fouju",10316.1633862532
"77196","Fresnes-sur-Marne",7565.55087519741
"77197","Fretoy",21107.3168992561
"77198","Fromont",21465.0635744527
"77199","Fublaines",9330.24720966059
"77200","Garentreville",22113.1322028647
"77201","Gastins",17801.5210966073
"77202","La Genevraye",15061.9589211655
"77203","Germigny-l'Eveque",11092.3267298129
"77204","Germigny-sous-Coulombs",22214.505389514
"77205","Gesvres-le-Chapitre",11712.8059116933
"77206","Giremoutiers",12691.3633715543
"77207","Gironville",27253.4679686061
"77208","Gouaix",28401.4393226761
"77209","Gouvernes",4245.03795548869
"77210","La Grande-Paroisse",14632.8741074952
"77211","Grandpuits-Bailly-Carrois",16859.6342948387
"77212","Gravon",23016.1847763658
"77214","Gressy",6395.13334681406
"77215","Gretz-Armainvilliers",7655.36387012799
"77216","Grez-sur-Loing",15963.8172199087
"77217","Grisy-Suisnes",7993.55315312387
"77218","Grisy-sur-Seine",30160.8571669288
"77219","Guerard",11458.0612091067
"77220","Guercheville",20471.6487013098
"77221","Guermantes",4489.82773837587
"77222","Guignes",11715.3000467923
"77223","Gurcy-le-Chatel",19759.1603075513
"77224","Hautefeuille",13225.0065683748
"77225","La Haute-Maison",11330.4837915314
"77226","Hericy",11151.909728661
"77227","Herme",30367.6718165027
"77228","Hondevilliers",24115.3413167909
"77229","La Houssaye-en-Brie",11125.5503163149
"77230","Ichy",24127.4894496285
"77231","Isles-les-Meldeuses",13193.98540738
"77232","Isles-les-Villenoy",7229.14455603748
"77233","Iverny",9556.78662388764
"77234","Jablines",6647.45571020968
"77235","Jaignes",15002.8046615036
"77236","Jaulnes",28869.6699406616
"77237","Jossigny",5911.8001128725
"77238","Jouarre",14718.1856157955
"77239","Jouy-le-Chatel",20010.2330011752
"77240","Jouy-sur-Morin",22483.9902989673
"77241","Juilly",9330.18657504112
"77242","Jutigny",25180.613701922
"77243","Lagny-sur-Marne",4703.88421138769
"77244","Larchant",18429.6419421353
"77245","Laval-en-Brie",16368.5596630712
"77246","Lechelle",30569.2829105185
"77247","Lescherolles",26138.005194743
"77248","Lesches",7029.27550519075
"77249","Lesigny",5163.41207179736
"77250","Leudon-en-Brie",23064.6927083348
"77251","Lieusaint",5042.47379703394
"77252","Limoges-Fourches",7823.88420572843
"77253","Lissy",8622.67355937709
"77254","Liverdy-en-Brie",10545.058654644
"77255","Livry-sur-Seine",7591.47612791842
"77256","Lizines",22430.5174659909
"77257","Lizy-sur-Ourcq",15397.281991603
"77258","Lognes",3394.05248935644
"77259","Longperrier",9412.51044586109
"77260","Longueville",25338.7699049529
"77261","Lorrez-le-Bocage-Preaux",21960.6816348811
"77262","Louan-Villegruis-Fontaine",34224.4377982522
"77263","Luisetaines",23938.3908135679
"77264","Lumigny-Nesles-Ormeaux",14335.7678502676
"77265","Luzancy",19161.9801387458
"77266","Machault",12327.3844130644
"77267","La Madeleine-sur-Loing",22931.9336850637
"77268","Magny-le-Hongre",6714.22391085468
"77269","Maincy",7704.08847307958
"77270","Maisoncelles-en-Brie",11476.5058608116
"77271","Maisoncelles-en-Gatinais",25129.6888539058
"77272","Maison-Rouge",21665.5328382421
"77273","Marchemoret",11405.0621792235
"77274","Marcilly",12316.4215989119
"77275","Les Marets",25830.3672061118
"77276","Mareuil-les-Meaux",7563.39154519334
"77277","Marles-en-Brie",12672.5091063954
"77278","Marolles-en-Brie",18509.1523177881
"77279","Marolles-sur-Seine",19556.1686689278
"77280","Mary-sur-Marne",14791.3941230946
"77281","Mauperthuis",15135.0205339554
"77282","Mauregard",6862.69554346881
"77283","May-en-Multien",17719.3126594974
"77284","Meaux",8755.20031536226
"77285","Le Mee-sur-Seine",5395.37743968828
"77286","Meigneux",20180.0847194051
"77287","Meilleray",29022.4609217442
"77288","Melun",5779.92282365042
"77289","Melz-sur-Seine",32236.9151520181
"77290","Mery-sur-Marne",20168.6597418043
"77291","Le Mesnil-Amelot",6709.9637647833
"77292","Messy",7661.27966386931
"77293","Misy-sur-Yonne",22547.9870484455
"77294","Mitry-Mory",5422.34810019382
"77295","Moisenay",9167.45605738424
"77296","Moissy-Cramayel",5747.78417500882
"77297","Mondreville",27629.5694258235
"77298","Mons-en-Montois",21752.1946862626
"77299","Montarlot",14641.0506721777
"77300","Montceaux-les-Meaux",10956.5268742149
"77301","Montceaux-les-Provins",31052.5472110858
"77302","Montcourt-Fromonville",16101.914214322
"77303","Montdauphin",29159.8438623096
"77304","Montenils",32031.7586508968
"77305","Montereau-Fault-Yonne",16827.6409010662
"77306","Montereau-sur-le-Jard",7310.71307861956
"77307","Montevrain",5158.55440741056
"77308","Montge-en-Goele",10339.351662183
"77309","Monthyon",10337.8553907813
"77310","Montigny-le-Guesdier",28587.9001194533
"77311","Montigny-Lencoup",18977.7720126469
"77312","Montigny-sur-Loing",13766.7797025952
"77313","Montmachoux",20334.7181475799
"77314","Montolivet",29730.8994240989
"77315","Montry",6897.39758533743
"77316","Moret-sur-Loing",13313.8042696432
"77317","Mormant",14152.2025662637
"77318","Mortcerf",11302.4350994712
"77319","Mortery",24584.9585793309
"77320","Mouroux",13802.1002821575
"77321","Mousseaux-les-Bray",27323.6148908193
"77322","Moussy-le-Neuf",9259.95972873111
"77323","Moussy-le-Vieux",8501.87108587796
"77325","Mouy-sur-Seine",27137.5229704825
"77326","Nandy",5256.25359237545
"77327","Nangis",17701.1755148467
"77328","Nanteau-sur-Essonne",18583.3808348902
"77329","Nanteau-sur-Lunain",19319.7431977975
"77330","Nanteuil-les-Meaux",8084.4669792014
"77331","Nanteuil-sur-Marne",21192.8840560742
"77332","Nantouillet",8489.14731116
"77333","Nemours",18730.2021379214
"77335","Chauconin-Neufmontiers",8711.13655710833
"77336","Neufmoutiers-en-Brie",9502.78536272711
"77337","Noisiel",3052.35809346538
"77338","Noisy-Rudignon",17541.6409402996
"77339","Noisy-sur-Ecole",14759.7207190368
"77340","Nonville",16599.5168591258
"77341","Noyen-sur-Seine",30907.5245735117
"77342","Obsonville",23154.0013328698
"77343","Ocquerre",16679.3540090087
"77344","Oissery",13313.1379595081
"77345","Orly-sur-Morin",19835.2543890233
"77347","Les Ormes-sur-Voulzie",25638.6129830165
"77348","Ormesson",20391.6783480293
"77349","Othis",10862.7506610568
"77350","Ozoir-la-Ferriere",5794.44063008772
"77352","Ozouer-le-Voulgis",10897.834055367
"77353","Paley",20934.5434429887
"77354","Pamfou",12881.8745265984
"77355","Paroy",24302.8430745808
"77356","Passy-sur-Seine",31627.0578403635
"77357","Pecy",18726.7632303146
"77358","Penchard",9645.493421502
"77359","Perthes",9088.90896882612
"77360","Pezarches",14567.4758219599
"77361","Pierre-Levee",12079.9649947744
"77363","Le Pin",4205.68259080877
"77364","Le Plessis-aux-Bois",9682.8347854325
"77365","Le Plessis-Feu-Aussoux",16562.550095487
"77366","Le Plessis-l'Eveque",10047.1099373812
"77367","Le Plessis-Placy",15498.4795154751
"77368","Poigny",26372.0566286511
"77369","Poincy",9883.42312533518
"77370","Poligny",20590.3667997386
"77371","Pommeuse",12894.4431402213
"77372","Pomponne",4521.4594113728
"77373","Pontault-Combault",3748.62078866463
"77374","Pontcarre",5539.28864448483
"77376","Precy-sur-Marne",7495.02476290103
"77377","Presles-en-Brie",8912.54106267224
"77378","Pringy",7172.52476253289
"77379","Provins",26491.095946238
"77380","Puisieux",14658.1209182741
"77381","Quiers",16395.1134821158
"77382","Quincy-Voisins",7743.61417657142
"77383","Rampillon",19376.8312253159
"77384","Reau",6193.31238038033
"77385","Rebais",20132.6842880083
"77386","Recloses",14715.4982238466
"77387","Remauville",22132.9864298866
"77388","Reuil-en-Brie",17744.958215381
"77389","La Rochette",6968.10108473095
"77390","Roissy-en-Brie",4712.64179075411
"77391","Rouilly",26069.0760281771
"77392","Rouvres",11315.1628973963
"77393","Rozay-en-Brie",15504.1239879823
"77394","Rubelles",6813.80342158115
"77395","Rumont",20639.6650488602
"77396","Rupereux",26738.7997998427
"77397","Saacy-sur-Marne",20141.7926184092
"77398","Sablonnieres",23015.4045129497
"77399","Saint-Ange-le-Viel",19929.0624473875
"77400","Saint-Augustin",14269.8490193646
"77401","Sainte-Aulde",19866.708665366
"77402","Saint-Barthelemy",26450.4067062711
"77403","Saint-Brice",28239.9012128214
"77404","Sainte-Colombe",25827.1024088978
"77405","Saint-Cyr-sur-Morin",17448.4591300008
"77406","Saint-Denis-les-Rebais",18663.1066244411
"77407","Saint-Fargeau-Ponthierry",6503.16011159787
"77408","Saint-Fiacre",9621.73695752685
"77409","Saint-Germain-Laval",17640.9070312492
"77410","Saint-Germain-Laxis",8221.77309802185
"77411","Saint-Germain-sous-Doue",16108.7939123899
"77412","Saint-Germain-sur-Ecole",9800.52619856194
"77413","Saint-Germain-sur-Morin",7345.17900720083
"77414","Saint-Hilliers",24324.97398846
"77415","Saint-Jean-les-Deux-Jumeaux",11921.5290317423
"77416","Saint-Just-en-Brie",20342.3246150556
"77417","Saint-Leger",21982.6690937922
"77418","Saint-Loup-de-Naud",24192.4441525714
"77419","Saint-Mammes",12847.6116023096
"77420","Saint-Mard",9962.61347339696
"77421","Saint-Mars-Vieux-Maisons",25108.4566606841
"77423","Saint-Martin-des-Champs",25240.8557973273
"77424","Saint-Martin-du-Boschet",30045.0110065326
"77425","Saint-Martin-en-Biere",11149.3715259162
"77426","Saint-Mery",12669.7151967316
"77427","Saint-Mesmes",8323.86486017956
"77428","Saint-Ouen-en-Brie",15239.1081168744
"77429","Saint-Ouen-sur-Morin",18636.8467696875
"77430","Saint-Pathus",13078.9068048659
"77431","Saint-Pierre-les-Nemours",18743.9008686918
"77432","Saint-Remy-la-Vanne",20911.2888107639
"77433","Saints",15761.5597365979
"77434","Saint-Sauveur-les-Bray",25214.0173181083
"77435","Saint-Sauveur-sur-Ecole",8248.78990290924
"77436","Saint-Simeon",19085.095305592
"77437","Saint-Soupplets",11302.3028119728
"77438","Saint-Thibault-des-Vignes",4005.43996801171
"77439","Salins",18101.3720430697
"77440","Sammeron",13727.0080179469
"77441","Samois-sur-Seine",10181.757526109
"77442","Samoreau",11312.6493357279
"77443","Sancy",10257.5931639756
"77444","Sancy-les-Provins",28566.1350620928
"77445","Savigny-le-Temple",5372.42947992624
"77446","Savins",24019.4650921452
"77447","Seine-Port",5813.19369491202
"77448","Sept-Sorts",14873.2116586412
"77449","Serris",6219.89323802447
"77450","Servon",5404.71757390929
"77451","Signy-Signets",12957.5703793826
"77452","Sigy",22899.1892537461
"77453","Sivry-Courtry",9577.19505732446
"77454","Sognolles-en-Montois",21996.7881267844
"77455","Soignolles-en-Brie",9068.99806269975
"77456","Soisy-Bouy",27952.849353637
"77457","Solers",9655.22985933469
"77458","Souppes-sur-Loing",24349.6450993597
"77459","Sourdun",30135.2245973398
"77460","Tancrou",15893.9783815504
"77461","Thenisy",23209.7208676238
"77462","Thieux",7914.32576259957
"77463","Thomery",11873.7911244435
"77464","Thorigny-sur-Marne",5310.27090104483
"77465","Thoury-Ferottes",19536.067144847
"77466","Tigeaux",10075.1245198702
"77467","La Tombe",21801.152724295
"77468","Torcy",3530.23806079001
"77469","Touquin",15796.3533302518
"77470","Tournan-en-Brie",9279.21166258971
"77471","Tousson",17084.5919829402
"77472","La Tretoire",20691.9269907238
"77473","Treuzy-Levelay",17781.0594208915
"77474","Trilbardou",7980.82230408019
"77475","Trilport",10435.0181019623
"77476","Trocy-en-Multien",14210.5480860738
"77477","Ury",15266.0609817761
"77478","Ussy-sur-Marne",14547.4631891041
"77479","Vaires-sur-Marne",3414.99627570633
"77480","Valence-en-Brie",13723.0722310032
"77481","Vanville",20572.6715072416
"77482","Varennes-sur-Seine",16273.4762995576
"77483","Varreddes",11312.15036875
"77484","Vaucourtois",9850.92686802916
"77485","Le Vaudoue",16060.2419655432
"77486","Vaudoy-en-Brie",18003.9556635991
"77487","Vaux-le-Penil",7424.5877491765
"77489","Vaux-sur-Lunain",25194.7420512932
"77490","Vendrest",18892.8620767804
"77491","Veneux-les-Sablons",12694.8098912957
"77492","Verdelot",26596.6597068701
"77493","Verneuil-l'Etang",12735.0772866103
"77494","Vernou-la-Celle-sur-Seine",13099.8755856621
"77495","Vert-Saint-Denis",5527.46951933794
"77496","Vieux-Champagne",20986.8075983362
"77498","Vignely",7536.16164484475
"77500","Villebeon",25351.3424737263
"77501","Villecerf",15313.4109321213
"77504","Villemarechal",19003.3313369735
"77505","Villemareuil",10507.9935285057
"77506","Villemer",16146.6312741157
"77507","Villenauxe-la-Petite",30904.391623155
"77508","Villeneuve-le-Comte",8679.67468160111
"77509","Villeneuve-les-Bordes",18095.0816768064
"77510","Villeneuve-Saint-Denis",7418.35572978631
"77511","Villeneuve-sous-Dammartin",8025.41571499947
"77512","Villeneuve-sur-Bellot",25035.3278387448
"77513","Villenoy",7750.32268252282
"77514","Villeparisis",4438.77368308965
"77515","Villeroy",9012.40542838367
"77516","Ville-Saint-Jacques",15988.3656528785
"77517","Villevaude",5045.08602839017
"77518","Villiers-en-Biere",7670.33667527747
"77519","Villiers-Saint-Georges",30091.9245799062
"77520","Villiers-sous-Grez",16029.5453420378
"77521","Villiers-sur-Morin",8533.57349812236
"77522","Villiers-sur-Seine",32667.6749542756
"77523","Villuis",32858.5934470523
"77524","Vimpelles",23455.5399939135
"77525","Vinantes",9302.68601040846
"77526","Vincy-Manoeuvre",16217.9097003727
"77527","Voinsles",16818.3122635834
"77528","Voisenon",6367.24365763177
"77529","Voulangis",9352.20916905412
"77530","Voulton",27818.9769596701
"77531","Voulx",21232.0137238007
"77532","Vulaines-les-Provins",23891.4728870943
"77533","Vulaines-sur-Seine",11007.8887343706
"77534","Yebles",10792.7357021467
"78003","Ablis",17627.2329187002
"78005","Acheres",3835.71829747672
"78006","Adainville",16533.2401110387
"78007","Aigremont",5606.24115948137
"78009","Allainville",18635.884995623
"78010","Les Alluets-le-Roi",7614.3266330838
"78013","Andelu",9567.03832179959
"78015","Andresy",3905.29591259979
"78020","Arnouville-les-Mantes",9901.49107543745
"78029","Aubergenville",7407.53071603735
"78030","Auffargis",9451.19600515575
"78031","Auffreville-Brasseuil",8183.90340226449
"78033","Aulnay-sur-Mauldre",8247.36893751936
"78034","Auteuil",9583.15556530704
"78036","Autouillet",10257.7051210774
"78043","Bailly",3917.4739488685
"78048","Bazainville",14609.0547726325
"78049","Bazemont",7820.44695622622
"78050","Bazoches-sur-Guyonne",7940.57585836942
"78053","Behoust",12374.9319510314
"78057","Bennecourt",14730.72803199
"78062","Beynes",8265.2529703728
"78068","Blaru",19560.5726941768
"78070","Boinville-en-Mantois",8760.86826122887
"78071","Boinville-le-Gaillard",18356.9874385832
"78072","Boinvilliers",10690.9162018521
"78073","Bois-d'Arcy",3635.54009206056
"78076","Boissets",15845.4919369613
"78077","La Boissiere-Ecole",17207.9914706142
"78082","Boissy-Mauvoisin",12630.2475892131
"78084","Boissy-sans-Avoir",10210.2493341456
"78087","Bonnelles",10417.0937159432
"78089","Bonnieres-sur-Seine",13734.7642462393
"78090","Bouafle",6675.52618797562
"78092","Bougival",2977.56849871845
"78096","Bourdonne",16112.514111569
"78104","Breuil-Bois-Robert",8470.33883488514
"78107","Breval",15070.4933412501
"78108","Les Breviaires",10338.4017625785
"78113","Brueil-en-Vexin",8354.81362421134
"78117","Buc",4171.3231257268
"78118","Buchelay",8278.71723538283
"78120","Bullion",10872.1518128683
"78123","Carrieres-sous-Poissy",4534.07260732702
"78124","Carrieres-sur-Seine",2384.87218261389
"78125","La Celle-les-Bordes",10708.6894395589
"78126","La Celle-Saint-Cloud",3104.59114057793
"78128","Cernay-la-Ville",9406.10367628994
"78133","Chambourcy",5313.97239718762
"78138","Chanteloup-les-Vignes",4132.30098426096
"78140","Chapet",5732.80224810787
"78143","Chateaufort",5324.4952816253
"78146","Chatou",2775.47152852166
"78147","Chaufour-les-Bonnieres",18661.3470677727
"78152","Chavenay",5620.11682473353
"78158","Le Chesnay",3093.86727070375
"78160","Chevreuse",6884.17318573444
"78162","Choisel",8633.78564650505
"78163","Civry-la-Foret",14597.7996397022
"78164","Clairefontaine-en-Yvelines",12366.9129961075
"78165","Les Clayes-sous-Bois",4217.3189334267
"78168","Coignieres",6188.60586968967
"78171","Conde-sur-Vesgre",15759.7631714772
"78172","Conflans-Sainte-Honorine",3480.66531853363
"78185","Courgent",11904.6893714048
"78188","Cravent",18355.3608388515
"78189","Crespieres",7671.49311991459
"78190","Croissy-sur-Seine",2943.57287506412
"78192","Dammartin-en-Serve",12612.2832118157
"78193","Dampierre-en-Yvelines",7682.01804028495
"78194","Dannemarie",17774.6763934767
"78196","Davron",6704.17803757467
"78202","Drocourt",9747.98474870158
"78206","Ecquevilly",6628.8729444783
"78208","Elancourt",3917.08703802273
"78209","Emance",18378.6257845063
"78217","Epone",7892.20092875838
"78220","Les Essarts-le-Roi",8173.84647869538
"78224","L'Etang-la-Ville",4966.12316813889
"78227","Evecquemont",5750.34731007622
"78230","La Falaise",8145.53502342975
"78231","Favrieux",10350.4134851724
"78233","Feucherolles",6401.18257997173
"78234","Flacourt",10819.4006436259
"78236","Flexanville",11343.4593272311
"78237","Flins-Neuve-Eglise",15070.2330541045
"78238","Flins-sur-Seine",6996.90408157306
"78239","Follainville-Dennemont",8525.72492378715
"78242","Fontenay-le-Fleury",3809.89595082029
"78245","Fontenay-Mauvoisin",9576.13436753744
"78246","Fontenay-Saint-Pere",8473.58831769793
"78251","Fourqueux",5034.8387205978
"78255","Freneuse",12927.9132949409
"78261","Gaillon-sur-Montcient",7413.26162827484
"78262","Galluis",10376.8003109316
"78263","Gambais",14838.009542227
"78264","Gambaiseuil",13177.4214812746
"78265","Garancieres",11374.8747119821
"78267","Gargenville",7359.37069511768
"78269","Gazeran",15080.3215481267
"78276","Gommecourt",14866.1863490709
"78278","Goupillieres",10357.0322008996
"78281","Goussonville",8852.93369611516
"78283","Grandchamp",18589.1376742186
"78285","Gressey",16117.2451821881
"78289","Grosrouvre",11684.5072802092
"78290","Guernes",9904.98199376566
"78291","Guerville",7755.53827545693
"78296","Guitrancourt",7585.08135333024
"78297","Guyancourt",3706.43947689405
"78299","Hardricourt",7049.40341434782
"78300","Hargeville",10202.9631510679
"78302","La Hauteville",18441.6952354329
"78305","Herbeville",8113.28897857637
"78307","Hermeray",17599.7892288445
"78310","Houdan",17411.2692526016
"78311","Houilles",2262.75726560344
"78314","Issou",7203.30398714309
"78317","Jambville",8960.122996685
"78320","Jeufosse",16138.8022250932
"78321","Jouars-Pontchartrain",5405.26918495322
"78322","Jouy-en-Josas",4385.81098606557
"78324","Jouy-Mauvoisin",9314.44705914696
"78325","Jumeauville",9376.67446098505
"78327","Juziers",7469.23827222422
"78329","Lainville-en-Vexin",10019.9641084193
"78334","Levis-Saint-Nom",6837.67685349092
"78335","Limay",7197.749828004
"78337","Limetz-Villez",16376.6601099344
"78343","Les Loges-en-Josas",4693.67977230701
"78344","Lommoye",16517.184086578
"78346","Longnes",13831.9096625173
"78349","Longvilliers",12374.2374343953
"78350","Louveciennes",3384.28074587754
"78354","Magnanville",8194.62228760378
"78356","Magny-les-Hameaux",5132.61772735855
"78358","Maisons-Laffitte",3133.95323155082
"78361","Mantes-la-Jolie",7928.44248136964
"78362","Mantes-la-Ville",7516.06557587913
"78364","Marcq",9550.00217730986
"78366","Mareil-le-Guyon",7875.85055555471
"78367","Mareil-Marly",4400.83064513621
"78368","Mareil-sur-Mauldre",8434.81023783586
"78372","Marly-le-Roi",3913.31033533291
"78380","Maule",8756.81069348882
"78381","Maulette",16980.5573469923
"78382","Maurecourt",3640.62121763255
"78383","Maurepas",5130.87773426163
"78384","Medan",5135.81771711799
"78385","Menerville",12027.4496818837
"78389","Mere",9204.04337947519
"78391","Mericourt",11671.7352048251
"78396","Le Mesnil-le-Roi",3366.59195693009
"78397","Le Mesnil-Saint-Denis",5575.50533549974
"78398","Les Mesnuls",8917.82085599931
"78401","Meulan-en-Yvelines",6282.13685498595
"78402","Mezieres-sur-Seine",7655.34522697918
"78403","Mezy-sur-Seine",7224.3607800992
"78404","Millemont",12685.2153656515
"78406","Milon-la-Chapelle",5721.42935041082
"78407","Mittainville",19426.6451260611
"78410","Moisson",12151.7137746613
"78413","Mondreville",15484.7051559198
"78415","Montainville",8869.20464492036
"78416","Montalet-le-Bois",9212.8709656235
"78417","Montchauvet",13106.9950415419
"78418","Montesson",3042.98163755568
"78420","Montfort-l'Amaury",9763.61505546087
"78423","Montigny-le-Bretonneux",3415.67973638158
"78431","Morainvilliers",6460.79911800242
"78437","Mousseaux-sur-Seine",11468.6408290425
"78439","Mulcent",12863.9878157716
"78440","Les Mureaux",6084.22081401646
"78442","Neauphle-le-Chateau",5896.76165807226
"78443","Neauphle-le-Vieux",7778.19034523041
"78444","Neauphlette",15384.006437589
"78451","Nezel",7925.07809130617
"78455","Noisy-le-Roi",4624.48764505595
"78460","Oinville-sur-Montcient",8118.32086738763
"78464","Orcemont",15588.2848971569
"78465","Orgerus",12993.0502616256
"78466","Orgeval",6382.88747602939
"78470","Orphin",17513.3613763714
"78472","Orsonville",20539.5542625857
"78474","Orvilliers",14045.7680565378
"78475","Osmoy",11717.039716686
"78478","Paray-Douaville",20271.3801370507
"78481","Le Pecq",3596.60276827412
"78484","Perdreauville",10866.0280064204
"78486","Le Perray-en-Yvelines",10329.795271858
"78490","Plaisir",4559.67031408706
"78497","Poigny-la-Foret",13800.0077628723
"78498","Poissy",5117.85756706239
"78499","Ponthevrard",15166.1297671621
"78501","Porcheville",7099.5312633197
"78502","Le Port-Marly",3437.07975410352
"78503","Port-Villez",18132.248233514
"78505","Prunay-le-Temple",13040.3387751782
"78506","Prunay-en-Yvelines",18972.2950419646
"78513","La Queue-les-Yvelines",11183.7386183305
"78516","Raizeux",18206.3201654568
"78517","Rambouillet",12668.9246003711
"78518","Rennemoulin",4375.38495769672
"78520","Richebourg",15312.5756383184
"78522","Rochefort-en-Yvelines",12070.9510894817
"78524","Rocquencourt",3475.55946515889
"78528","Rolleboise",11975.1760829078
"78530","Rosay",10566.1013786539
"78531","Rosny-sur-Seine",11069.0092246547
"78536","Sailly",9169.41017035278
"78537","Saint-Arnoult-en-Yvelines",13535.5246063018
"78545","Saint-Cyr-l'Ecole",3574.54382473614
"78548","Saint-Forget",6878.16653128366
"78550","Saint-Germain-de-la-Grange",6663.48199456758
"78551","Saint-Germain-en-Laye",3757.86436816459
"78557","Saint-Hilarion",17273.8110667859
"78558","Saint-Illiers-la-Ville",14738.4513013494
"78559","Saint-Illiers-le-Bois",16700.2059745818
"78561","Saint-Lambert",5567.24187406475
"78562","Saint-Leger-en-Yvelines",12247.9639539465
"78564","Saint-Martin-de-Brethencourt",16297.5950408266
"78565","Saint-Martin-des-Champs",11213.1195372748
"78567","Saint-Martin-la-Garenne",9806.54983871019
"78569","Sainte-Mesme",15003.3749788183
"78571","Saint-Nom-la-Breteche",5517.05922655513
"78575","Saint-Remy-les-Chevreuse",6612.68161793184
"78576","Saint-Remy-l'Honore",7579.08226152225
"78586","Sartrouville",2572.34092733592
"78588","Saulx-Marchais",9069.66696529115
"78590","Senlisse",8551.98728227252
"78591","Septeuil",11566.7195974079
"78597","Soindres",9035.69828393035
"78601","Sonchamp",14336.0398300668
"78605","Tacoignieres",14009.5604205703
"78606","Le Tartre-Gaudran",19755.5157983372
"78608","Le Tertre-Saint-Denis",11827.6572326489
"78609","Tessancourt-sur-Aubette",6595.16838572815
"78615","Thiverval-Grignon",6250.33469636035
"78616","Thoiry",10088.0504860729
"78618","Tilly",15657.8506995653
"78620","Toussus-le-Noble",5193.53946511943
"78621","Trappes",3656.38449782051
"78623","Le Tremblay-sur-Mauldre",6735.41174317905
"78624","Triel-sur-Seine",4460.0726640844
"78638","Vaux-sur-Seine",4874.64431271255
"78640","Velizy-Villacoublay",3150.52436009075
"78642","Verneuil-sur-Seine",5184.94776108083
"78643","Vernouillet",5196.62037611659
"78644","La Verriere",5052.97906329047
"78646","Versailles",3102.24129713982
"78647","Vert",9272.68220112409
"78650","Le Vesinet",3032.01866613416
"78653","Vicq",9026.13750421658
"78655","Vieille-Eglise-en-Yvelines",10656.8888295467
"78668","La Villeneuve-en-Chevrie",15976.5672356213
"78672","Villennes-sur-Seine",5325.83884396935
"78674","Villepreux",4638.80706922996
"78677","Villette",9670.64861477495
"78681","Villiers-le-Mahieu",10704.6428314068
"78683","Villiers-Saint-Frederic",6951.30457434327
"78686","Viroflay",3121.3869020089
"78688","Voisins-le-Bretonneux",4044.82649349106
"91001","Abbeville-la-Riviere",18955.6413410618
"91016","Angerville",24738.0755774401
"91017","Angervilliers",10472.6386413982
"91021","Arpajon",5644.27527251836
"91022","Arrancourt",20673.8496918557
"91027","Athis-Mons",3065.59130578661
"91035","Authon-la-Plaine",17735.7927748769
"91037","Auvernaux",7258.19420778716
"91038","Auvers-Saint-Georges",10736.5769512669
"91041","Avrainville",6938.94001025812
"91044","Ballainvilliers",3439.10662501336
"91045","Ballancourt-sur-Essonne",7955.94270394887
"91047","Baulne",9253.78931009419
"91064","Bievres",3742.43993586197
"91067","Blandy",19673.1278498158
"91069","Boigneville",18596.7691957518
"91075","Bois-Herpin",16604.3492333883
"91079","Boissy-la-Riviere",16722.6794021952
"91080","Boissy-le-Cutte",10726.5773457588
"91081","Boissy-le-Sec",12765.907590288
"91085","Boissy-sous-Saint-Yon",7822.56550371788
"91086","Bondoufle",3976.02131047358
"91093","Boullay-les-Troux",8162.03077171685
"91095","Bouray-sur-Juine",8570.43551640179
"91097","Boussy-Saint-Antoine",4101.18254516514
"91098","Boutervilliers",15020.2354387737
"91099","Boutigny-sur-Essonne",12508.5788058387
"91100","Bouville",12795.5512657356
"91103","Bretigny-sur-Orge",4469.51413135257
"91105","Breuillet",8161.38674835303
"91106","Breux-Jouy",8815.03133482835
"91109","Brieres-les-Scelles",12643.8879805036
"91111","Briis-sous-Forges",7697.71747862587
"91112","Brouy",19205.0532239925
"91114","Brunoy",3401.5002311265
"91115","Bruyeres-le-Chatel",6796.83341390854
"91121","Buno-Bonnevaux",16738.7991988463
"91122","Bures-sur-Yvette",5466.39912623446
"91129","Cerny",10018.2613814096
"91130","Chalo-Saint-Mars",16924.6901622601
"91131","Chalou-Moulineux",19762.8702892649
"91132","Chamarande",9090.99676087643
"91135","Champcueil",8433.07193824867
"91136","Champlan",3209.75245067705
"91137","Champmotteux",17988.6367853937
"91145","Chatignonville",17773.5021544049
"91148","Chauffour-les-Etrechy",10305.2273289977
"91156","Cheptainville",7143.68242162885
"91159","Chevannes",7271.51375597875
"91161","Chilly-Mazarin",3064.64170218486
"91174","Corbeil-Essonnes",3988.9443636318
"91175","Corbreuse",15868.013101379
"91179","Le Coudray-Montceaux",5790.66537553853
"91180","Courances",11783.4280417272
"91182","Courcouronnes",3453.78811515682
"91184","Courdimanche-sur-Essonne",13420.1791965842
"91186","Courson-Monteloup",8077.42704680086
"91191","Crosne",3084.03535118152
"91195","Dannemois",10778.2388470008
"91198","D'Huison-Longueville",11378.5769802302
"91200","Dourdan",13551.9374797747
"91201","Draveil",3245.92890443371
"91204","Echarcon",5520.6392182114
"91207","Egly",6548.39420780053
"91215","Epinay-sous-Senart",3836.94432889394
"91216","Epinay-sur-Orge",2973.87675463886
"91222","Estouches",22404.8690496105
"91223","Etampes",14975.4813434022
"91225","Etiolles",4119.75674933231
"91226","Etrechy",10676.2720979131
"91228","Evry",3369.26916786368
"91232","La Ferte-Alais",10123.9593613176
"91235","Fleury-Merogis",3381.21326455569
"91240","Fontaine-la-Riviere",18224.8164404259
"91243","Fontenay-les-Briis",7183.34697478433
"91244","Fontenay-le-Vicomte",6701.60526370263
"91247","La Foret-le-Roi",14196.8819575413
"91248","La Foret-Sainte-Croix",15916.9643648928
"91249","Forges-les-Bains",9116.27369298559
"91272","Gif-sur-Yvette",6018.96942533937
"91273","Gironville-sur-Essonne",16469.9440861106
"91274","Gometz-la-Ville",7178.20887134741
"91275","Gometz-le-Chatel",6153.04876042354
"91284","Les Granges-le-Roi",14392.8311581862
"91286","Grigny",2921.69464767883
"91292","Guibeville",6133.89538081719
"91293","Guigneville-sur-Essonne",10880.0140219422
"91294","Guillerval",19312.8726160113
"91312","Igny",3615.7636826341
"91315","Itteville",8334.09727596306
"91318","Janville-sur-Juine",9423.3970431073
"91319","Janvry",6549.32109530848
"91326","Juvisy-sur-Orge",2779.61772379133
"91330","Lardy",8046.65269576989
"91332","Leudeville",5854.11874719661
"91333","Leuville-sur-Orge",4477.45654784465
"91338","Limours",8435.85464990951
"91339","Linas",4729.84996153255
"91340","Lisses",4309.84936472755
"91345","Longjumeau",3128.65812140009
"91347","Longpont-sur-Orge",3654.42614247141
"91359","Maisse",14783.4021040379
"91363","Marcoussis",5494.50029595202
"91374","Marolles-en-Beauce",17199.8579295579
"91376","Marolles-en-Hurepoix",6092.6882337288
"91377","Massy",2964.61953068767
"91378","Mauchamps",8999.76226149945
"91386","Mennecy",5974.39452007072
"91390","Mereville",22700.4047007951
"91393","Merobert",18389.2156754364
"91399","Mespuits",17355.4759739122
"91405","Milly-la-Foret",13787.9639838695
"91408","Moigny-sur-Ecole",12211.6178008373
"91411","Les Molieres",7924.42849925086
"91412","Mondeville",9345.52230442711
"91414","Monnerville",21482.005772357
"91421","Montgeron",3327.53785841475
"91425","Montlhery",4072.84110386712
"91432","Morangis",2927.27126081382
"91433","Morigny-Champigny",12841.3545590543
"91434","Morsang-sur-Orge",2703.52583228671
"91435","Morsang-sur-Seine",5119.0463475547
"91441","Nainville-les-Roches",8327.16911477655
"91457","La Norville",5611.46384776084
"91458","Nozay",4631.21903848539
"91461","Ollainville",5814.98664339484
"91463","Oncy-sur-Ecole",15112.6053022371
"91468","Ormoy",5212.93048286024
"91469","Ormoy-la-Riviere",15680.6943227454
"91471","Orsay",4794.66064002867
"91473","Orveau",11807.1879019485
"91477","Palaiseau",3707.45512322935
"91479","Paray-Vieille-Poste",3152.42347561264
"91482","Pecqueuse",9361.30684733472
"91494","Le Plessis-Pate",4302.85150497841
"91495","Plessis-Saint-Benoist",16715.1363632337
"91507","Prunay-sur-Essonne",17351.071743629
"91508","Puiselet-le-Marais",14857.0509993775
"91511","Pussay",22379.9777736593
"91514","Quincy-sous-Senart",4463.26946462241
"91519","Richarville",15803.3265368825
"91521","Ris-Orangis",3177.88646673287
"91525","Roinville",12674.5441002218
"91526","Roinvilliers",18407.604190047
"91533","Saclas",19207.405694278
"91534","Saclay",5156.63165924497
"91538","Saint-Aubin",5592.5622964106
"91540","Saint-Cheron",9966.4349171217
"91544","Saint-Cyr-la-Riviere",19345.3176129958
"91546","Saint-Cyr-sous-Dourdan",11635.6768470966
"91547","Saint-Escobille",19150.3469243243
"91549","Sainte-Genevieve-des-Bois",3001.90617940829
"91552","Saint-Germain-les-Arpajon",5067.02248361514
"91553","Saint-Germain-les-Corbeil",4223.12634821181
"91556","Saint-Hilaire",14818.9861452306
"91560","Saint-Jean-de-Beauregard",5708.86554840899
"91568","Saint-Maurice-Montcouronne",9133.15594174927
"91570","Saint-Michel-sur-Orge",3332.33645121513
"91573","Saint-Pierre-du-Perray",4651.23492072092
"91577","Saintry-sur-Seine",4564.49764612207
"91578","Saint-Sulpice-de-Favieres",9011.13078019227
"91579","Saint-Vrain",7440.84972579732
"91581","Saint-Yon",7868.98387018856
"91587","Saulx-les-Chartreux",3703.3117507837
"91589","Savigny-sur-Orge",2652.09674680021
"91593","Sermaise",11259.6856365006
"91599","Soisy-sur-Ecole",9776.20608510776
"91600","Soisy-sur-Seine",3830.56594061558
"91602","Souzy-la-Briche",9999.39371741836
"91613","Congerville-Thionville",20474.4626780204
"91617","Tigery",4667.70166324404
"91619","Torfou",8179.25399471785
"91629","Valpuiseaux",15137.5202477367
"91630","Le Val-Saint-Germain",10497.7345675215
"91631","Varennes-Jarcy",4885.38420964014
"91634","Vaugrigneuse",8945.31914669593
"91635","Vauhallan",4371.80336855616
"91639","Vayres-sur-Essonne",12770.361639751
"91645","Verrieres-le-Buisson",2949.99217063857
"91648","Vert-le-Grand",5419.63878767091
"91649","Vert-le-Petit",6565.3567377191
"91654","Videlles",10537.7487060718
"91657","Vigneux-sur-Seine",3145.90602441716
"91659","Villabe",4576.76494183727
"91661","Villebon-sur-Yvette",3914.44610179583
"91662","Villeconin",11253.2851005122
"91665","La Ville-du-Bois",3972.11518794946
"91666","Villejust",4504.02750854108
"91667","Villemoisson-sur-Orge",2781.2070275135
"91671","Villeneuve-sur-Auvers",11004.5517207644
"91679","Villiers-le-Bacle",5565.36521567288
"91685","Villiers-sur-Orge",3303.68229767407
"91687","Viry-Chatillon",2665.17717466287
"91689","Wissous",3049.27333426622
"91691","Yerres",3146.14792760389
"91692","Les Ulis",5166.08638879045
"92002","Antony",2541.73838474858
"92004","Asnieres-sur-Seine",354.906738503106
"92007","Bagneux",897.843174814853
"92009","Bois-Colombes",726.960713687639
"92012","Boulogne-Billancourt",107.142581741156
"92014","Bourg-la-Reine",1587.6696181501
"92019","Chatenay-Malabry",2533.71882508781
"92020","Chatillon",850.841939138691
"92022","Chaville",2747.91604070025
"92023","Clamart",1303.64083188189
"92024","Clichy",381.706732328737
"92025","Colombes",588.790535923872
"92026","Courbevoie",244.625432882349
"92032","Fontenay-aux-Roses",1308.04219694409
"92033","Garches",2641.9278105441
"92035","La Garenne-Colombes",799.551108906388
"92036","Gennevilliers",1663.85663196263
"92040","Issy-les-Moulineaux",474.996346500621
"92044","Levallois-Perret",348.490175924916
"92046","Malakoff",570.165895818531
"92047","Marnes-la-Coquette",2954.29067012909
"92048","Meudon",2098.26762506952
"92049","Montrouge",457.463182535326
"92050","Nanterre",1182.84566620579
"92051","Neuilly-sur-Seine",676.121095180668
"92060","Le Plessis-Robinson",1868.98263682282
"92062","Puteaux",849.229163514924
"92063","Rueil-Malmaison",2222.60238345255
"92064","Saint-Cloud",2050.06756717271
"92071","Sceaux",1743.25773379313
"92072","Sevres",2086.89701625426
"92073","Suresnes",1490.55865926372
"92075","Vanves",586.526907526066
"92076","Vaucresson",2899.54549263587
"92077","Ville-d'Avray",2888.61902035
"92078","Villeneuve-la-Garenne",1937.87933120475
"93001","Aubervilliers",950.868122318884
"93005","Aulnay-sous-Bois",2636.50575565389
"93006","Bagnolet",539.676787073175
"93007","Le Blanc-Mesnil",2466.69092719866
"93008","Bobigny",1780.0764717367
"93010","Bondy",2109.37937899374
"93013","Le Bourget",2565.1620127348
"93014","Clichy-sous-Bois",2549.45232920127
"93015","Coubron",3119.02113241993
"93027","La Courneuve",2560.00064445007
"93029","Drancy",2097.7637342441
"93030","Dugny",2850.68731425501
"93031","Epinay-sur-Seine",2170.49630923027
"93032","Gagny",2516.83727176148
"93033","Gournay-sur-Marne",2668.71980171607
"93039","L'Ile-Saint-Denis",2098.13727670944
"93045","Les Lilas",648.264624120471
"93046","Livry-Gargan",2540.43211549441
"93047","Montfermeil",2712.10752685248
"93048","Montreuil",268.423143682074
"93049","Neuilly-Plaisance",1883.02573371599
"93050","Neuilly-sur-Marne",2526.35522940111
"93051","Noisy-le-Grand",2155.7932292043
"93053","Noisy-le-Sec",1636.65208502945
"93055","Pantin",718.153074333407
"93057","Les Pavillons-sous-Bois",2374.00626411943
"93059","Pierrefitte-sur-Seine",2636.04808824609
"93061","Le Pre-Saint-Gervais",551.284241764431
"93062","Le Raincy",2068.3571435706
"93063","Romainville",1137.33672730078
"93064","Rosny-sous-Bois",1482.27936431516
"93066","Saint-Denis",1398.31094879158
"93070","Saint-Ouen",629.234562525504
"93071","Sevran",2543.47699618463
"93072","Stains",2734.28975257239
"93073","Tremblay-en-France",4102.71215456008
"93074","Vaujours",3406.74338701117
"93077","Villemomble",1869.48595132714
"93078","Villepinte",3026.63429803397
"93079","Villetaneuse",2367.91620854626
"94001","Ablon-sur-Seine",3047.40823394495
"94002","Alfortville",1008.66382203874
"94003","Arcueil",816.316856411224
"94004","Boissy-Saint-Leger",3393.35855171297
"94011","Bonneuil-sur-Marne",2687.34901495111
"94015","Bry-sur-Marne",1780.0350444071
"94016","Cachan",1141.56097144555
"94017","Champigny-sur-Marne",1309.57321799932
"94018","Charenton-le-Pont",745.490741978454
"94019","Chennevieres-sur-Marne",2756.24620770606
"94021","Chevilly-Larue",2313.36393210093
"94022","Choisy-le-Roi",2509.47413805773
"94028","Creteil",991.715594509654
"94033","Fontenay-sous-Bois",973.53863262866
"94034","Fresnes",2401.28737311337
"94037","Gentilly",693.125079299148
"94038","L'Hay-les-Roses",1668.74352689059
"94041","Ivry-sur-Seine",683.217530819845
"94042","Joinville-le-Pont",1954.788157614
"94043","Le Kremlin-Bicetre",738.16392874487
"94044","Limeil-Brevannes",3090.83662830556
"94046","Maisons-Alfort",927.464989276138
"94047","Mandres-les-Roses",4277.18903739977
"94048","Marolles-en-Brie",4172.07765221157
"94052","Nogent-sur-Marne",1592.29842105393
"94053","Noiseau",3300.23182943594
"94054","Orly",2814.17883268636
"94055","Ormesson-sur-Marne",2955.44484162647
"94056","Perigny",4719.3496582579
"94058","Le Perreux-sur-Marne",1628.59534185283
"94059","Le Plessis-Trevise",3027.94410472525
"94060","La Queue-en-Brie",3604.00716043194
"94065","Rungis",2777.87534782788
"94067","Saint-Mande",615.53426472728
"94068","Saint-Maur-des-Fosses",1494.9655172269
"94069","Saint-Maurice",1073.10093122495
"94070","Santeny",4872.3457499298
"94071","Sucy-en-Brie",3207.56339217593
"94073","Thiais",2538.2477614547
"94074","Valenton",2861.18760318207
"94075","Villecresnes",3793.42559152079
"94076","Villejuif",1023.24913727552
"94077","Villeneuve-le-Roi",2983.34448561491
"94078","Villeneuve-Saint-Georges",2974.30977884785
"94079","Villiers-sur-Marne",1816.70196022957
"94080","Vincennes",516.939842683748
"94081","Vitry-sur-Seine",920.372126326096
"95002","Ableiges",7553.01663111728
"95008","Aincourt",10845.0743076784
"95011","Ambleville",16958.1057106175
"95012","Amenucourt",15360.8970686299
"95014","Andilly",3124.55744006145
"95018","Argenteuil",1265.20011274589
"95019","Arnouville",3278.45652831778
"95023","Arronville",11534.8777670694
"95024","Arthies",11800.0579128913
"95026","Asnieres-sur-Oise",10057.7852612825
"95028","Attainville",5849.22015825699
"95039","Auvers-sur-Oise",5652.86698704379
"95040","Avernes",10398.7780722857
"95042","Baillet-en-France",5514.29555085835
"95046","Banthelu",13253.2326178009
"95051","Beauchamp",3389.50148164805
"95052","Beaumont-sur-Oise",9137.40419403931
"95054","Le Bellay-en-Vexin",13456.1293479926
"95055","Bellefontaine",8311.98962798283
"95056","Belloy-en-France",7576.50858191145
"95058","Bernes-sur-Oise",10774.0241571138
"95059","Berville",13215.3148861399
"95060","Bessancourt",3980.79451949595
"95061","Bethemont-la-Foret",5087.79026286385
"95063","Bezons",1875.18205300484
"95074","Boisemont",4122.32579943558
"95078","Boissy-l'Aillerie",5867.52519127489
"95088","Bonneuil-en-France",3187.32117284059
"95091","Bouffemont",4686.63074314483
"95094","Bouqueval",4880.21676798365
"95101","Bray-et-Lu",17109.2952846729
"95102","Breancon",10746.5410176139
"95110","Brignancourt",11517.7017063848
"95116","Bruyeres-sur-Oise",10675.1669600415
"95119","Buhy",19507.5769933994
"95120","Butry-sur-Oise",5949.4482225934
"95127","Cergy",3102.03265861207
"95134","Champagne-sur-Oise",9066.52969344726
"95139","La Chapelle-en-Vexin",18376.313980478
"95141","Charmont",14335.3087834228
"95142","Chars",12965.6552965682
"95144","Chatenay-en-France",7019.4367248086
"95149","Chaumontel",10059.8341179277
"95150","Chaussy",14273.1820628692
"95151","Chauvry",5124.37836323011
"95154","Chennevieres-les-Louvres",7098.97378089927
"95157","Cherence",13249.0234459509
"95166","Clery-en-Vexin",13055.322660074
"95169","Commeny",11955.6870511126
"95170","Condecourt",6468.7952567782
"95176","Cormeilles-en-Parisis",2846.08562620163
"95177","Cormeilles-en-Vexin",8248.24863650526
"95181","Courcelles-sur-Viosne",6127.76662055297
"95183","Courdimanche",4608.81393742671
"95197","Deuil-la-Barre",2190.21973918801
"95199","Domont",4055.206383198
"95203","Eaubonne",2573.64979309274
"95205","Ecouen",4375.15380408507
"95210","Enghien-les-Bains",2200.23526790302
"95211","Ennery",5255.32293380292
"95212","Epiais-les-Louvres",6562.50295022584
"95213","Epiais-Rhus",8343.96525223537
"95214","Epinay-Champlatreux",7680.6247342506
"95218","Eragny",3425.20894042649
"95219","Ermont",2472.26887743906
"95229","Ezanville",5010.26804919845
"95241","Fontenay-en-Parisis",6122.04053268683
"95250","Fosses",9162.32581324599
"95252","Franconville",2657.23926218742
"95253","Fremainville",9356.71785624275
"95254","Fremecourt",9456.9182087013
"95256","Frepillon",4668.19487558899
"95257","La Frette-sur-Seine",3114.23042666816
"95258","Frouville",10288.4289876055
"95259","Gadancourt",11038.3472934004
"95268","Garges-les-Gonesse",2952.69768755837
"95270","Genainville",13633.8923063317
"95271","Genicourt",6360.92793737526
"95277","Gonesse",3859.83166200976
"95280","Goussainville",5425.31182423251
"95282","Gouzangrez",10778.1348106712
"95287","Grisy-les-Platres",9248.86879460509
"95288","Groslay",2679.36835835818
"95295","Guiry-en-Vexin",12016.732782336
"95298","Haravilliers",12486.582385434
"95301","Haute-Isle",13131.5407057609
"95303","Le Heaulme",12416.9907092479
"95304","Hedouville",10264.5977640846
"95306","Herblay",3560.24065678263
"95308","Herouville",6925.26632783829
"95309","Hodent",15167.0999539795
"95313","L'Isle-Adam",7224.3295843034
"95316","Jagny-sous-Bois",7607.83084184914
"95323","Jouy-le-Moutier",3596.78781298789
"95328","Labbeville",8694.26178753501
"95331","Lassy",8087.67187588526
"95341","Livilliers",6608.94061104278
"95348","Longuesse",7776.08532086589
"95351","Louvres",6491.32085853788
"95352","Luzarches",9197.95180966261
"95353","Maffliers",6572.40264619339
"95355","Magny-en-Vexin",15338.1112872929
"95365","Mareil-en-France",6790.04075350476
"95369","Margency",2865.21837456152
"95370","Marines",11279.5372154244
"95371","Marly-la-Ville",8292.86907613607
"95379","Maudetour-en-Vexin",12905.8102211378
"95387","Menouville",10207.5646880166
"95388","Menucourt",5134.77657827812
"95392","Meriel",5751.46352655374
"95394","Mery-sur-Oise",4760.34285186369
"95395","Le Mesnil-Aubry",5837.46985424085
"95409","Moisselles",5182.95835159977
"95422","Montgeroult",6940.4984888298
"95424","Montigny-les-Cormeilles",3041.0791313216
"95426","Montlignon",3280.68264749226
"95427","Montmagny",2541.83176752959
"95428","Montmorency",2718.57028298141
"95429","Montreuil-sur-Epte",18451.6287626649
"95430","Montsoult",6008.26101493307
"95436","Mours",8339.82040357171
"95438","Moussy",12016.2260675756
"95445","Nerville-la-Foret",6567.0446194807
"95446","Nesles-la-Vallee",8153.88804556498
"95447","Neuilly-en-Vexin",13148.5054009874
"95450","Neuville-sur-Oise",3298.31513101358
"95452","Nointel",8394.76706331759
"95456","Noisy-sur-Oise",9013.78483162541
"95459","Nucourt",14534.0768947165
"95462","Omerville",15845.902963867
"95476","Osny",4331.39788531204
"95480","Parmain",7963.40940457189
"95483","Le Perchay",10503.2017576816
"95487","Persan",9735.3297411422
"95488","Pierrelaye",3694.27272738126
"95489","Piscop",3557.90761040347
"95491","Le Plessis-Bouchard",2759.4715369055
"95492","Le Plessis-Gassot",5263.42480837762
"95493","Le Plessis-Luzarches",8292.25558980242
"95500","Pontoise",3632.30881526387
"95504","Presles",7641.92714964663
"95509","Puiseux-en-France",7549.31762929759
"95510","Puiseux-Pontoise",4993.67313076068
"95523","La Roche-Guyon",14305.2565733574
"95527","Roissy-en-France",5243.7888310155
"95529","Ronquerolles",10734.1615068767
"95535","Sagy",6067.86582362209
"95539","Saint-Brice-sous-Foret",3125.7846716841
"95541","Saint-Clair-sur-Epte",20864.1823535308
"95543","Saint-Cyr-en-Arthies",10308.1461005815
"95554","Saint-Gervais",16667.3984085139
"95555","Saint-Gratien",2405.10881826327
"95563","Saint-Leu-la-Foret",3272.23976959229
"95566","Saint-Martin-du-Tertre",7694.74207841039
"95572","Saint-Ouen-l'Aumone",3885.98556557354
"95574","Saint-Prix",3445.82616790367
"95580","Saint-Witz",9123.55884661296
"95582","Sannois",1984.41218336361
"95584","Santeuil",10599.2124890353
"95585","Sarcelles",2949.2437201372
"95592","Seraincourt",8204.01556689701
"95594","Seugy",9070.99070035537
"95598","Soisy-sous-Montmorency",2554.95659615146
"95604","Survilliers",10235.2704782197
"95607","Taverny",3466.31491608401
"95610","Themericourt",9654.95344143711
"95611","Theuville",10707.6461154554
"95612","Le Thillay",4809.69133880103
"95625","Us",9042.31656207978
"95627","Vallangoujard",8836.69017061574
"95628","Valmondois",6573.40374370041
"95633","Vaudherland",4804.40336647397
"95637","Vaureal",3419.71594805799
"95641","Vemars",8182.5425188466
"95651","Vetheuil",10863.2099323666
"95652","Viarmes",8877.30525682784
"95656","Vienne-en-Arthies",10933.1878005009
"95658","Vigny",8471.31088193806
"95660","Villaines-sous-Bois",6567.94506792035
"95675","Villeron",7765.08479906133
"95676","Villers-en-Arthies",12080.7098506161
"95678","Villiers-Adam",5593.5680199887
"95680","Villiers-le-Bel",3756.04921968102
"95682","Villiers-le-Sec",6766.63529413938
"95690","Wy-dit-Joli-Village",11453.4402571929
