"ID","NAMES","ouvrier_AsTheCowRolls_ACC_0.005"
"75101","Paris 1er Arrondissement",0.727712923676739
"75102","Paris 2e  Arrondissement",0.529926304540223
"75103","Paris 3e  Arrondissement",0.384637525821658
"75104","Paris 4e  Arrondissement",0.538771282173864
"75105","Paris 5e  Arrondissement",0.554372384704086
"75106","Paris 6e  Arrondissement",0.73486096138262
"75107","Paris 7e  Arrondissement",0.839066625745802
"75108","Paris 8e  Arrondissement",0.493304086637844
"75109","Paris 9e  Arrondissement",0.289137592708775
"75110","Paris 10e  Arrondissement",0
"75111","Paris 11e  Arrondissement",0
"75112","Paris 12e  Arrondissement",0
"75113","Paris 13e  Arrondissement",0
"75114","Paris 14e  Arrondissement",0
"75115","Paris 15e  Arrondissement",0
"75116","Paris 16e  Arrondissement",0.582888045380558
"75117","Paris 17e  Arrondissement",0
"75118","Paris 18e  Arrondissement",0
"75119","Paris 19e  Arrondissement",0
"75120","Paris 20e  Arrondissement",0
"77001","Acheres-la-Foret",14.2783657169669
"77002","Amillis",14.9849091858031
"77003","Amponville",16.459287166791
"77004","Andrezel",11.9268653994032
"77005","Annet-sur-Marne",7.03711915442407
"77006","Arbonne-la-Foret",11.6400709967185
"77007","Argentieres",13.4056200201335
"77008","Armentieres-en-Brie",12.0014887812817
"77009","Arville",20.5966964121975
"77010","Aubepierre-Ozouer-le-Repos",13.3465179457395
"77011","Aufferville",16.376665284856
"77012","Augers-en-Brie",20.7519810032066
"77013","Aulnoy",12.2237844467164
"77014","Avon",10.1997644480309
"77015","Baby",22.5424115499246
"77016","Bagneaux-sur-Loing",12.3509484583745
"77018","Bailly-Romainvilliers",8.0107460265877
"77019","Balloy",16.109693880036
"77020","Bannost-Villegagnon",17.4570172516149
"77021","Barbey",14.5360536148565
"77022","Barbizon",10.3472126215821
"77023","Barcy",7.87515825893867
"77024","Bassevelle",19.300488018123
"77025","Bazoches-les-Bray",16.7010963524533
"77026","Beauchery-Saint-Martin",23.0945590227779
"77027","Beaumont-du-Gatinais",25.2884900558145
"77028","Beautheil",14.9881631106545
"77029","Beauvoir",12.523694052304
"77030","Bellot",18.5175364384707
"77031","Bernay-Vilbert",13.7319872257166
"77032","Beton-Bazoches",16.9014285475557
"77033","Bezalles",18.7846690042546
"77034","Blandy",10.3238426091223
"77035","Blennes",21.598018421875
"77036","Boisdon",17.808234390305
"77037","Bois-le-Roi",7.81829330919951
"77038","Boissettes",6.69086125079986
"77039","Boissise-la-Bertrand",6.69966859494618
"77040","Boissise-le-Roi",7.33534669856734
"77041","Boissy-aux-Cailles",17.6644079356688
"77042","Boissy-le-Chatel",12.5814655902951
"77043","Boitron",18.795238713992
"77044","Bombon",14.4192240564855
"77045","Bougligny",16.9222393037238
"77046","Boulancourt",21.6055025255606
"77047","Bouleurs",9.45726243730519
"77048","Bourron-Marlotte",12.1612275313986
"77049","Boutigny",9.70047281082329
"77050","Bransles",18.3065915588268
"77051","Bray-sur-Seine",17.9189259191244
"77052","Breau",12.3426221860794
"77053","Brie-Comte-Robert",6.34310857037854
"77054","La Brosse-Montceaux",13.9419883938445
"77055","Brou-sur-Chantereine",4.83806998938396
"77056","Burcy",19.7631240845021
"77057","Bussieres",16.0981748946146
"77058","Bussy-Saint-Georges",5.14126429911808
"77059","Bussy-Saint-Martin",4.45297545720613
"77060","Buthiers",19.6529061106163
"77061","Cannes-Ecluse",11.7298238518813
"77062","Carnetin",6.59958391393764
"77063","La Celle-sur-Morin",12.2303493437228
"77065","Cely",10.2736854234143
"77066","Cerneux",20.085243239303
"77067","Cesson",5.25724817866942
"77068","Cessoy-en-Montois",17.8561163089348
"77069","Chailly-en-Biere",7.70983725025409
"77070","Chailly-en-Brie",10.8677587378139
"77071","Chaintreaux",16.1049105797914
"77072","Chalautre-la-Grande",26.7776795127773
"77073","Chalautre-la-Petite",18.0175183185617
"77075","Chalifert",6.8190199968225
"77076","Chalmaison",17.7831538200484
"77077","Chambry",7.18921879765957
"77078","Chamigny",15.1217290431611
"77079","Champagne-sur-Seine",10.8413278029946
"77080","Champcenest",19.0984476944826
"77081","Champdeuil",10.1146767035846
"77082","Champeaux",11.3552355772326
"77083","Champs-sur-Marne",1.39226896910729
"77084","Changis-sur-Marne",10.1849030584082
"77085","Chanteloup-en-Brie",5.84424022176868
"77086","La Chapelle-Gauthier",12.110578051062
"77087","La Chapelle-Iger",15.5311246694409
"77088","La Chapelle-la-Reine",12.9444064952364
"77089","La Chapelle-Rablais",15.9282921238381
"77090","La Chapelle-Saint-Sulpice",15.796676457354
"77091","Les Chapelles-Bourbon",11.2428367802945
"77093","La Chapelle-Moutils",22.4922072109662
"77094","Charmentray",8.77488834962523
"77095","Charny",9.73066055560786
"77096","Chartrettes",8.72403375155887
"77097","Chartronges",17.9373875497283
"77098","Chateaubleau",17.4750789184977
"77099","Chateau-Landon",19.1243717138395
"77100","Le Chatelet-en-Brie",10.2965026661712
"77101","Chatenay-sur-Seine",16.3881822840185
"77102","Chatenoy",15.4189434206235
"77103","Chatillon-la-Borde",11.5784376407213
"77104","Chatres",10.395854964651
"77106","Chauffry",15.1502915591464
"77107","Chaumes-en-Brie",11.2142473287103
"77108","Chelles",0
"77109","Chenoise",16.6898670833386
"77110","Chenou",20.1779155983681
"77111","Chessy",6.1874175519484
"77112","Chevrainvilliers",15.4303719546509
"77113","Chevru",16.2872413604922
"77114","Chevry-Cossigny",7.22816452497921
"77115","Chevry-en-Sereine",18.3404400497873
"77116","Choisy-en-Brie",15.2987361400422
"77117","Citry",19.3908175250178
"77118","Claye-Souilly",5.76990771896727
"77119","Clos-Fontaine",16.2047686375875
"77120","Cocherel",15.1801142647741
"77121","Collegien",3.86448874092999
"77122","Combs-la-Ville",5.33013150730617
"77123","Compans",6.71739069705787
"77124","Conches-sur-Gondoire",5.40764157849012
"77125","Conde-Sainte-Libiaire",8.22720106872583
"77126","Congis-sur-Therouanne",11.358970758773
"77127","Coubert",8.5912265103349
"77128","Couilly-Pont-aux-Dames",6.87683895612539
"77129","Coulombs-en-Valois",19.2760329439544
"77130","Coulommes",10.0326771377298
"77131","Coulommiers",10.2429370992898
"77132","Coupvray",7.09918315791149
"77133","Courcelles-en-Bassee",15.7956619595316
"77134","Courchamp",18.9773531620715
"77135","Courpalay",13.9547572979997
"77136","Courquetaine",11.1650465687749
"77137","Courtacon",17.1269068931244
"77138","Courtomer",14.9337178098344
"77139","Courtry",5.1071243180328
"77140","Coutencon",16.1961521804009
"77141","Coutevroult",7.60811285743549
"77142","Crecy-la-Chapelle",10.3041220247419
"77143","Cregy-les-Meaux",5.03697608509338
"77144","Crevecoeur-en-Brie",12.4899790090181
"77145","Crisenoy",9.08565295307165
"77146","Croissy-Beaubourg",5.13954118205469
"77147","La Croix-en-Brie",17.283306837626
"77148","Crouy-sur-Ourcq",18.4789548077574
"77149","Cucharmoy",17.4948999799522
"77150","Cuisy",11.0503746502351
"77151","Dagny",15.5709050860042
"77152","Dammarie-les-Lys",2.87606701466629
"77153","Dammartin-en-Goele",10.1531516965872
"77154","Dammartin-sur-Tigeaux",11.8830116660179
"77155","Dampmart",6.42922954972883
"77156","Darvault",11.4862946653184
"77157","Dhuisy",15.8204147886822
"77158","Diant",18.4372293890584
"77159","Donnemarie-Dontilly",16.4287983894112
"77161","Dormelles",14.7640050004489
"77162","Doue",15.0219483263785
"77163","Douy-la-Ramee",14.0637344768817
"77164","Echouboulains",15.3211692893922
"77165","Les Ecrennes",12.4546989971727
"77166","Ecuelles",10.9595432665143
"77167","Egligny",17.7577036443665
"77168","Egreville",17.0316711154761
"77169","Emerainville",4.13195403008232
"77170","Episy",11.1435928411194
"77171","Esbly",7.14869745821986
"77172","Esmans",11.8805192899674
"77173","Etrepilly",10.040471928911
"77174","Everly",17.8400836304367
"77175","Evry-Gregy-sur-Yerre",7.62750343496444
"77176","Faremoutiers",11.4031015477694
"77177","Favieres",10.051062854655
"77178","Fay-les-Nemours",14.3672684112276
"77179","Fericy",12.3129856836203
"77180","Ferolles-Attilly",6.58448516778255
"77181","Ferrieres-en-Brie",5.42330165788505
"77182","La Ferte-Gaucher",16.5758469626367
"77183","La Ferte-sous-Jouarre",11.8932643755715
"77184","Flagy",15.5726427080426
"77185","Fleury-en-Biere",10.4532802160032
"77186","Fontainebleau",9.72423574913737
"77187","Fontaine-Fourches",23.0078434131937
"77188","Fontaine-le-Port",10.9273231568895
"77190","Fontains",16.7469957608412
"77191","Fontenailles",13.77755839266
"77192","Fontenay-Tresigny",11.4198256218674
"77193","Forfry",12.532504869675
"77194","Forges",12.1770273078921
"77195","Fouju",10.9280003957053
"77196","Fresnes-sur-Marne",7.71106414649869
"77197","Fretoy",17.3813461013463
"77198","Fromont",18.8161175900908
"77199","Fublaines",8.16054934857946
"77200","Garentreville",19.2337188042003
"77201","Gastins",15.804359301404
"77202","La Genevraye",11.8113940792777
"77203","Germigny-l'Eveque",8.98176520400589
"77204","Germigny-sous-Coulombs",20.1594929286767
"77205","Gesvres-le-Chapitre",11.579812479425
"77206","Giremoutiers",11.1421410704497
"77207","Gironville",20.8874323616939
"77208","Gouaix",19.9761928372578
"77209","Gouvernes",4.51836280578196
"77210","La Grande-Paroisse",11.9591872667997
"77211","Grandpuits-Bailly-Carrois",14.575731460055
"77212","Gravon",16.9126031466682
"77214","Gressy",6.5170358737714
"77215","Gretz-Armainvilliers",6.72602718574574
"77216","Grez-sur-Loing",10.9656602516981
"77217","Grisy-Suisnes",7.93205234350381
"77218","Grisy-sur-Seine",19.8729309561556
"77219","Guerard",11.5032297868723
"77220","Guercheville",17.4358691414173
"77221","Guermantes",5.00382227295398
"77222","Guignes",10.4693614968396
"77223","Gurcy-le-Chatel",16.6487848014515
"77224","Hautefeuille",14.484753499459
"77225","La Haute-Maison",12.1862250031573
"77226","Hericy",11.0192610258894
"77227","Herme",18.3123980973672
"77228","Hondevilliers",18.0258434244564
"77229","La Houssaye-en-Brie",11.5286834362446
"77230","Ichy",20.498494126276
"77231","Isles-les-Meldeuses",10.423389075746
"77232","Isles-les-Villenoy",7.68268101693088
"77233","Iverny",9.27042417463085
"77234","Jablines",10.1461203931084
"77235","Jaignes",13.0116631300673
"77236","Jaulnes",18.1947274367516
"77237","Jossigny",6.00092061544682
"77238","Jouarre",12.1786670759699
"77239","Jouy-le-Chatel",15.29724142294
"77240","Jouy-sur-Morin",16.5510308635338
"77241","Juilly",10.2941947338439
"77242","Jutigny",15.7086601040945
"77243","Lagny-sur-Marne",3.58758806413829
"77244","Larchant",14.388349546896
"77245","Laval-en-Brie",13.0444227418029
"77246","Lechelle",21.7966301855551
"77247","Lescherolles",20.157425330845
"77248","Lesches",8.65048007438916
"77249","Lesigny",5.79413717502351
"77250","Leudon-en-Brie",18.3063252312629
"77251","Lieusaint",5.35614150217838
"77252","Limoges-Fourches",7.56054711538337
"77253","Lissy",7.76963478460164
"77254","Liverdy-en-Brie",10.9863664990513
"77255","Livry-sur-Seine",5.85122064620181
"77256","Lizines",16.9986353945827
"77257","Lizy-sur-Ourcq",11.5457990746062
"77258","Lognes",2.94942354695483
"77259","Longperrier",10.2751506331413
"77260","Longueville",15.8278216404905
"77261","Lorrez-le-Bocage-Preaux",16.804727272684
"77262","Louan-Villegruis-Fontaine",28.0281871288413
"77263","Luisetaines",17.4823635140605
"77264","Lumigny-Nesles-Ormeaux",12.7297974549065
"77265","Luzancy",15.6560577105906
"77266","Machault",12.4400500076911
"77267","La Madeleine-sur-Loing",15.2245139443964
"77268","Magny-le-Hongre",7.55066802412247
"77269","Maincy",5.30258403929745
"77270","Maisoncelles-en-Brie",11.5444183328879
"77271","Maisoncelles-en-Gatinais",19.2496777168618
"77272","Maison-Rouge",15.2556703218509
"77273","Marchemoret",10.3919245448411
"77274","Marcilly",9.93404299977609
"77275","Les Marets",20.4314849854263
"77276","Mareuil-les-Meaux",7.04794525631916
"77277","Marles-en-Brie",11.7835570339994
"77278","Marolles-en-Brie",13.758382622396
"77279","Marolles-sur-Seine",12.6197568689408
"77280","Mary-sur-Marne",11.8582057459977
"77281","Mauperthuis",12.2248289134796
"77282","Mauregard",9.12019611027067
"77283","May-en-Multien",13.5359485350865
"77284","Meaux",0
"77285","Le Mee-sur-Seine",1.70589090642822
"77286","Meigneux",17.6272814424343
"77287","Meilleray",25.663547182473
"77288","Melun",0
"77289","Melz-sur-Seine",21.5561772465537
"77290","Mery-sur-Marne",16.2769232503244
"77291","Le Mesnil-Amelot",8.55392581224171
"77292","Messy",6.80398353555668
"77293","Misy-sur-Yonne",15.7956609681404
"77294","Mitry-Mory",5.42914080752662
"77295","Moisenay",8.25867917690702
"77296","Moissy-Cramayel",5.89811933538971
"77297","Mondreville",23.2106626917708
"77298","Mons-en-Montois",17.9875437149364
"77299","Montarlot",11.7976261735085
"77300","Montceaux-les-Meaux",8.62450657831408
"77301","Montceaux-les-Provins",22.2825620405784
"77302","Montcourt-Fromonville",11.3944559244253
"77303","Montdauphin",25.9417648950587
"77304","Montenils",28.1830909841206
"77305","Montereau-Fault-Yonne",9.60850725748197
"77306","Montereau-sur-le-Jard",7.21041998168516
"77307","Montevrain",5.80778475994724
"77308","Montge-en-Goele",10.908244185595
"77309","Monthyon",8.33319672342154
"77310","Montigny-le-Guesdier",20.4313596753695
"77311","Montigny-Lencoup",14.4075551410403
"77312","Montigny-sur-Loing",12.3455421546263
"77313","Montmachoux",15.9988199132888
"77314","Montolivet",25.6380583937746
"77315","Montry",7.16038697928393
"77316","Moret-sur-Loing",10.4758769424861
"77317","Mormant",12.584757122873
"77318","Mortcerf",11.7505800250202
"77319","Mortery",18.1457797186828
"77320","Mouroux",10.7684838577102
"77321","Mousseaux-les-Bray",17.4468399961972
"77322","Moussy-le-Neuf",10.5465162980618
"77323","Moussy-le-Vieux",10.903169144171
"77325","Mouy-sur-Seine",16.9719666099081
"77326","Nandy",5.2465302539028
"77327","Nangis",15.0966269552838
"77328","Nanteau-sur-Essonne",19.3251508015828
"77329","Nanteau-sur-Lunain",15.1574385281852
"77330","Nanteuil-les-Meaux",7.05043707896985
"77331","Nanteuil-sur-Marne",17.8201956685311
"77332","Nantouillet",10.2684306804346
"77333","Nemours",10.4142707561367
"77335","Chauconin-Neufmontiers",7.11232708413618
"77336","Neufmoutiers-en-Brie",11.4517245355261
"77337","Noisiel",1.78969734630238
"77338","Noisy-Rudignon",13.1050124149673
"77339","Noisy-sur-Ecole",15.5103391246127
"77340","Nonville",13.1478121575604
"77341","Noyen-sur-Seine",19.3159414639954
"77342","Obsonville",19.6462617109433
"77343","Ocquerre",14.3249564466487
"77344","Oissery",12.7212471620315
"77345","Orly-sur-Morin",18.307519890808
"77347","Les Ormes-sur-Voulzie",16.2007704672355
"77348","Ormesson",13.2919203865468
"77349","Othis",11.63383330701
"77350","Ozoir-la-Ferriere",5.52766551715644
"77352","Ozouer-le-Voulgis",10.9974543997519
"77353","Paley",16.5035530722602
"77354","Pamfou",12.1109452004993
"77355","Paroy",16.0872720967842
"77356","Passy-sur-Seine",22.1393749893635
"77357","Pecy",16.0096561548458
"77358","Penchard",7.02885866117449
"77359","Perthes",7.97262658720511
"77360","Pezarches",12.7815877031744
"77361","Pierre-Levee",11.0166244964504
"77363","Le Pin",5.38437198677116
"77364","Le Plessis-aux-Bois",10.4771982489395
"77365","Le Plessis-Feu-Aussoux",15.2420124401098
"77366","Le Plessis-l'Eveque",10.0195113503937
"77367","Le Plessis-Placy",12.297498083081
"77368","Poigny",16.8265458190285
"77369","Poincy",5.72679887029393
"77370","Poligny",14.4073144956878
"77371","Pommeuse",10.9343111659195
"77372","Pomponne",4.85286593425837
"77373","Pontault-Combault",1.85689611930074
"77374","Pontcarre",5.59579236812161
"77376","Precy-sur-Marne",10.1532606299132
"77377","Presles-en-Brie",10.0616000828071
"77378","Pringy",8.47193996235118
"77379","Provins",15.8977063986227
"77380","Puisieux",12.981953529672
"77381","Quiers",15.2318886916615
"77382","Quincy-Voisins",7.2587112012162
"77383","Rampillon",16.5082618547828
"77384","Reau",6.16672040338295
"77385","Rebais",13.6793891698529
"77386","Recloses",13.6932729162355
"77387","Remauville",16.0134472116346
"77388","Reuil-en-Brie",12.705634324921
"77389","La Rochette",5.26537903366976
"77390","Roissy-en-Brie",5.06263114018792
"77391","Rouilly",18.9259765231196
"77392","Rouvres",10.4768277768249
"77393","Rozay-en-Brie",12.3244990119068
"77394","Rubelles",5.05362501710844
"77395","Rumont",19.54203866152
"77396","Rupereux",21.5330441477953
"77397","Saacy-sur-Marne",16.7715875178706
"77398","Sablonnieres",17.911476414401
"77399","Saint-Ange-le-Viel",17.0895489150679
"77400","Saint-Augustin",13.1658271908203
"77401","Sainte-Aulde",15.8018196803209
"77402","Saint-Barthelemy",21.0174483404283
"77403","Saint-Brice",17.7899728958792
"77404","Sainte-Colombe",15.7317191727644
"77405","Saint-Cyr-sur-Morin",15.7321884371317
"77406","Saint-Denis-les-Rebais",13.683687683879
"77407","Saint-Fargeau-Ponthierry",6.90217086421017
"77408","Saint-Fiacre",10.1036085127674
"77409","Saint-Germain-Laval",11.0143613242474
"77410","Saint-Germain-Laxis",7.11142611309253
"77411","Saint-Germain-sous-Doue",15.2569667404366
"77412","Saint-Germain-sur-Ecole",10.8137807716406
"77413","Saint-Germain-sur-Morin",7.36771850634774
"77414","Saint-Hilliers",19.4173257954975
"77415","Saint-Jean-les-Deux-Jumeaux",8.53401835670492
"77416","Saint-Just-en-Brie",19.3272072156119
"77417","Saint-Leger",17.3649003716965
"77418","Saint-Loup-de-Naud",16.3385759977582
"77419","Saint-Mammes",10.3380011212578
"77420","Saint-Mard",9.69994586923802
"77421","Saint-Mars-Vieux-Maisons",19.0049285590393
"77423","Saint-Martin-des-Champs",19.1482971847328
"77424","Saint-Martin-du-Boschet",23.5014722855287
"77425","Saint-Martin-en-Biere",11.2790165125222
"77426","Saint-Mery",12.3610034829292
"77427","Saint-Mesmes",10.0388267811781
"77428","Saint-Ouen-en-Brie",13.5138444886337
"77429","Saint-Ouen-sur-Morin",15.9660454449483
"77430","Saint-Pathus",12.0869191847954
"77431","Saint-Pierre-les-Nemours",11.0557849223166
"77432","Saint-Remy-la-Vanne",14.0372532262966
"77433","Saints",13.3315895900354
"77434","Saint-Sauveur-les-Bray",18.3673546931775
"77435","Saint-Sauveur-sur-Ecole",9.28994539261127
"77436","Saint-Simeon",13.2252499037413
"77437","Saint-Soupplets",9.20592555978786
"77438","Saint-Thibault-des-Vignes",3.88053961886276
"77439","Salins",12.7578200019503
"77440","Sammeron",10.1484237241669
"77441","Samois-sur-Seine",11.4846633767857
"77442","Samoreau",10.2465585314528
"77443","Sancy",11.0530485486514
"77444","Sancy-les-Provins",21.3932313547823
"77445","Savigny-le-Temple",5.11883024095901
"77446","Savins",16.439098510889
"77447","Seine-Port",6.7798039896705
"77448","Sept-Sorts",11.472304458466
"77449","Serris",7.15489600441084
"77450","Servon",5.86390787844505
"77451","Signy-Signets",12.3062462321281
"77452","Sigy",16.5554455711629
"77453","Sivry-Courtry",7.77014116752406
"77454","Sognolles-en-Montois",17.5851666523094
"77455","Soignolles-en-Brie",9.45524356273683
"77456","Soisy-Bouy",19.1832020814357
"77457","Solers",10.098910253019
"77458","Souppes-sur-Loing",14.361189537238
"77459","Sourdun",16.7955568874013
"77460","Tancrou",13.3833272693442
"77461","Thenisy",16.7123877986377
"77462","Thieux",8.71858263439778
"77463","Thomery",10.795192996839
"77464","Thorigny-sur-Marne",5.56823173330693
"77465","Thoury-Ferottes",15.726891583366
"77466","Tigeaux",11.1457480551761
"77467","La Tombe",13.8885554422683
"77468","Torcy",2.01231468596107
"77469","Touquin",13.260476120979
"77470","Tournan-en-Brie",8.17526148602142
"77471","Tousson",16.1191487680048
"77472","La Tretoire",16.681260967487
"77473","Treuzy-Levelay",14.3844295074732
"77474","Trilbardou",7.6153216590007
"77475","Trilport",5.48755307677379
"77476","Trocy-en-Multien",10.970010734429
"77477","Ury",11.2820225859694
"77478","Ussy-sur-Marne",10.7977238879983
"77479","Vaires-sur-Marne",4.93890893987044
"77480","Valence-en-Brie",11.9820213224122
"77481","Vanville",15.9293016569246
"77482","Varennes-sur-Seine",9.41343890920505
"77483","Varreddes",6.47347629490905
"77484","Vaucourtois",10.8958292647104
"77485","Le Vaudoue",15.5778280540157
"77486","Vaudoy-en-Brie",14.4068767339606
"77487","Vaux-le-Penil",4.54711458956822
"77489","Vaux-sur-Lunain",19.6623803704426
"77490","Vendrest",17.3068550296655
"77491","Veneux-les-Sablons",10.9552459938577
"77492","Verdelot",21.1888125943319
"77493","Verneuil-l'Etang",11.6213729355143
"77494","Vernou-la-Celle-sur-Seine",11.7830972171497
"77495","Vert-Saint-Denis",3.98351871267696
"77496","Vieux-Champagne",18.0391312606336
"77498","Vignely",8.30589656703826
"77500","Villebeon",19.7019760336447
"77501","Villecerf",11.6220140755149
"77504","Villemarechal",16.0963123618242
"77505","Villemareuil",10.0558259044942
"77506","Villemer",12.2767075333537
"77507","Villenauxe-la-Petite",19.9292778372788
"77508","Villeneuve-le-Comte",8.45974090280205
"77509","Villeneuve-les-Bordes",15.5590151012372
"77510","Villeneuve-Saint-Denis",7.76471840753427
"77511","Villeneuve-sous-Dammartin",10.2654538402606
"77512","Villeneuve-sur-Bellot",21.4715242686747
"77513","Villenoy",6.50229717843556
"77514","Villeparisis",5.03426239080199
"77515","Villeroy",8.66630030533791
"77516","Ville-Saint-Jacques",11.5304796805345
"77517","Villevaude",5.9402706143773
"77518","Villiers-en-Biere",7.47414309321533
"77519","Villiers-Saint-Georges",22.3518599688336
"77520","Villiers-sous-Grez",12.7524527205272
"77521","Villiers-sur-Morin",8.7530479360311
"77522","Villiers-sur-Seine",20.3962476084206
"77523","Villuis",21.5173886077624
"77524","Vimpelles",17.950987650766
"77525","Vinantes",11.3656526009756
"77526","Vincy-Manoeuvre",16.1768005611335
"77527","Voinsles",15.1434438271146
"77528","Voisenon",5.94568635540663
"77529","Voulangis",10.4873571713082
"77530","Voulton",21.3960558464751
"77531","Voulx",16.8514993877302
"77532","Vulaines-les-Provins",15.6042404275118
"77533","Vulaines-sur-Seine",10.4638205580144
"77534","Yebles",10.7255561576327
"78003","Ablis",15.0225621582502
"78005","Acheres",5.55668698017011
"78006","Adainville",20.3739616258585
"78007","Aigremont",6.29956312944185
"78009","Allainville",15.0353357467143
"78010","Les Alluets-le-Roi",10.2698239464944
"78013","Andelu",11.8622519622248
"78015","Andresy",5.25730077687029
"78020","Arnouville-les-Mantes",10.7504489875138
"78029","Aubergenville",5.51424628571596
"78030","Auffargis",10.1355322307981
"78031","Auffreville-Brasseuil",5.21959823944866
"78033","Aulnay-sur-Mauldre",7.72465247996025
"78034","Auteuil",12.5626624645733
"78036","Autouillet",13.9617294581115
"78043","Bailly",6.25020807780884
"78048","Bazainville",14.7079531148487
"78049","Bazemont",9.54346007847482
"78050","Bazoches-sur-Guyonne",10.2011811369315
"78053","Behoust",15.3534320587989
"78057","Bennecourt",10.2688928098822
"78062","Beynes",10.4787305880113
"78068","Blaru",14.3760606411943
"78070","Boinville-en-Mantois",9.24883592239035
"78071","Boinville-le-Gaillard",15.6264629179735
"78072","Boinvilliers",10.2261133291839
"78073","Bois-d'Arcy",5.40294148657188
"78076","Boissets",17.3934237192
"78077","La Boissiere-Ecole",22.1522632465075
"78082","Boissy-Mauvoisin",11.3296833749441
"78084","Boissy-sans-Avoir",12.2824430537078
"78087","Bonnelles",11.1448303215276
"78089","Bonnieres-sur-Seine",10.8341272869647
"78090","Bouafle",5.57778438484466
"78092","Bougival",5.29924694649273
"78096","Bourdonne",16.7302237639687
"78104","Breuil-Bois-Robert",6.54280755580821
"78107","Breval",13.9142008261737
"78108","Les Breviaires",12.79990803992
"78113","Brueil-en-Vexin",7.68697204236422
"78117","Buc",6.53468157641863
"78118","Buchelay",5.0235468589189
"78120","Bullion",12.0537892626161
"78123","Carrieres-sous-Poissy",3.52924680453103
"78124","Carrieres-sur-Seine",2.34155984532316
"78125","La Celle-les-Bordes",13.3460712090939
"78126","La Celle-Saint-Cloud",5.39611358892284
"78128","Cernay-la-Ville",11.6310920340908
"78133","Chambourcy",6.41783061939275
"78138","Chanteloup-les-Vignes",5.11582631130741
"78140","Chapet",6.79232300506074
"78143","Chateaufort",7.23791500671123
"78146","Chatou",3.86669371713796
"78147","Chaufour-les-Bonnieres",11.1624138907408
"78152","Chavenay",8.05219461870438
"78158","Le Chesnay",5.36006005740749
"78160","Chevreuse",10.8322181262451
"78162","Choisel",11.4616421660962
"78163","Civry-la-Foret",15.4314035005562
"78164","Clairefontaine-en-Yvelines",11.8714312258614
"78165","Les Clayes-sous-Bois",6.32859495192552
"78168","Coignieres",6.81404182051148
"78171","Conde-sur-Vesgre",17.89470464812
"78172","Conflans-Sainte-Honorine",3.76579908527703
"78185","Courgent",10.9351406969286
"78188","Cravent",13.9771321210281
"78189","Crespieres",10.2489296579458
"78190","Croissy-sur-Seine",5.39127539484172
"78192","Dammartin-en-Serve",12.8894727019151
"78193","Dampierre-en-Yvelines",10.7133723547943
"78194","Dannemarie",17.6145829755205
"78196","Davron",10.1528170927405
"78202","Drocourt",7.81458372356966
"78206","Ecquevilly",6.52525750912576
"78208","Elancourt",5.32085138008353
"78209","Emance",20.2283045914777
"78217","Epone",5.63709262132582
"78220","Les Essarts-le-Roi",8.11553708094453
"78224","L'Etang-la-Ville",6.53208241757602
"78227","Evecquemont",5.65108402672237
"78230","La Falaise",6.32790184665387
"78231","Favrieux",7.26946580017828
"78233","Feucherolles",7.95930327050993
"78234","Flacourt",10.6254184775515
"78236","Flexanville",15.3709228619945
"78237","Flins-Neuve-Eglise",14.6321447637574
"78238","Flins-sur-Seine",5.19296339043996
"78239","Follainville-Dennemont",7.51629663725852
"78242","Fontenay-le-Fleury",5.56573628932149
"78245","Fontenay-Mauvoisin",7.25363379911048
"78246","Fontenay-Saint-Pere",7.15678589855399
"78251","Fourqueux",6.40768664305834
"78255","Freneuse",10.7796773992273
"78261","Gaillon-sur-Montcient",5.38644100475472
"78262","Galluis",10.9524639608274
"78263","Gambais",15.6201209063212
"78264","Gambaiseuil",16.1630178280667
"78265","Garancieres",13.96913445615
"78267","Gargenville",5.866023552419
"78269","Gazeran",15.3846488474566
"78276","Gommecourt",15.6060549291747
"78278","Goupillieres",13.6318874430114
"78281","Goussonville",10.8172384276685
"78283","Grandchamp",22.1735475196538
"78285","Gressey",17.2000477363556
"78289","Grosrouvre",15.202354023308
"78290","Guernes",11.3394584103889
"78291","Guerville",7.88948333985131
"78296","Guitrancourt",6.73762102063552
"78297","Guyancourt",5.90172376111706
"78299","Hardricourt",4.00344906701884
"78300","Hargeville",12.1982799918455
"78302","La Hauteville",22.670019106064
"78305","Herbeville",11.1756763600336
"78307","Hermeray",21.0293983744874
"78310","Houdan",15.8621447395537
"78311","Houilles",1.32263728258643
"78314","Issou",5.25857742008332
"78317","Jambville",10.4684672495767
"78320","Jeufosse",8.99636212752219
"78321","Jouars-Pontchartrain",7.39828372890278
"78322","Jouy-en-Josas",5.96875514903016
"78324","Jouy-Mauvoisin",6.61185512267866
"78325","Jumeauville",11.4360714865166
"78327","Juziers",6.0549992951609
"78329","Lainville-en-Vexin",10.683979644024
"78334","Levis-Saint-Nom",10.5037167991928
"78335","Limay",1.6007840895181
"78337","Limetz-Villez",13.4657081276444
"78343","Les Loges-en-Josas",6.81149407410557
"78344","Lommoye",15.4426982027368
"78346","Longnes",11.0206764690798
"78349","Longvilliers",10.7829228510084
"78350","Louveciennes",5.59216118538545
"78354","Magnanville",3.14943831420016
"78356","Magny-les-Hameaux",8.71085718507098
"78358","Maisons-Laffitte",5.02995750029661
"78361","Mantes-la-Jolie",0
"78362","Mantes-la-Ville",1.57717002607871
"78364","Marcq",12.5559165092217
"78366","Mareil-le-Guyon",10.3314398295755
"78367","Mareil-Marly",6.15135223377876
"78368","Mareil-sur-Mauldre",10.2749718612662
"78372","Marly-le-Roi",5.63334460316618
"78380","Maule",9.20324263445799
"78381","Maulette",15.2412273309715
"78382","Maurecourt",5.29321636470117
"78383","Maurepas",4.66023055934833
"78384","Medan",6.39077500103233
"78385","Menerville",9.54835363883223
"78389","Mere",11.4217502824111
"78391","Mericourt",10.6138306290772
"78396","Le Mesnil-le-Roi",5.52546655184141
"78397","Le Mesnil-Saint-Denis",7.1691318357467
"78398","Les Mesnuls",10.8881272415696
"78401","Meulan-en-Yvelines",3.4529827396345
"78402","Mezieres-sur-Seine",5.8636719063025
"78403","Mezy-sur-Seine",5.57358388538498
"78404","Millemont",13.2560540442155
"78406","Milon-la-Chapelle",10.0290037437679
"78407","Mittainville",21.9845084312869
"78410","Moisson",15.4564474443886
"78413","Mondreville",13.1290277243946
"78415","Montainville",11.7380680762178
"78416","Montalet-le-Bois",9.99334149717324
"78417","Montchauvet",12.7639789688396
"78418","Montesson",3.7749951276596
"78420","Montfort-l'Amaury",11.3834435561629
"78423","Montigny-le-Bretonneux",5.08223623550168
"78431","Morainvilliers",7.57404207769474
"78437","Mousseaux-sur-Seine",12.937175538457
"78439","Mulcent",12.2608264979752
"78440","Les Mureaux",0.311557409505511
"78442","Neauphle-le-Chateau",7.91467672108239
"78443","Neauphle-le-Vieux",10.1062019682914
"78444","Neauphlette",15.9597101880778
"78451","Nezel",5.95237647574347
"78455","Noisy-le-Roi",6.70291401060676
"78460","Oinville-sur-Montcient",7.52335148866192
"78464","Orcemont",15.7399053986681
"78465","Orgerus",16.1020609818683
"78466","Orgeval",7.28325135724881
"78470","Orphin",16.0352605248227
"78472","Orsonville",15.7693309461167
"78474","Orvilliers",12.9993643267054
"78475","Osmoy",15.0262490646834
"78478","Paray-Douaville",15.1716595796496
"78481","Le Pecq",5.23074948041093
"78484","Perdreauville",7.57002529564273
"78486","Le Perray-en-Yvelines",8.97473212329791
"78490","Plaisir",6.20653947474736
"78497","Poigny-la-Foret",15.7355649971702
"78498","Poissy",2.84512778676378
"78499","Ponthevrard",14.741432951892
"78501","Porcheville",5.80953736465044
"78502","Le Port-Marly",5.29355956963778
"78503","Port-Villez",12.2727566188229
"78505","Prunay-le-Temple",15.0323896958548
"78506","Prunay-en-Yvelines",16.8215562241202
"78513","La Queue-les-Yvelines",12.1210971621628
"78516","Raizeux",21.5226575363519
"78517","Rambouillet",10.9977373705058
"78518","Rennemoulin",7.24424219112601
"78520","Richebourg",15.2977797761908
"78522","Rochefort-en-Yvelines",11.3147940023674
"78524","Rocquencourt",6.52216637731275
"78528","Rolleboise",7.84316601686658
"78530","Rosay",8.43877033149053
"78531","Rosny-sur-Seine",6.46336770008882
"78536","Sailly",7.80315455776946
"78537","Saint-Arnoult-en-Yvelines",12.3956805599941
"78545","Saint-Cyr-l'Ecole",4.72065046295738
"78548","Saint-Forget",10.7876509521699
"78550","Saint-Germain-de-la-Grange",8.98896839584365
"78551","Saint-Germain-en-Laye",5.05338639781777
"78557","Saint-Hilarion",17.4753384958797
"78558","Saint-Illiers-la-Ville",14.8345502290205
"78559","Saint-Illiers-le-Bois",16.9588474120044
"78561","Saint-Lambert",8.27976659463449
"78562","Saint-Leger-en-Yvelines",15.1924127622262
"78564","Saint-Martin-de-Brethencourt",15.71010687281
"78565","Saint-Martin-des-Champs",13.9329975495197
"78567","Saint-Martin-la-Garenne",7.90261311548607
"78569","Sainte-Mesme",13.8827803038941
"78571","Saint-Nom-la-Breteche",8.3886762981644
"78575","Saint-Remy-les-Chevreuse",10.070840529318
"78576","Saint-Remy-l'Honore",9.66666504762995
"78586","Sartrouville",0
"78588","Saulx-Marchais",12.5747638563812
"78590","Senlisse",11.2960770061834
"78591","Septeuil",10.821110326059
"78597","Soindres",6.20846115824379
"78601","Sonchamp",13.0739227718156
"78605","Tacoignieres",15.8258820268109
"78606","Le Tartre-Gaudran",22.6245036692609
"78608","Le Tertre-Saint-Denis",10.961877159529
"78609","Tessancourt-sur-Aubette",6.10433064841976
"78615","Thiverval-Grignon",10.2110746618557
"78616","Thoiry",12.3414070711676
"78618","Tilly",15.6364502791429
"78620","Toussus-le-Noble",7.28034985745962
"78621","Trappes",0.152934462333683
"78623","Le Tremblay-sur-Mauldre",9.1092249761397
"78624","Triel-sur-Seine",5.02822284775966
"78638","Vaux-sur-Seine",5.36086490180559
"78640","Velizy-Villacoublay",5.54436545244338
"78642","Verneuil-sur-Seine",5.31760253143125
"78643","Vernouillet",5.73137871209792
"78644","La Verriere",5.75947767456877
"78646","Versailles",5.03476669548604
"78647","Vert",6.26400200307855
"78650","Le Vesinet",4.98043003596171
"78653","Vicq",11.4789081667054
"78655","Vieille-Eglise-en-Yvelines",12.0039235330071
"78668","La Villeneuve-en-Chevrie",11.5969142688648
"78672","Villennes-sur-Seine",6.02846209468967
"78674","Villepreux",6.60693342490034
"78677","Villette",7.62770644548021
"78681","Villiers-le-Mahieu",14.3673145733647
"78683","Villiers-Saint-Frederic",8.08317499662354
"78686","Viroflay",5.26054941621897
"78688","Voisins-le-Bretonneux",5.93189273174557
"91001","Abbeville-la-Riviere",15.0633335705365
"91016","Angerville",16.6063398387977
"91017","Angervilliers",10.5891947211032
"91021","Arpajon",5.33804280197793
"91022","Arrancourt",15.4199243486468
"91027","Athis-Mons",1.06436835895823
"91035","Authon-la-Plaine",13.1614682030872
"91037","Auvernaux",6.82211215734293
"91038","Auvers-Saint-Georges",10.1810985063424
"91041","Avrainville",6.7071140760446
"91044","Ballainvilliers",5.16980475354567
"91045","Ballancourt-sur-Essonne",8.51997460896488
"91047","Baulne",10.0555600728538
"91064","Bievres",5.65962271030153
"91067","Blandy",21.1418796730165
"91069","Boigneville",18.6665628714973
"91075","Bois-Herpin",15.2093109925533
"91079","Boissy-la-Riviere",12.7887930685401
"91080","Boissy-le-Cutte",10.131994648548
"91081","Boissy-le-Sec",11.5195164262404
"91085","Boissy-sous-Saint-Yon",7.40704323004307
"91086","Bondoufle",5.67755664416043
"91093","Boullay-les-Troux",10.8896305842131
"91095","Bouray-sur-Juine",9.46977525197007
"91097","Boussy-Saint-Antoine",5.14725182201032
"91098","Boutervilliers",11.6872589351747
"91099","Boutigny-sur-Essonne",11.8474528048167
"91100","Bouville",10.8873077449318
"91103","Bretigny-sur-Orge",5.03902287183733
"91105","Breuillet",8.01425407348462
"91106","Breux-Jouy",9.07366785004553
"91109","Brieres-les-Scelles",10.2959902053899
"91111","Briis-sous-Forges",9.24264405863254
"91112","Brouy",20.517382412422
"91114","Brunoy",4.22779443582625
"91115","Bruyeres-le-Chatel",7.6630800207925
"91121","Buno-Bonnevaux",16.6785825762003
"91122","Bures-sur-Yvette",6.55930504853307
"91129","Cerny",11.0855113646186
"91130","Chalo-Saint-Mars",15.0436111407573
"91131","Chalou-Moulineux",16.0533008000475
"91132","Chamarande",9.33815057553034
"91135","Champcueil",11.1157271721032
"91136","Champlan",4.22546702906208
"91137","Champmotteux",17.7209474794509
"91145","Chatignonville",14.4693821010809
"91148","Chauffour-les-Etrechy",9.81926404648734
"91156","Cheptainville",7.91353759289759
"91159","Chevannes",8.63727096759515
"91161","Chilly-Mazarin",2.2172244669713
"91174","Corbeil-Essonnes",0
"91175","Corbreuse",14.2376701204844
"91179","Le Coudray-Montceaux",5.32878009929277
"91180","Courances",10.4537256817179
"91182","Courcouronnes",1.94814551661092
"91184","Courdimanche-sur-Essonne",13.147161978462
"91186","Courson-Monteloup",10.0047990607963
"91191","Crosne",1.98593763940181
"91195","Dannemois",10.638366466476
"91198","D'Huison-Longueville",11.3193322443939
"91200","Dourdan",11.3963203849534
"91201","Draveil",3.11964415680913
"91204","Echarcon",6.6030085585322
"91207","Egly",6.2947614233573
"91215","Epinay-sous-Senart",4.92730130655739
"91216","Epinay-sur-Orge",3.20824926714573
"91222","Estouches",20.2791804347223
"91223","Etampes",8.74598444550961
"91225","Etiolles",5.08925587342855
"91226","Etrechy",8.71023586445872
"91228","Evry",0
"91232","La Ferte-Alais",10.2248950749941
"91235","Fleury-Merogis",5.01953513848376
"91240","Fontaine-la-Riviere",13.3685651474293
"91243","Fontenay-les-Briis",8.00093030699879
"91244","Fontenay-le-Vicomte",7.41804470701029
"91247","La Foret-le-Roi",11.3956795123974
"91248","La Foret-Sainte-Croix",13.2977370940694
"91249","Forges-les-Bains",10.8494028762367
"91272","Gif-sur-Yvette",8.72445405580843
"91273","Gironville-sur-Essonne",15.7169153849443
"91274","Gometz-la-Ville",7.76504883495964
"91275","Gometz-le-Chatel",7.96467128344116
"91284","Les Granges-le-Roi",11.6509839322011
"91286","Grigny",0.52531851478323
"91292","Guibeville",6.75310963971916
"91293","Guigneville-sur-Essonne",10.7711069268082
"91294","Guillerval",14.6184199508356
"91312","Igny",5.41798494792093
"91315","Itteville",10.0554935233968
"91318","Janville-sur-Juine",10.3893930471903
"91319","Janvry",9.23316644341746
"91326","Juvisy-sur-Orge",1.82753064741939
"91330","Lardy",10.1222576272985
"91332","Leudeville",7.80659100032207
"91333","Leuville-sur-Orge",5.54827323478545
"91338","Limours",10.5278498367371
"91339","Linas",6.74663118929907
"91340","Lisses",5.23137607788999
"91345","Longjumeau",5.00623050867302
"91347","Longpont-sur-Orge",5.0055938435631
"91359","Maisse",14.0586291222608
"91363","Marcoussis",6.22559285529688
"91374","Marolles-en-Beauce",14.3595581542818
"91376","Marolles-en-Hurepoix",7.15367956814931
"91377","Massy",1.48381520063644
"91378","Mauchamps",8.67262251775724
"91386","Mennecy",6.27845701553783
"91390","Mereville",18.0986470731766
"91393","Merobert",15.4132814923983
"91399","Mespuits",16.0664170919642
"91405","Milly-la-Foret",11.8366559288892
"91408","Moigny-sur-Ecole",12.127446481215
"91411","Les Molieres",10.2982412267779
"91412","Mondeville",11.501938677842
"91414","Monnerville",14.4220080671584
"91421","Montgeron",1.55595509458399
"91425","Montlhery",5.04659313960488
"91432","Morangis",2.85891291244398
"91433","Morigny-Champigny",9.6002207283635
"91434","Morsang-sur-Orge",1.48723223244723
"91435","Morsang-sur-Seine",7.01373472502891
"91441","Nainville-les-Roches",9.94049575607836
"91457","La Norville",5.83353045374759
"91458","Nozay",6.15311882065337
"91461","Ollainville",6.12309235541414
"91463","Oncy-sur-Ecole",14.0909017911548
"91468","Ormoy",6.0821437498185
"91469","Ormoy-la-Riviere",11.3176647020896
"91471","Orsay",5.87059961842847
"91473","Orveau",11.9576948396115
"91477","Palaiseau",5.64397939215008
"91479","Paray-Vieille-Poste",3.02886230242636
"91482","Pecqueuse",10.7898579595714
"91494","Le Plessis-Pate",5.3779581973444
"91495","Plessis-Saint-Benoist",13.9819969310653
"91507","Prunay-sur-Essonne",16.7510495278206
"91508","Puiselet-le-Marais",14.2105870346385
"91511","Pussay",15.8778040519955
"91514","Quincy-sous-Senart",5.05657044397416
"91519","Richarville",14.4738995165082
"91521","Ris-Orangis",1.5971544810185
"91525","Roinville",11.4405002836341
"91526","Roinvilliers",16.6051509611673
"91533","Saclas",14.3097975203571
"91534","Saclay",6.20836011471552
"91538","Saint-Aubin",7.50973486320764
"91540","Saint-Cheron",10.2912687857257
"91544","Saint-Cyr-la-Riviere",14.0087396041037
"91546","Saint-Cyr-sous-Dourdan",10.901367021883
"91547","Saint-Escobille",14.47222317355
"91549","Sainte-Genevieve-des-Bois",1.21184658527654
"91552","Saint-Germain-les-Arpajon",5.67051550723025
"91553","Saint-Germain-les-Corbeil",2.86760241646769
"91556","Saint-Hilaire",12.8487990015571
"91560","Saint-Jean-de-Beauregard",7.5605455600861
"91568","Saint-Maurice-Montcouronne",10.1346677786746
"91570","Saint-Michel-sur-Orge",3.06386029197175
"91573","Saint-Pierre-du-Perray",3.35861838420736
"91577","Saintry-sur-Seine",4.57209629134897
"91578","Saint-Sulpice-de-Favieres",9.86563373565513
"91579","Saint-Vrain",8.61679073028396
"91581","Saint-Yon",7.48350446675962
"91587","Saulx-les-Chartreux",5.24419690862536
"91589","Savigny-sur-Orge",0.880819691920038
"91593","Sermaise",12.3880302957747
"91599","Soisy-sur-Ecole",10.4069606495415
"91600","Soisy-sur-Seine",5.04445380982469
"91602","Souzy-la-Briche",10.123065250743
"91613","Congerville-Thionville",16.9187381851984
"91617","Tigery",4.87944957309393
"91619","Torfou",9.6774393258057
"91629","Valpuiseaux",14.4364791060911
"91630","Le Val-Saint-Germain",10.7975955462626
"91631","Varennes-Jarcy",5.86107408041862
"91634","Vaugrigneuse",10.2413940063194
"91635","Vauhallan",5.87162795699494
"91639","Vayres-sur-Essonne",12.0153507772366
"91645","Verrieres-le-Buisson",3.92069133331734
"91648","Vert-le-Grand",7.19037167858531
"91649","Vert-le-Petit",8.41082851708323
"91654","Videlles",10.9199818902193
"91657","Vigneux-sur-Seine",0.984783352281468
"91659","Villabe",5.66240535675517
"91661","Villebon-sur-Yvette",6.03571485910262
"91662","Villeconin",10.0441181395488
"91665","La Ville-du-Bois",5.42008836258935
"91666","Villejust",5.7894827806337
"91667","Villemoisson-sur-Orge",2.69862886932237
"91671","Villeneuve-sur-Auvers",10.695115090925
"91679","Villiers-le-Bacle",7.19909630777525
"91685","Villiers-sur-Orge",5.35613524423994
"91687","Viry-Chatillon",1.61445576484813
"91689","Wissous",5.03773779980961
"91691","Yerres",2.30502819257122
"91692","Les Ulis",6.0463269998128
"92002","Antony",2.16278742454148
"92004","Asnieres-sur-Seine",0
"92007","Bagneux",0.417611952429144
"92009","Bois-Colombes",0.791876626020921
"92012","Boulogne-Billancourt",0.400664287649964
"92014","Bourg-la-Reine",1.55165695015218
"92019","Chatenay-Malabry",1.96029048888745
"92020","Chatillon",0.861140528985024
"92022","Chaville",5.007041906359
"92023","Clamart",0.778702382627939
"92024","Clichy",0
"92025","Colombes",0
"92026","Courbevoie",0.305424055259098
"92032","Fontenay-aux-Roses",1.24844308656246
"92033","Garches",5.22259114634899
"92035","La Garenne-Colombes",0.638012746572343
"92036","Gennevilliers",0
"92040","Issy-les-Moulineaux",0.625997707691957
"92044","Levallois-Perret",0.498767047932383
"92046","Malakoff",0.615995698023359
"92047","Marnes-la-Coquette",5.10986867319666
"92048","Meudon",1.89198181424464
"92049","Montrouge",0.555070292339894
"92050","Nanterre",0
"92051","Neuilly-sur-Seine",0.981276149241245
"92060","Le Plessis-Robinson",2.24659072317458
"92062","Puteaux",0.877821489632482
"92063","Rueil-Malmaison",2.19759523184893
"92064","Saint-Cloud",3.10814807992487
"92071","Sceaux",2.13536607419552
"92072","Sevres",2.61017772932598
"92073","Suresnes",1.15437853797757
"92075","Vanves",0.766163136780699
"92076","Vaucresson",5.17576831586919
"92077","Ville-d'Avray",5.16063154809572
"92078","Villeneuve-la-Garenne",0.275468753653963
"93001","Aubervilliers",0
"93005","Aulnay-sous-Bois",0
"93006","Bagnolet",0.138933553213189
"93007","Le Blanc-Mesnil",0
"93008","Bobigny",0
"93010","Bondy",0
"93013","Le Bourget",0.482980404369629
"93014","Clichy-sous-Bois",0.134309181265752
"93015","Coubron",2.53427104942171
"93027","La Courneuve",0
"93029","Drancy",0
"93030","Dugny",0.789680091685676
"93031","Epinay-sur-Seine",0
"93032","Gagny",0.618848222079153
"93033","Gournay-sur-Marne",1.70156586503607
"93039","L'Ile-Saint-Denis",0.529202292156913
"93045","Les Lilas",0.320870682068912
"93046","Livry-Gargan",0.128454414996244
"93047","Montfermeil",0.723659105795554
"93048","Montreuil",0
"93049","Neuilly-Plaisance",0.948078566320566
"93050","Neuilly-sur-Marne",0.516484620568656
"93051","Noisy-le-Grand",0
"93053","Noisy-le-Sec",0
"93055","Pantin",0
"93057","Les Pavillons-sous-Bois",0.520040572493967
"93059","Pierrefitte-sur-Seine",0.229684378002777
"93061","Le Pre-Saint-Gervais",0.28789040174548
"93062","Le Raincy",0.879318258348507
"93063","Romainville",0.225024459139697
"93064","Rosny-sous-Bois",0.194779807646606
"93066","Saint-Denis",0
"93070","Saint-Ouen",0
"93071","Sevran",0
"93072","Stains",0.0313617526500246
"93073","Tremblay-en-France",1.44987932081968
"93074","Vaujours",1.43453897015632
"93077","Villemomble",0.476288165697152
"93078","Villepinte",0.0685222355479909
"93079","Villetaneuse",0.934712641976717
"94001","Ablon-sur-Seine",1.93102469214094
"94002","Alfortville",0.0821498778330089
"94003","Arcueil",0.757289355253723
"94004","Boissy-Saint-Leger",2.24958020665626
"94011","Bonneuil-sur-Marne",1.62050042622796
"94015","Bry-sur-Marne",1.25015902342756
"94016","Cachan",0.785252248763234
"94017","Champigny-sur-Marne",0
"94018","Charenton-le-Pont",1.09007984219813
"94019","Chennevieres-sur-Marne",2.33191276991061
"94021","Chevilly-Larue",0.97587019389332
"94022","Choisy-le-Roi",0.0468456394987601
"94028","Creteil",0
"94033","Fontenay-sous-Bois",0.319395449386475
"94034","Fresnes",1.82479828384038
"94037","Gentilly",0.58472964239822
"94038","L'Hay-les-Roses",1.13196574832698
"94041","Ivry-sur-Seine",0
"94042","Joinville-le-Pont",1.4598435621932
"94043","Le Kremlin-Bicetre",0.557204466698198
"94044","Limeil-Brevannes",2.04961382312608
"94046","Maisons-Alfort",0.263839374552746
"94047","Mandres-les-Roses",5.77137636626065
"94048","Marolles-en-Brie",6.26161096963492
"94052","Nogent-sur-Marne",1.47331289154039
"94053","Noiseau",4.55655972313916
"94054","Orly",1.97642740494665
"94055","Ormesson-sur-Marne",3.90487531420303
"94056","Perigny",5.93660471154987
"94058","Le Perreux-sur-Marne",1.00939399016611
"94059","Le Plessis-Trevise",3.01498323569769
"94060","La Queue-en-Brie",3.86117228278915
"94065","Rungis",5.02043462638811
"94067","Saint-Mande",0.589141497159059
"94068","Saint-Maur-des-Fosses",0.71294203618343
"94069","Saint-Maurice",2.5079654596206
"94070","Santeny",7.20903642511272
"94071","Sucy-en-Brie",2.99385930657582
"94073","Thiais",0.648834991817534
"94074","Valenton",1.83980618773523
"94075","Villecresnes",5.4200495119916
"94076","Villejuif",0
"94077","Villeneuve-le-Roi",1.10356812913032
"94078","Villeneuve-Saint-Georges",0
"94079","Villiers-sur-Marne",0.833014810419638
"94080","Vincennes",0.673644225467147
"94081","Vitry-sur-Seine",0
"95002","Ableiges",7.01926583124271
"95008","Aincourt",10.0797403450013
"95011","Ambleville",16.4362913482595
"95012","Amenucourt",16.6361254020362
"95014","Andilly",5.15022125787053
"95018","Argenteuil",0
"95019","Arnouville",1.13343428005865
"95023","Arronville",11.9978132382577
"95024","Arthies",10.8590929922612
"95026","Asnieres-sur-Oise",10.0095151274583
"95028","Attainville",5.81760604107651
"95039","Auvers-sur-Oise",5.59823065026081
"95040","Avernes",10.0775486545753
"95042","Baillet-en-France",6.09193750082222
"95046","Banthelu",11.7386746965637
"95051","Beauchamp",3.62492899165931
"95052","Beaumont-sur-Oise",6.49337245915802
"95054","Le Bellay-en-Vexin",12.0466776867091
"95055","Bellefontaine",10.1080129605916
"95056","Belloy-en-France",7.46916316545659
"95058","Bernes-sur-Oise",8.55505458990304
"95059","Berville",15.547862683597
"95060","Bessancourt",5.1110931550963
"95061","Bethemont-la-Foret",6.51076979374179
"95063","Bezons",0.404436673113141
"95074","Boisemont",5.31231353440443
"95078","Boissy-l'Aillerie",5.80836780347232
"95088","Bonneuil-en-France",1.97406471299667
"95091","Bouffemont",6.04104010851831
"95094","Bouqueval",5.18673644337046
"95101","Bray-et-Lu",17.3718124956547
"95102","Breancon",10.8944582047787
"95110","Brignancourt",12.0820494346906
"95116","Bruyeres-sur-Oise",11.0309446367532
"95119","Buhy",16.4150090618144
"95120","Butry-sur-Oise",6.15869823471281
"95127","Cergy",0
"95134","Champagne-sur-Oise",7.94502230534315
"95139","La Chapelle-en-Vexin",14.3052292529506
"95141","Charmont",11.5250828258103
"95142","Chars",13.1484148757054
"95144","Chatenay-en-France",8.400810338202
"95149","Chaumontel",10.2732904529212
"95150","Chaussy",16.123044998331
"95151","Chauvry",6.07775828739479
"95154","Chennevieres-les-Louvres",5.88339929090759
"95157","Cherence",14.3313282229532
"95166","Clery-en-Vexin",10.931795135162
"95169","Commeny",10.4795953863517
"95170","Condecourt",6.72373328019683
"95176","Cormeilles-en-Parisis",2.51799687365461
"95177","Cormeilles-en-Vexin",7.92883464962486
"95181","Courcelles-sur-Viosne",5.92857290637386
"95183","Courdimanche",4.45377561931798
"95197","Deuil-la-Barre",1.99438870388353
"95199","Domont",5.47537638543398
"95203","Eaubonne",2.77500787351137
"95205","Ecouen",2.60717997031971
"95210","Enghien-les-Bains",1.39597530007781
"95211","Ennery",5.41138803385489
"95212","Epiais-les-Louvres",8.86921102995122
"95213","Epiais-Rhus",9.4227316442626
"95214","Epinay-Champlatreux",7.5800018421542
"95218","Eragny",3.11245366846561
"95219","Ermont",1.69802986154341
"95229","Ezanville",4.55540965373141
"95241","Fontenay-en-Parisis",5.59616488939266
"95250","Fosses",10.230636641345
"95252","Franconville",1.15537515665641
"95253","Fremainville",10.1475075518513
"95254","Fremecourt",10.2020385191303
"95256","Frepillon",5.18021992888902
"95257","La Frette-sur-Seine",5.03624536389371
"95258","Frouville",11.8473902083426
"95259","Gadancourt",11.514825960318
"95268","Garges-les-Gonesse",0
"95270","Genainville",15.3344333778478
"95271","Genicourt",5.58501805425725
"95277","Gonesse",1.09025579902595
"95280","Goussainville",0
"95282","Gouzangrez",10.3387664316567
"95287","Grisy-les-Platres",9.54953584722325
"95288","Groslay",1.86171114329492
"95295","Guiry-en-Vexin",11.0847150097912
"95298","Haravilliers",13.9517049123271
"95301","Haute-Isle",12.324831888796
"95303","Le Heaulme",15.3786180714641
"95304","Hedouville",11.9444264633126
"95306","Herblay",4.25785464291686
"95308","Herouville",6.32891510734303
"95309","Hodent",12.3090755849133
"95313","L'Isle-Adam",7.39209605137965
"95316","Jagny-sous-Bois",8.30546048400533
"95323","Jouy-le-Moutier",5.22725939991164
"95328","Labbeville",10.3877543834449
"95331","Lassy",9.85745673194505
"95341","Livilliers",6.41220558857444
"95348","Longuesse",7.85576015812846
"95351","Louvres",6.34125662894191
"95352","Luzarches",8.64051341870232
"95353","Maffliers",6.06204694845927
"95355","Magny-en-Vexin",11.5532307068384
"95365","Mareil-en-France",7.03757719250479
"95369","Margency",3.44417129709873
"95370","Marines",11.129741960492
"95371","Marly-la-Ville",10.0070962146432
"95379","Maudetour-en-Vexin",13.0859265078772
"95387","Menouville",10.360577872344
"95388","Menucourt",5.90563256919682
"95392","Meriel",5.86212168716501
"95394","Mery-sur-Oise",5.40456947186935
"95395","Le Mesnil-Aubry",6.04561977381513
"95409","Moisselles",5.38529360964415
"95422","Montgeroult",6.45212734847154
"95424","Montigny-les-Cormeilles",1.91482121531061
"95426","Montlignon",4.78976013719913
"95427","Montmagny",1.16850193686945
"95428","Montmorency",3.79462624092293
"95429","Montreuil-sur-Epte",19.470674512678
"95430","Montsoult",5.98263055914951
"95436","Mours",6.87167239841038
"95438","Moussy",11.5214295062066
"95445","Nerville-la-Foret",7.68873568818653
"95446","Nesles-la-Vallee",7.61501276781045
"95447","Neuilly-en-Vexin",13.6002254151626
"95450","Neuville-sur-Oise",5.23500065389159
"95452","Nointel",8.85510436463583
"95456","Noisy-sur-Oise",10.135352240525
"95459","Nucourt",13.0771872925254
"95462","Omerville",15.8525950915136
"95476","Osny",5.07687931977719
"95480","Parmain",7.21111733533755
"95483","Le Perchay",10.2897366334669
"95487","Persan",6.56737643473869
"95488","Pierrelaye",5.42743375361601
"95489","Piscop",3.82578309849745
"95491","Le Plessis-Bouchard",2.99104770450404
"95492","Le Plessis-Gassot",5.5275782680923
"95493","Le Plessis-Luzarches",10.2445481272256
"95500","Pontoise",1.4371054234575
"95504","Presles",8.09390109695972
"95509","Puiseux-en-France",8.1169139349491
"95510","Puiseux-Pontoise",3.35989125774591
"95523","La Roche-Guyon",13.9381603903595
"95527","Roissy-en-France",5.61923345779463
"95529","Ronquerolles",11.2368649539534
"95535","Sagy",6.62546404764436
"95539","Saint-Brice-sous-Foret",1.65923122800797
"95541","Saint-Clair-sur-Epte",16.8862580969092
"95543","Saint-Cyr-en-Arthies",10.1929235972479
"95554","Saint-Gervais",13.9863549715801
"95555","Saint-Gratien",1.10617620190662
"95563","Saint-Leu-la-Foret",5.06011914873068
"95566","Saint-Martin-du-Tertre",10.3672420795903
"95572","Saint-Ouen-l'Aumone",1.44897174504313
"95574","Saint-Prix",5.68712854877311
"95580","Saint-Witz",8.8285684071745
"95582","Sannois",0.786325536916222
"95584","Santeuil",11.0369040773497
"95585","Sarcelles",0
"95592","Seraincourt",7.24891519017505
"95594","Seugy",10.2098635521904
"95598","Soisy-sous-Montmorency",2.74339636956929
"95604","Survilliers",10.073627677572
"95607","Taverny",5.08996596204712
"95610","Themericourt",8.6697475043969
"95611","Theuville",13.1312632131079
"95612","Le Thillay",4.09321744187057
"95625","Us",8.94541790273729
"95627","Vallangoujard",8.11472558551935
"95628","Valmondois",7.11672315210289
"95633","Vaudherland",5.12078076553512
"95637","Vaureal",3.35182458384099
"95641","Vemars",10.0819350408062
"95651","Vetheuil",10.269100948915
"95652","Viarmes",9.86157456811494
"95656","Vienne-en-Arthies",11.6541692851296
"95658","Vigny",7.23453964639861
"95660","Villaines-sous-Bois",6.4268252060436
"95675","Villeron",8.98056836690837
"95676","Villers-en-Arthies",12.5419655535607
"95678","Villiers-Adam",6.21041795419404
"95680","Villiers-le-Bel",0.608796198841628
"95682","Villiers-le-Sec",6.40426943781344
"95690","Wy-dit-Joli-Village",11.5373363216961
