"ID","NAMES","ouvrier_AsTheCrowFlies_ACC_0.01"
"75101","Paris 1er Arrondissement",1237.82100902978
"75102","Paris 2e  Arrondissement",868.207707830839
"75103","Paris 3e  Arrondissement",767.159655848201
"75104","Paris 4e  Arrondissement",1004.686652978
"75105","Paris 5e  Arrondissement",1144.52088355699
"75106","Paris 6e  Arrondissement",1413.83755703652
"75107","Paris 7e  Arrondissement",1698.17304345764
"75108","Paris 8e  Arrondissement",1330.5844521346
"75109","Paris 9e  Arrondissement",689.041985183928
"75110","Paris 10e  Arrondissement",277.43010372317
"75111","Paris 11e  Arrondissement",238.838669504455
"75112","Paris 12e  Arrondissement",923.133343170784
"75113","Paris 13e  Arrondissement",197.433027882352
"75114","Paris 14e  Arrondissement",769.735524744453
"75115","Paris 15e  Arrondissement",588.650030496443
"75116","Paris 16e  Arrondissement",2549.25009067043
"75117","Paris 17e  Arrondissement",381.821565709783
"75118","Paris 18e  Arrondissement",0
"75119","Paris 19e  Arrondissement",0
"75120","Paris 20e  Arrondissement",0
"77001","Acheres-la-Foret",14765.7421220623
"77002","Amillis",15341.0647082141
"77003","Amponville",17875.6522050525
"77004","Andrezel",10967.8659526873
"77005","Annet-sur-Marne",6083.24147755063
"77006","Arbonne-la-Foret",12165.8728846631
"77007","Argentieres",12750.0854564317
"77008","Armentieres-en-Brie",9772.40644404429
"77009","Arville",23171.7464826965
"77010","Aubepierre-Ozouer-le-Repos",13433.3252684987
"77011","Aufferville",20786.8094981688
"77012","Augers-en-Brie",21145.579795243
"77013","Aulnoy",12182.8558762143
"77014","Avon",10983.2829489723
"77015","Baby",26230.8296334949
"77016","Bagneaux-sur-Loing",17803.5893361339
"77018","Bailly-Romainvilliers",7969.25747710182
"77019","Balloy",18345.7539496704
"77020","Bannost-Villegagnon",16869.7514062343
"77021","Barbey",16631.3204155462
"77022","Barbizon",9620.25557924401
"77023","Barcy",8800.30267098198
"77024","Bassevelle",18431.5260390156
"77025","Bazoches-les-Bray",19633.6510821016
"77026","Beauchery-Saint-Martin",24701.478775258
"77027","Beaumont-du-Gatinais",26841.0131533923
"77028","Beautheil",14314.9094878618
"77029","Beauvoir",12637.1991743117
"77030","Bellot",19575.5332695321
"77031","Bernay-Vilbert",13624.6844221547
"77032","Beton-Bazoches",17609.2292347705
"77033","Bezalles",17809.4357870725
"77034","Blandy",10217.076094089
"77035","Blennes",20749.6346681655
"77036","Boisdon",17462.0556129293
"77037","Bois-le-Roi",8055.48371918352
"77038","Boissettes",4301.29415268036
"77039","Boissise-la-Bertrand",4766.73721486478
"77040","Boissise-le-Roi",6255.73256694533
"77041","Boissy-aux-Cailles",17561.2311033684
"77042","Boissy-le-Chatel",13333.6074837947
"77043","Boitron",17063.3662691046
"77044","Bombon",12504.7172701754
"77045","Bougligny",20092.8437900037
"77046","Boulancourt",20487.9561184352
"77047","Bouleurs",8486.68321486539
"77048","Bourron-Marlotte",12978.0976943935
"77049","Boutigny",7354.3225238245
"77050","Bransles",23469.4726444209
"77051","Bray-sur-Seine",20947.1497685698
"77052","Breau",12733.473032114
"77053","Brie-Comte-Robert",6154.8715039634
"77054","La Brosse-Montceaux",16829.0330270647
"77055","Brou-sur-Chantereine",3691.2581150118
"77056","Burcy",20636.1668770141
"77057","Bussieres",16588.8329063807
"77058","Bussy-Saint-Georges",5449.24980198064
"77059","Bussy-Saint-Martin",4051.88914656523
"77060","Buthiers",19199.8094569896
"77061","Cannes-Ecluse",15129.450129387
"77062","Carnetin",5416.61165601631
"77063","La Celle-sur-Morin",11944.7209738982
"77065","Cely",10047.1135696338
"77066","Cerneux",20699.189446424
"77067","Cesson",4608.81476244683
"77068","Cessoy-en-Montois",16261.3793535866
"77069","Chailly-en-Biere",8120.31018924719
"77070","Chailly-en-Brie",14026.4975340278
"77071","Chaintreaux",19897.8662174275
"77072","Chalautre-la-Grande",26705.3775791181
"77073","Chalautre-la-Petite",21420.1320096268
"77075","Chalifert",6692.89880066306
"77076","Chalmaison",19655.6000329586
"77077","Chambry",7449.60606753014
"77078","Chamigny",14541.5420947338
"77079","Champagne-sur-Seine",11322.8459152994
"77080","Champcenest",18639.2730548925
"77081","Champdeuil",8974.73594576032
"77082","Champeaux",10914.436564438
"77083","Champs-sur-Marne",2737.41022196842
"77084","Changis-sur-Marne",9860.7778382106
"77085","Chanteloup-en-Brie",5484.11706045445
"77086","La Chapelle-Gauthier",12150.1944351319
"77087","La Chapelle-Iger",15053.1970628775
"77088","La Chapelle-la-Reine",15916.8647332335
"77089","La Chapelle-Rablais",13829.7463256787
"77090","La Chapelle-Saint-Sulpice",17212.9040255466
"77091","Les Chapelles-Bourbon",10539.119799709
"77093","La Chapelle-Moutils",22166.6356849496
"77094","Charmentray",7782.82353809787
"77095","Charny",8142.19222949287
"77096","Chartrettes",7574.70935239862
"77097","Chartronges",17677.3006421106
"77098","Chateaubleau",16340.7119340154
"77099","Chateau-Landon",23550.5616844961
"77100","Le Chatelet-en-Brie",10544.1285708681
"77101","Chatenay-sur-Seine",16180.8043454536
"77102","Chatenoy",18625.3521932443
"77103","Chatillon-la-Borde",11166.8216769008
"77104","Chatres",10612.0688436717
"77106","Chauffry",14240.5539312757
"77107","Chaumes-en-Brie",12033.3236414648
"77108","Chelles",2760.9048923993
"77109","Chenoise",17308.732385322
"77110","Chenou",22796.8772901298
"77111","Chessy",6323.75644263493
"77112","Chevrainvilliers",18289.5229901755
"77113","Chevru",16250.4488589404
"77114","Chevry-Cossigny",6921.28479959823
"77115","Chevry-en-Sereine",18879.4308068621
"77116","Choisy-en-Brie",16119.8881207957
"77117","Citry",17877.1369102953
"77118","Claye-Souilly",5739.13315188344
"77119","Clos-Fontaine",15532.8212710398
"77120","Cocherel",14472.3287229828
"77121","Collegien",4274.06064895571
"77122","Combs-la-Ville",5241.6402967072
"77123","Compans",6285.04375427926
"77124","Conches-sur-Gondoire",5020.49426660199
"77125","Conde-Sainte-Libiaire",7150.65826181807
"77126","Congis-sur-Therouanne",9871.11269272627
"77127","Coubert",8588.88839619678
"77128","Couilly-Pont-aux-Dames",7825.57230335146
"77129","Coulombs-en-Valois",18586.2689891677
"77130","Coulommes",8329.06272292256
"77131","Coulommiers",13057.6356124446
"77132","Coupvray",6964.54257828942
"77133","Courcelles-en-Bassee",15435.7482270354
"77134","Courchamp",19255.8114041687
"77135","Courpalay",14456.4061286475
"77136","Courquetaine",9567.98546198608
"77137","Courtacon",18811.4020137871
"77138","Courtomer",13179.4329694627
"77139","Courtry",3238.4495498366
"77140","Coutencon",14045.2708904265
"77141","Coutevroult",8426.75383030516
"77142","Crecy-la-Chapelle",9746.96792987152
"77143","Cregy-les-Meaux",6326.4162985636
"77144","Crevecoeur-en-Brie",11848.1007764809
"77145","Crisenoy",9018.0340954955
"77146","Croissy-Beaubourg",3880.928627666
"77147","La Croix-en-Brie",16051.8774282995
"77148","Crouy-sur-Ourcq",17620.8555145817
"77149","Cucharmoy",17227.9972507404
"77150","Cuisy",9569.13365438135
"77151","Dagny",16052.3669548946
"77152","Dammarie-les-Lys",4544.32286515093
"77153","Dammartin-en-Goele",9423.67628684115
"77154","Dammartin-sur-Tigeaux",10669.7278041107
"77155","Dampmart",6094.57100304468
"77156","Darvault",14502.3574949019
"77157","Dhuisy",17573.4100520981
"77158","Diant",18153.1451635874
"77159","Donnemarie-Dontilly",15923.5971967051
"77161","Dormelles",13798.0812284289
"77162","Doue",13478.1750126431
"77163","Douy-la-Ramee",11901.1391333941
"77164","Echouboulains",12792.687427554
"77165","Les Ecrennes",12211.3277478241
"77166","Ecuelles",11949.1731105204
"77167","Egligny",16448.0301824593
"77168","Egreville",21522.4670392987
"77169","Emerainville",3154.62986424058
"77170","Episy",12360.4517091035
"77171","Esbly",7107.86214607398
"77172","Esmans",15095.9561504375
"77173","Etrepilly",10865.7139926484
"77174","Everly",20470.9786678319
"77175","Evry-Gregy-sur-Yerre",6934.42780135939
"77176","Faremoutiers",12800.6878155451
"77177","Favieres",7765.27986610674
"77178","Fay-les-Nemours",18146.6791098133
"77179","Fericy",10740.5883639933
"77180","Ferolles-Attilly",5830.13058798873
"77181","Ferrieres-en-Brie",5252.83146057182
"77182","La Ferte-Gaucher",18826.3970550549
"77183","La Ferte-sous-Jouarre",13211.5178193116
"77184","Flagy",14624.1864213392
"77185","Fleury-en-Biere",10583.8551500483
"77186","Fontainebleau",11188.6591771153
"77187","Fontaine-Fourches",27763.855202223
"77188","Fontaine-le-Port",9573.0190152178
"77190","Fontains",14831.3435725719
"77191","Fontenailles",13546.1898304693
"77192","Fontenay-Tresigny",12064.2755366587
"77193","Forfry",11221.5430291485
"77194","Forges",12987.2916796878
"77195","Fouju",9415.87080943651
"77196","Fresnes-sur-Marne",7525.85647082302
"77197","Fretoy",16724.4780335312
"77198","Fromont",19986.691327568
"77199","Fublaines",6702.34740550167
"77200","Garentreville",19965.5045948685
"77201","Gastins",15527.9013391436
"77202","La Genevraye",12910.2011065616
"77203","Germigny-l'Eveque",7890.23416648684
"77204","Germigny-sous-Coulombs",18978.9869058588
"77205","Gesvres-le-Chapitre",10156.0051525883
"77206","Giremoutiers",11179.7140169512
"77207","Gironville",24844.286003994
"77208","Gouaix",21504.7552451679
"77209","Gouvernes",4331.96280514122
"77210","La Grande-Paroisse",12170.6015340854
"77211","Grandpuits-Bailly-Carrois",15026.1421966668
"77212","Gravon",17895.8998781011
"77214","Gressy",5844.48109093057
"77215","Gretz-Armainvilliers",7417.12236178222
"77216","Grez-sur-Loing",14118.6296825913
"77217","Grisy-Suisnes",7854.28439763378
"77218","Grisy-sur-Seine",23327.7512798054
"77219","Guerard",11069.3433811318
"77220","Guercheville",18549.1800262153
"77221","Guermantes",4862.80777496345
"77222","Guignes",10930.7828794287
"77223","Gurcy-le-Chatel",15370.0598555971
"77224","Hautefeuille",12606.2517429768
"77225","La Haute-Maison",10069.6221246861
"77226","Hericy",10766.9672389929
"77227","Herme",23440.8173243254
"77228","Hondevilliers",19492.8639137508
"77229","La Houssaye-en-Brie",11005.9016509164
"77230","Ichy",21874.6574399176
"77231","Isles-les-Meldeuses",10210.3812506064
"77232","Isles-les-Villenoy",6889.40607409163
"77233","Iverny",8704.73561836833
"77234","Jablines",6889.78984801233
"77235","Jaignes",12046.8197962984
"77236","Jaulnes",22323.4645054041
"77237","Jossigny",6541.19724017697
"77238","Jouarre",12164.5070840089
"77239","Jouy-le-Chatel",16278.3702188445
"77240","Jouy-sur-Morin",17602.8890158159
"77241","Juilly",8648.12196415754
"77242","Jutigny",18506.6700634947
"77243","Lagny-sur-Marne",4932.74857437314
"77244","Larchant",16581.6201058641
"77245","Laval-en-Brie",13518.6362901004
"77246","Lechelle",23747.0505687982
"77247","Lescherolles",20759.0825299888
"77248","Lesches",7147.04774466162
"77249","Lesigny",5102.10822102817
"77250","Leudon-en-Brie",17985.2577315364
"77251","Lieusaint",4773.2543506268
"77252","Limoges-Fourches",7432.32763513173
"77253","Lissy",8093.23746721811
"77254","Liverdy-en-Brie",10152.9474569111
"77255","Livry-sur-Seine",6100.50574476201
"77256","Lizines",16807.8978915993
"77257","Lizy-sur-Ourcq",12378.965494228
"77258","Lognes",3206.11391705029
"77259","Longperrier",8616.30128819085
"77260","Longueville",18738.285733842
"77261","Lorrez-le-Bocage-Preaux",17601.0002788163
"77262","Louan-Villegruis-Fontaine",27739.5136418937
"77263","Luisetaines",17654.9164602654
"77264","Lumigny-Nesles-Ormeaux",13311.7640993112
"77265","Luzancy",15786.2857064027
"77266","Machault",11367.4452773469
"77267","La Madeleine-sur-Loing",19120.7822954172
"77268","Magny-le-Hongre",7577.23718752609
"77269","Maincy",6257.93943215106
"77270","Maisoncelles-en-Brie",10488.7139413046
"77271","Maisoncelles-en-Gatinais",21954.0716073789
"77272","Maison-Rouge",16700.1464295468
"77273","Marchemoret",10686.8310782489
"77274","Marcilly",10138.8502450345
"77275","Les Marets",19853.0812188026
"77276","Mareuil-les-Meaux",6218.14176181502
"77277","Marles-en-Brie",12146.6387399508
"77278","Marolles-en-Brie",14959.3304709653
"77279","Marolles-sur-Seine",15629.0419940865
"77280","Mary-sur-Marne",11711.8387152813
"77281","Mauperthuis",13411.0418071922
"77282","Mauregard",5958.23956888986
"77283","May-en-Multien",14887.9315111387
"77284","Meaux",5145.20687139537
"77285","Le Mee-sur-Seine",3502.38516798082
"77286","Meigneux",15726.0858572281
"77287","Meilleray",23770.5053471132
"77288","Melun",3648.25736875617
"77289","Melz-sur-Seine",25375.0217317407
"77290","Mery-sur-Marne",16592.6402987195
"77291","Le Mesnil-Amelot",5844.18030087439
"77292","Messy",7302.3966096824
"77293","Misy-sur-Yonne",17904.5197030654
"77294","Mitry-Mory",4634.56017903528
"77295","Moisenay",8151.64575846158
"77296","Moissy-Cramayel",5469.78439970777
"77297","Mondreville",24626.0603342759
"77298","Mons-en-Montois",16264.8229534316
"77299","Montarlot",12233.5238960715
"77300","Montceaux-les-Meaux",8797.94008093065
"77301","Montceaux-les-Provins",24978.8491947273
"77302","Montcourt-Fromonville",13830.3589730054
"77303","Montdauphin",24230.9157273783
"77304","Montenils",27008.6121806401
"77305","Montereau-Fault-Yonne",13683.7791378232
"77306","Montereau-sur-le-Jard",6558.1231318783
"77307","Montevrain",5719.80363412705
"77308","Montge-en-Goele",9750.45059945787
"77309","Monthyon",8809.07144361171
"77310","Montigny-le-Guesdier",22462.2892060808
"77311","Montigny-Lencoup",14957.5714114893
"77312","Montigny-sur-Loing",12398.077494369
"77313","Montmachoux",16551.3061852158
"77314","Montolivet",24646.6368179915
"77315","Montry",7361.92059714447
"77316","Moret-sur-Loing",11829.0926634613
"77317","Mormant",12941.3020053716
"77318","Mortcerf",11228.8516016232
"77319","Mortery",18600.196479878
"77320","Mouroux",12173.162664087
"77321","Mousseaux-les-Bray",21061.4396214452
"77322","Moussy-le-Neuf",8443.27271696502
"77323","Moussy-le-Vieux",7855.8879631638
"77325","Mouy-sur-Seine",20479.1799490738
"77326","Nandy",5029.10935460801
"77327","Nangis",15246.6240734417
"77328","Nanteau-sur-Essonne",18003.7858010513
"77329","Nanteau-sur-Lunain",15344.4939944165
"77330","Nanteuil-les-Meaux",5878.35892825209
"77331","Nanteuil-sur-Marne",17561.4562874424
"77332","Nantouillet",7999.11456410412
"77333","Nemours",15565.4302184213
"77335","Chauconin-Neufmontiers",7313.52464842324
"77336","Neufmoutiers-en-Brie",9652.90983029753
"77337","Noisiel",2883.42285687911
"77338","Noisy-Rudignon",14192.5741010457
"77339","Noisy-sur-Ecole",14350.1342645673
"77340","Nonville",13637.2319888653
"77341","Noyen-sur-Seine",24099.6383006327
"77342","Obsonville",20707.36942419
"77343","Ocquerre",13582.7785077293
"77344","Oissery",12224.4501125851
"77345","Orly-sur-Morin",15666.3318748055
"77347","Les Ormes-sur-Voulzie",18970.2019218459
"77348","Ormesson",17491.6737854648
"77349","Othis",10251.7759341396
"77350","Ozoir-la-Ferriere",5468.19097076508
"77352","Ozouer-le-Voulgis",10392.896453022
"77353","Paley",16657.0431075553
"77354","Pamfou",11795.5386477124
"77355","Paroy",17849.9679160398
"77356","Passy-sur-Seine",24986.3580125549
"77357","Pecy",15889.55396495
"77358","Penchard",7421.84180203137
"77359","Perthes",8480.27026504762
"77360","Pezarches",13347.5200757874
"77361","Pierre-Levee",10458.9973310632
"77363","Le Pin",3853.45593729843
"77364","Le Plessis-aux-Bois",8969.40560348354
"77365","Le Plessis-Feu-Aussoux",14641.3676474247
"77366","Le Plessis-l'Eveque",9038.00248522261
"77367","Le Plessis-Placy",12705.8083708163
"77368","Poigny",19874.5635828362
"77369","Poincy",6172.05459224464
"77370","Poligny",16624.4196291657
"77371","Pommeuse",11789.7317466803
"77372","Pomponne",4376.10315932449
"77373","Pontault-Combault",3460.72646998685
"77374","Pontcarre",5510.00164221757
"77376","Precy-sur-Marne",7506.06492431425
"77377","Presles-en-Brie",8557.67536992414
"77378","Pringy",6523.45913434956
"77379","Provins",20054.1338006464
"77380","Puisieux",12423.8431741447
"77381","Quiers",14806.8004698525
"77382","Quincy-Voisins",7197.46388572695
"77383","Rampillon",15732.951716332
"77384","Reau",5745.65526234975
"77385","Rebais",15538.1193092669
"77386","Recloses",13683.3245360042
"77387","Remauville",17694.5230603754
"77388","Reuil-en-Brie",14528.8624025461
"77389","La Rochette",4965.74383094025
"77390","Roissy-en-Brie",4328.49473081977
"77391","Rouilly",19780.2864565081
"77392","Rouvres",10647.5141825578
"77393","Rozay-en-Brie",14098.4737907106
"77394","Rubelles",5394.4878935977
"77395","Rumont",19321.0248695843
"77396","Rupereux",20439.5324976369
"77397","Saacy-sur-Marne",16393.3876287501
"77398","Sablonnieres",18247.9124861484
"77399","Saint-Ange-le-Viel",15939.6359708568
"77400","Saint-Augustin",12895.3242269499
"77401","Sainte-Aulde",16450.6588986842
"77402","Saint-Barthelemy",21393.1410204482
"77403","Saint-Brice",21539.0542768373
"77404","Sainte-Colombe",19309.7648431882
"77405","Saint-Cyr-sur-Morin",14005.8465257199
"77406","Saint-Denis-les-Rebais",14438.7720022685
"77407","Saint-Fargeau-Ponthierry",6174.71114372445
"77408","Saint-Fiacre",7668.61998157659
"77409","Saint-Germain-Laval",14188.1740572638
"77410","Saint-Germain-Laxis",7336.55006296325
"77411","Saint-Germain-sous-Doue",12958.6005475351
"77412","Saint-Germain-sur-Ecole",9379.875093592
"77413","Saint-Germain-sur-Morin",7769.14446716078
"77414","Saint-Hilliers",18534.047320198
"77415","Saint-Jean-les-Deux-Jumeaux",9855.49436974849
"77416","Saint-Just-en-Brie",16477.5826890104
"77417","Saint-Leger",17174.5160099576
"77418","Saint-Loup-de-Naud",18045.4752772681
"77419","Saint-Mammes",11573.8374428524
"77420","Saint-Mard",9125.65649293495
"77421","Saint-Mars-Vieux-Maisons",19636.0741670191
"77423","Saint-Martin-des-Champs",20099.5457969352
"77424","Saint-Martin-du-Boschet",24164.5884641625
"77425","Saint-Martin-en-Biere",10737.5039704073
"77426","Saint-Mery",11575.3338925319
"77427","Saint-Mesmes",7948.036755744
"77428","Saint-Ouen-en-Brie",13661.5032812212
"77429","Saint-Ouen-sur-Morin",14878.975271538
"77430","Saint-Pathus",12212.6845984443
"77431","Saint-Pierre-les-Nemours",16023.6316746979
"77432","Saint-Remy-la-Vanne",16213.3526022373
"77433","Saints",13782.513632323
"77434","Saint-Sauveur-les-Bray",18758.5067950926
"77435","Saint-Sauveur-sur-Ecole",7782.55456763417
"77436","Saint-Simeon",14950.6210331677
"77437","Saint-Soupplets",10305.9299439342
"77438","Saint-Thibault-des-Vignes",3915.7541150175
"77439","Salins",14450.1274806583
"77440","Sammeron",11374.6696218339
"77441","Samois-sur-Seine",9871.69935405648
"77442","Samoreau",10985.3474028421
"77443","Sancy",9412.74380029956
"77444","Sancy-les-Provins",22617.9975798248
"77445","Savigny-le-Temple",5124.51045396873
"77446","Savins",17758.460732441
"77447","Seine-Port",5443.93585872694
"77448","Sept-Sorts",12277.7360398632
"77449","Serris",7150.1925841713
"77450","Servon",5505.67461821521
"77451","Signy-Signets",10952.6930125343
"77452","Sigy",16890.0204983741
"77453","Sivry-Courtry",8617.08183315695
"77454","Sognolles-en-Montois",16526.9100704846
"77455","Soignolles-en-Brie",8665.57129507503
"77456","Soisy-Bouy",21073.4883698253
"77457","Solers",9178.27947931883
"77458","Souppes-sur-Loing",20172.6106569361
"77459","Sourdun",23220.0539377688
"77460","Tancrou",12835.9768578327
"77461","Thenisy",17104.8709207793
"77462","Thieux",7341.99366952535
"77463","Thomery",11327.3352234096
"77464","Thorigny-sur-Marne",5370.02146696257
"77465","Thoury-Ferottes",15773.3392782616
"77466","Tigeaux",10243.3853115105
"77467","La Tombe",17107.0798416182
"77468","Torcy",3340.2638189669
"77469","Touquin",14087.6768652777
"77470","Tournan-en-Brie",9012.84065598183
"77471","Tousson",16547.6043913803
"77472","La Tretoire",16167.9119989883
"77473","Treuzy-Levelay",14284.9574571493
"77474","Trilbardou",7461.18783449455
"77475","Trilport",7584.81893209157
"77476","Trocy-en-Multien",11440.1032637743
"77477","Ury",14386.5728763571
"77478","Ussy-sur-Marne",11837.46839858
"77479","Vaires-sur-Marne",3233.83141184283
"77480","Valence-en-Brie",12060.4685207332
"77481","Vanville",16249.6229292195
"77482","Varennes-sur-Seine",13264.1025164648
"77483","Varreddes",8258.7822226384
"77484","Vaucourtois",8694.4694907705
"77485","Le Vaudoue",15509.6843204117
"77486","Vaudoy-en-Brie",15368.4613476597
"77487","Vaux-le-Penil",5643.65369568919
"77489","Vaux-sur-Lunain",20699.4330120667
"77490","Vendrest",15733.8185146215
"77491","Veneux-les-Sablons",11654.6661090644
"77492","Verdelot",21789.7414782061
"77493","Verneuil-l'Etang",11760.9498618337
"77494","Vernou-la-Celle-sur-Seine",11509.8231701076
"77495","Vert-Saint-Denis",4574.08996972259
"77496","Vieux-Champagne",16653.460339479
"77498","Vignely",7055.32460817396
"77500","Villebeon",20784.6393142353
"77501","Villecerf",12655.8927958614
"77504","Villemarechal",15116.3543368387
"77505","Villemareuil",8848.91546331667
"77506","Villemer",13206.1518161831
"77507","Villenauxe-la-Petite",24419.8016211291
"77508","Villeneuve-le-Comte",9167.39135707424
"77509","Villeneuve-les-Bordes",14808.1355268525
"77510","Villeneuve-Saint-Denis",7877.53825118166
"77511","Villeneuve-sous-Dammartin",7452.74899043929
"77512","Villeneuve-sur-Bellot",20185.8041082176
"77513","Villenoy",6169.1700635563
"77514","Villeparisis",3753.52881034053
"77515","Villeroy",8389.2779815671
"77516","Ville-Saint-Jacques",13033.6352367015
"77517","Villevaude",4861.63900249752
"77518","Villiers-en-Biere",6466.14880675509
"77519","Villiers-Saint-Georges",23537.9065453047
"77520","Villiers-sous-Grez",14596.8173316139
"77521","Villiers-sur-Morin",8937.69924358897
"77522","Villiers-sur-Seine",25860.9638496449
"77523","Villuis",26311.3945191076
"77524","Vimpelles",17457.4284661814
"77525","Vinantes",8732.8463614347
"77526","Vincy-Manoeuvre",13804.6318209967
"77527","Voinsles",14953.0564183303
"77528","Voisenon",5112.46620663274
"77529","Voulangis",9639.2972198945
"77530","Voulton",21222.042322287
"77531","Voulx",17289.807589044
"77532","Vulaines-les-Provins",18042.84535587
"77533","Vulaines-sur-Seine",10728.4131999894
"77534","Yebles",10233.4396859278
"78003","Ablis",18049.9844215134
"78005","Acheres",4099.28806534248
"78006","Adainville",17729.2900156155
"78007","Aigremont",6328.90756639335
"78009","Allainville",18308.9884102105
"78010","Les Alluets-le-Roi",7636.75396636803
"78013","Andelu",9599.3134685596
"78015","Andresy",4043.89591992507
"78020","Arnouville-les-Mantes",8782.73934951891
"78029","Aubergenville",6152.39406255191
"78030","Auffargis",10281.8861361645
"78031","Auffreville-Brasseuil",5621.90619228482
"78033","Aulnay-sur-Mauldre",7716.91883725116
"78034","Auteuil",10400.2275916006
"78036","Autouillet",10845.6431201928
"78043","Bailly",5329.5576045051
"78048","Bazainville",15064.5911825183
"78049","Bazemont",7368.10734322005
"78050","Bazoches-sur-Guyonne",8783.14786469356
"78053","Behoust",12772.3867706088
"78057","Bennecourt",11520.1660063526
"78062","Beynes",9016.47700670528
"78068","Blaru",16450.3325743987
"78070","Boinville-en-Mantois",7442.87552210432
"78071","Boinville-le-Gaillard",18459.7924693534
"78072","Boinvilliers",9015.37357014349
"78073","Bois-d'Arcy",4227.20988146374
"78076","Boissets",15059.1015119798
"78077","La Boissiere-Ecole",18392.8197650651
"78082","Boissy-Mauvoisin",9783.9507593173
"78084","Boissy-sans-Avoir",11032.2707289753
"78087","Bonnelles",11109.6526966566
"78089","Bonnieres-sur-Seine",10409.5063991587
"78090","Bouafle",5713.25916440612
"78092","Bougival",4007.66944956841
"78096","Bourdonne",17022.868693009
"78104","Breuil-Bois-Robert",6450.8398984284
"78107","Breval",12400.4331257807
"78108","Les Breviaires",11330.5698712135
"78113","Brueil-en-Vexin",7094.82315584515
"78117","Buc",5588.7817844375
"78118","Buchelay",4489.77832879335
"78120","Bullion",11675.8585182788
"78123","Carrieres-sous-Poissy",4821.91682349323
"78124","Carrieres-sur-Seine",2481.6989894693
"78125","La Celle-les-Bordes",11532.3374885883
"78126","La Celle-Saint-Cloud",4355.58407633794
"78128","Cernay-la-Ville",10226.6843543887
"78133","Chambourcy",6057.5560750359
"78138","Chanteloup-les-Vignes",4298.78220738276
"78140","Chapet",5257.66415157246
"78143","Chateaufort",6504.49926453221
"78146","Chatou",3214.63235003897
"78147","Chaufour-les-Bonnieres",15584.3519635759
"78152","Chavenay",6386.93254661793
"78158","Le Chesnay",4699.85587106281
"78160","Chevreuse",7856.9578287807
"78162","Choisel",9589.48193482527
"78163","Civry-la-Foret",13771.5558297852
"78164","Clairefontaine-en-Yvelines",13176.2180435825
"78165","Les Clayes-sous-Bois",4732.01161031556
"78168","Coignieres",6621.78329788833
"78171","Conde-sur-Vesgre",16879.0411388119
"78172","Conflans-Sainte-Honorine",3497.26065065676
"78185","Courgent",10742.8076975911
"78188","Cravent",15414.0304774382
"78189","Crespieres",8129.05998370876
"78190","Croissy-sur-Seine",3834.33988547057
"78192","Dammartin-en-Serve",10930.7017226074
"78193","Dampierre-en-Yvelines",8244.6847526048
"78194","Dannemarie",18292.0333006881
"78196","Davron",7583.82007132424
"78202","Drocourt",8200.94741423902
"78206","Ecquevilly",6188.51822894461
"78208","Elancourt",3899.0615946185
"78209","Emance",19561.2744300921
"78217","Epone",6750.32507990193
"78220","Les Essarts-le-Roi",8816.63540676069
"78224","L'Etang-la-Ville",5863.40580087401
"78227","Evecquemont",5435.63775099261
"78230","La Falaise",7337.94631057436
"78231","Favrieux",7977.68850293733
"78233","Feucherolles",7277.14199689042
"78234","Flacourt",8786.79721300209
"78236","Flexanville",11553.5861519077
"78237","Flins-Neuve-Eglise",13526.8525245304
"78238","Flins-sur-Seine",5708.21856861261
"78239","Follainville-Dennemont",5359.99831546901
"78242","Fontenay-le-Fleury",5022.41598125252
"78245","Fontenay-Mauvoisin",6790.9021851784
"78246","Fontenay-Saint-Pere",6408.83313688951
"78251","Fourqueux",5822.46369315357
"78255","Freneuse",9769.73103592588
"78261","Gaillon-sur-Montcient",6732.69771702041
"78262","Galluis",11350.2087506224
"78263","Gambais",15540.3971702956
"78264","Gambaiseuil",14290.6002635279
"78265","Garancieres",12163.01923642
"78267","Gargenville",6011.76593038368
"78269","Gazeran",16182.3537421475
"78276","Gommecourt",11889.1154967991
"78278","Goupillieres",10266.6678973353
"78281","Goussonville",7830.68005324468
"78283","Grandchamp",19571.4751294575
"78285","Gressey",15823.4747266636
"78289","Grosrouvre",12771.4944768656
"78290","Guernes",6540.67952630607
"78291","Guerville",5827.97814103078
"78296","Guitrancourt",5888.07720338629
"78297","Guyancourt",5154.37393572925
"78299","Hardricourt",5961.79964793231
"78300","Hargeville",9622.69656840503
"78302","La Hauteville",19551.9404237377
"78305","Herbeville",8252.48906205365
"78307","Hermeray",18804.1521752593
"78310","Houdan",17546.9776812495
"78311","Houilles",2032.94059507729
"78314","Issou",5668.75698829005
"78317","Jambville",8248.39906947228
"78320","Jeufosse",12906.6623661107
"78321","Jouars-Pontchartrain",5977.20934069641
"78322","Jouy-en-Josas",5462.92103668145
"78324","Jouy-Mauvoisin",6219.44258473978
"78325","Jumeauville",8817.74445723935
"78327","Juziers",6116.08811255541
"78329","Lainville-en-Vexin",9021.03526988476
"78334","Levis-Saint-Nom",7283.96996536251
"78335","Limay",4287.62686213908
"78337","Limetz-Villez",13255.7308691467
"78343","Les Loges-en-Josas",5765.35290794534
"78344","Lommoye",13423.0584488458
"78346","Longnes",11798.8910553246
"78349","Longvilliers",12865.0983393795
"78350","Louveciennes",4979.92015836928
"78354","Magnanville",4807.84273176863
"78356","Magny-les-Hameaux",6060.44351663924
"78358","Maisons-Laffitte",3248.0954007429
"78361","Mantes-la-Jolie",3861.18407280942
"78362","Mantes-la-Ville",4089.22951165692
"78364","Marcq",10128.7502318382
"78366","Mareil-le-Guyon",8795.37015591475
"78367","Mareil-Marly",5535.12091891756
"78368","Mareil-sur-Mauldre",8748.18841776291
"78372","Marly-le-Roi",5363.66986994599
"78380","Maule",8581.59245682985
"78381","Maulette",17441.8301495543
"78382","Maurecourt",3735.03470785398
"78383","Maurepas",5361.13399768016
"78384","Medan",5182.23555606099
"78385","Menerville",9379.74823420508
"78389","Mere",10266.9540135153
"78391","Mericourt",8444.56583468417
"78396","Le Mesnil-le-Roi",3910.51089273788
"78397","Le Mesnil-Saint-Denis",5756.6746758099
"78398","Les Mesnuls",9833.83154380687
"78401","Meulan-en-Yvelines",5492.95203620013
"78402","Mezieres-sur-Seine",6241.89435877312
"78403","Mezy-sur-Seine",5876.70224293749
"78404","Millemont",13318.3169648032
"78406","Milon-la-Chapelle",6687.84765332544
"78407","Mittainville",20622.2228090108
"78410","Moisson",9563.31591689112
"78413","Mondreville",13705.3103021683
"78415","Montainville",9268.72162489217
"78416","Montalet-le-Bois",8328.09121785411
"78417","Montchauvet",11839.9299262353
"78418","Montesson",3432.65106675807
"78420","Montfort-l'Amaury",10753.6371578877
"78423","Montigny-le-Bretonneux",4065.35159839886
"78431","Morainvilliers",6394.15476044496
"78437","Mousseaux-sur-Seine",8547.3916113914
"78439","Mulcent",11993.2742097165
"78440","Les Mureaux",5198.93425060943
"78442","Neauphle-le-Chateau",6660.94561055298
"78443","Neauphle-le-Vieux",8731.05366752779
"78444","Neauphlette",13053.9798143025
"78451","Nezel",7042.1504918786
"78455","Noisy-le-Roi",5748.34682589793
"78460","Oinville-sur-Montcient",7121.83932730353
"78464","Orcemont",16632.3745860583
"78465","Orgerus",13145.6794589837
"78466","Orgeval",6746.17848350714
"78470","Orphin",18385.6225280895
"78472","Orsonville",20623.7772082533
"78474","Orvilliers",13580.205336459
"78475","Osmoy",11583.1097192471
"78478","Paray-Douaville",20067.8245535996
"78481","Le Pecq",4859.81278981918
"78484","Perdreauville",7953.39117045039
"78486","Le Perray-en-Yvelines",11261.915448213
"78490","Plaisir",5044.09934517475
"78497","Poigny-la-Foret",15165.8280528611
"78498","Poissy",5493.44945060638
"78499","Ponthevrard",15636.350432757
"78501","Porcheville",5173.61548721949
"78502","Le Port-Marly",4939.42591858893
"78503","Port-Villez",15015.6052592705
"78505","Prunay-le-Temple",12711.9070098713
"78506","Prunay-en-Yvelines",19642.3546081832
"78513","La Queue-les-Yvelines",12192.8281388057
"78516","Raizeux",19510.1044772554
"78517","Rambouillet",13694.6010307607
"78518","Rennemoulin",5528.98424887957
"78520","Richebourg",15300.384989228
"78522","Rochefort-en-Yvelines",12781.8920695263
"78524","Rocquencourt",5083.91800203985
"78528","Rolleboise",8643.85067857438
"78530","Rosay",9213.87922365961
"78531","Rosny-sur-Seine",7789.37400973889
"78536","Sailly",7879.0496412597
"78537","Saint-Arnoult-en-Yvelines",14236.5182870502
"78545","Saint-Cyr-l'Ecole",4792.85950457299
"78548","Saint-Forget",7555.00128583068
"78550","Saint-Germain-de-la-Grange",7602.26766115013
"78551","Saint-Germain-en-Laye",4372.94769361522
"78557","Saint-Hilarion",18438.8617275206
"78558","Saint-Illiers-la-Ville",11756.8501914187
"78559","Saint-Illiers-le-Bois",13936.1455229967
"78561","Saint-Lambert",6051.82988452114
"78562","Saint-Leger-en-Yvelines",13406.142488075
"78564","Saint-Martin-de-Brethencourt",16470.3853594769
"78565","Saint-Martin-des-Champs",10845.8324611665
"78567","Saint-Martin-la-Garenne",6789.85647985405
"78569","Sainte-Mesme",15264.6499200504
"78571","Saint-Nom-la-Breteche",6404.60717891731
"78575","Saint-Remy-les-Chevreuse",7841.51798854703
"78576","Saint-Remy-l'Honore",8208.57983030745
"78586","Sartrouville",2575.28190573347
"78588","Saulx-Marchais",10010.9715854805
"78590","Senlisse",9294.26665061383
"78591","Septeuil",10729.4845405621
"78597","Soindres",6434.84982424902
"78601","Sonchamp",15290.8752107151
"78605","Tacoignieres",14052.7888673859
"78606","Le Tartre-Gaudran",20706.833611277
"78608","Le Tertre-Saint-Denis",9473.29901639212
"78609","Tessancourt-sur-Aubette",6095.2046293045
"78615","Thiverval-Grignon",7134.27217190949
"78616","Thoiry",10295.0495223715
"78618","Tilly",14409.3195303431
"78620","Toussus-le-Noble",6259.74464026366
"78621","Trappes",3614.81095884416
"78623","Le Tremblay-sur-Mauldre",7459.88605585275
"78624","Triel-sur-Seine",4611.30846203785
"78638","Vaux-sur-Seine",4867.25634634502
"78640","Velizy-Villacoublay",4127.01128069922
"78642","Verneuil-sur-Seine",4912.56464383019
"78643","Vernouillet",5111.14541794636
"78644","La Verriere",5049.09610212978
"78646","Versailles",5095.83802241537
"78647","Vert",7099.39389460535
"78650","Le Vesinet",3799.49171497714
"78653","Vicq",10107.2208125919
"78655","Vieille-Eglise-en-Yvelines",11590.7901041601
"78668","La Villeneuve-en-Chevrie",12744.2059543511
"78672","Villennes-sur-Seine",5515.58220390671
"78674","Villepreux",5470.8038779216
"78677","Villette",7988.41962518888
"78681","Villiers-le-Mahieu",11097.1963428388
"78683","Villiers-Saint-Frederic",7865.31682261543
"78686","Viroflay",4303.80168401666
"78688","Voisins-le-Bretonneux",5123.24554255553
"91001","Abbeville-la-Riviere",17729.4575749828
"91016","Angerville",23264.2403454993
"91017","Angervilliers",10999.0411262366
"91021","Arpajon",5571.72004504475
"91022","Arrancourt",19236.873236548
"91027","Athis-Mons",2781.88785530519
"91035","Authon-la-Plaine",16910.3477375728
"91037","Auvernaux",6963.19220099851
"91038","Auvers-Saint-Georges",10507.6839704259
"91041","Avrainville",7024.38043239677
"91044","Ballainvilliers",3520.35843218356
"91045","Ballancourt-sur-Essonne",7959.51301055738
"91047","Baulne",9320.92504084461
"91064","Bievres",4696.53426963224
"91067","Blandy",18609.5630978289
"91069","Boigneville",18049.44394924
"91075","Bois-Herpin",15675.7680683812
"91079","Boissy-la-Riviere",15438.4570684546
"91080","Boissy-le-Cutte",10682.6344218979
"91081","Boissy-le-Sec",12121.8071081988
"91085","Boissy-sous-Saint-Yon",7943.12523745519
"91086","Bondoufle",3599.28475503462
"91093","Boullay-les-Troux",9158.06221487326
"91095","Bouray-sur-Juine",8717.26451320846
"91097","Boussy-Saint-Antoine",4362.70926491893
"91098","Boutervilliers",13839.6568862583
"91099","Boutigny-sur-Essonne",12485.3429239151
"91100","Bouville",12480.1180305861
"91103","Bretigny-sur-Orge",4404.69666819991
"91105","Breuillet",8357.36201240801
"91106","Breux-Jouy",9026.59497309182
"91109","Brieres-les-Scelles",11844.1116991785
"91111","Briis-sous-Forges",8188.26478267992
"91112","Brouy",18359.5673984523
"91114","Brunoy",3547.22794369695
"91115","Bruyeres-le-Chatel",6942.89248764944
"91121","Buno-Bonnevaux",16337.1409712239
"91122","Bures-sur-Yvette",6441.95536388513
"91129","Cerny",10110.944153855
"91130","Chalo-Saint-Mars",15420.7909155919
"91131","Chalou-Moulineux",18098.9436300184
"91132","Chamarande",9179.41461679204
"91135","Champcueil",8313.8982314677
"91136","Champlan",3416.98763355901
"91137","Champmotteux",17426.7464752773
"91145","Chatignonville",17314.8127111619
"91148","Chauffour-les-Etrechy",10179.7094201555
"91156","Cheptainville",7271.82137732021
"91159","Chevannes",7013.10528267749
"91161","Chilly-Mazarin",3104.0911242043
"91174","Corbeil-Essonnes",2881.72604715827
"91175","Corbreuse",15640.3133189408
"91179","Le Coudray-Montceaux",5423.79076298034
"91180","Courances",11524.9622448323
"91182","Courcouronnes",2816.74353254091
"91184","Courdimanche-sur-Essonne",13290.6606935887
"91186","Courson-Monteloup",8397.01380273873
"91191","Crosne",2851.94066311145
"91195","Dannemois",10626.0777837424
"91198","D'Huison-Longueville",11355.0348423062
"91200","Dourdan",13753.9771004915
"91201","Draveil",2988.89115821405
"91204","Echarcon",5278.8683637284
"91207","Egly",6576.80026088597
"91215","Epinay-sous-Senart",4032.26842620668
"91216","Epinay-sur-Orge",3002.18126427941
"91222","Estouches",20853.8138128195
"91223","Etampes",13707.8224226581
"91225","Etiolles",3853.65573336717
"91226","Etrechy",10416.5116936046
"91228","Evry",2576.18858026974
"91232","La Ferte-Alais",10200.0912925104
"91235","Fleury-Merogis",3043.79900452279
"91240","Fontaine-la-Riviere",16841.2008206982
"91243","Fontenay-les-Briis",7484.52984567848
"91244","Fontenay-le-Vicomte",6523.28964698831
"91247","La Foret-le-Roi",13397.4636754195
"91248","La Foret-Sainte-Croix",15067.9720900696
"91249","Forges-les-Bains",10002.1101897079
"91272","Gif-sur-Yvette",7360.16869595067
"91273","Gironville-sur-Essonne",16025.695068422
"91274","Gometz-la-Ville",8116.44602401879
"91275","Gometz-le-Chatel",7335.02299187372
"91284","Les Granges-le-Roi",14001.4196636509
"91286","Grigny",2057.97377087967
"91292","Guibeville",6133.56370069015
"91293","Guigneville-sur-Essonne",10915.3791000568
"91294","Guillerval",17718.8823179857
"91312","Igny",4424.10689091594
"91315","Itteville",8431.02947786046
"91318","Janville-sur-Juine",9509.86311140786
"91319","Janvry",7200.32041199087
"91326","Juvisy-sur-Orge",2615.33986749393
"91330","Lardy",8172.00668230275
"91332","Leudeville",5849.22410195613
"91333","Leuville-sur-Orge",4415.36167274032
"91338","Limours",9443.3238084445
"91339","Linas",4749.9881714142
"91340","Lisses",3669.37383978416
"91345","Longjumeau",3158.2613539924
"91347","Longpont-sur-Orge",3697.42635858752
"91359","Maisse",14507.7537422527
"91363","Marcoussis",5684.72649697017
"91374","Marolles-en-Beauce",15942.687157192
"91376","Marolles-en-Hurepoix",6117.83820943061
"91377","Massy",3344.0326774674
"91378","Mauchamps",9111.98986308667
"91386","Mennecy",5618.25342891432
"91390","Mereville",21092.7672613469
"91393","Merobert",17064.9783112933
"91399","Mespuits",16468.0176541481
"91405","Milly-la-Foret",13561.4808808175
"91408","Moigny-sur-Ecole",12072.5274434242
"91411","Les Molieres",8906.11258306484
"91412","Mondeville",9306.78266093724
"91414","Monnerville",20017.0483192414
"91421","Montgeron",3192.56328425479
"91425","Montlhery",4164.00659490603
"91432","Morangis",2884.07408550176
"91433","Morigny-Champigny",12162.3319653005
"91434","Morsang-sur-Orge",2444.11352616375
"91435","Morsang-sur-Seine",4589.10934311834
"91441","Nainville-les-Roches",8085.00855554027
"91457","La Norville",5538.38622374979
"91458","Nozay",4915.87089522587
"91461","Ollainville",5826.37981441336
"91463","Oncy-sur-Ecole",14841.2654184162
"91468","Ormoy",4555.45066317429
"91469","Ormoy-la-Riviere",14498.7445008041
"91471","Orsay",5509.8180337817
"91473","Orveau",11629.7368774845
"91477","Palaiseau",4409.49774738441
"91479","Paray-Vieille-Poste",3040.8475937065
"91482","Pecqueuse",10315.2306757752
"91494","Le Plessis-Pate",4142.15358995468
"91495","Plessis-Saint-Benoist",15595.5252230467
"91507","Prunay-sur-Essonne",16808.7241305134
"91508","Puiselet-le-Marais",14080.8136631489
"91511","Pussay",20801.2369243161
"91514","Quincy-sous-Senart",4627.02709717593
"91519","Richarville",15103.6899576769
"91521","Ris-Orangis",2481.8489534254
"91525","Roinville",12527.5015483626
"91526","Roinvilliers",17486.3228920061
"91533","Saclas",17687.9253902889
"91534","Saclay",5863.98562992494
"91538","Saint-Aubin",6670.06701822151
"91540","Saint-Cheron",10114.2172649598
"91544","Saint-Cyr-la-Riviere",17851.4290870619
"91546","Saint-Cyr-sous-Dourdan",12129.6355466582
"91547","Saint-Escobille",18037.9354753198
"91549","Sainte-Genevieve-des-Bois",2886.77450639884
"91552","Saint-Germain-les-Arpajon",4970.47755189988
"91553","Saint-Germain-les-Corbeil",3693.93160291887
"91556","Saint-Hilaire",13549.0342624895
"91560","Saint-Jean-de-Beauregard",6357.18282640963
"91568","Saint-Maurice-Montcouronne",9528.62826822979
"91570","Saint-Michel-sur-Orge",3249.38774726988
"91573","Saint-Pierre-du-Perray",4137.68202783951
"91577","Saintry-sur-Seine",3747.40566484835
"91578","Saint-Sulpice-de-Favieres",9153.5904725807
"91579","Saint-Vrain",7566.47686195553
"91581","Saint-Yon",8004.20822139728
"91587","Saulx-les-Chartreux",3891.55596364159
"91589","Savigny-sur-Orge",2617.02902225843
"91593","Sermaise",11262.339988866
"91599","Soisy-sur-Ecole",9495.41741788651
"91600","Soisy-sur-Seine",3581.13499439118
"91602","Souzy-la-Briche",10012.0873379223
"91613","Congerville-Thionville",18969.6468802312
"91617","Tigery",4467.25539399021
"91619","Torfou",8309.74497369172
"91629","Valpuiseaux",14621.494989725
"91630","Le Val-Saint-Germain",10822.9729466968
"91631","Varennes-Jarcy",5017.73160808655
"91634","Vaugrigneuse",9530.60180687252
"91635","Vauhallan",5226.23311305601
"91639","Vayres-sur-Essonne",12695.2715969706
"91645","Verrieres-le-Buisson",3484.12987981447
"91648","Vert-le-Grand",5315.27453819744
"91649","Vert-le-Petit",6512.28266685461
"91654","Videlles",10514.6372081076
"91657","Vigneux-sur-Seine",2828.06480908226
"91659","Villabe",3712.39081060149
"91661","Villebon-sur-Yvette",4377.88154467444
"91662","Villeconin",10934.7000866295
"91665","La Ville-du-Bois",4130.26550815609
"91666","Villejust",4977.60409669126
"91667","Villemoisson-sur-Orge",2767.09064779914
"91671","Villeneuve-sur-Auvers",10803.0803040344
"91679","Villiers-le-Bacle",6682.95990297943
"91685","Villiers-sur-Orge",3357.76452356037
"91687","Viry-Chatillon",2024.27986665388
"91689","Wissous",3172.97239537803
"91691","Yerres",3224.57865783107
"91692","Les Ulis",5761.16262794139
"92002","Antony",2928.78650883196
"92004","Asnieres-sur-Seine",631.095108882634
"92007","Bagneux",1356.20827166407
"92009","Bois-Colombes",1071.63500462272
"92012","Boulogne-Billancourt",2621.11929711411
"92014","Bourg-la-Reine",2202.1902746508
"92019","Chatenay-Malabry",2968.47691275389
"92020","Chatillon",1651.40578443906
"92022","Chaville",3622.88733139411
"92023","Clamart",2557.93307939132
"92024","Clichy",510.296661381333
"92025","Colombes",642.522287667646
"92026","Courbevoie",1250.92690143198
"92032","Fontenay-aux-Roses",2127.6966061335
"92033","Garches",3326.18386017691
"92035","La Garenne-Colombes",1293.31481465203
"92036","Gennevilliers",989.837139446351
"92040","Issy-les-Moulineaux",1827.36077745138
"92044","Levallois-Perret",965.699284174584
"92046","Malakoff",1209.89904787985
"92047","Marnes-la-Coquette",3905.54722199287
"92048","Meudon",2898.6771856991
"92049","Montrouge",1092.42281498983
"92050","Nanterre",908.21965135687
"92051","Neuilly-sur-Seine",1734.38740107375
"92060","Le Plessis-Robinson",2695.13195132573
"92062","Puteaux",1870.76336259695
"92063","Rueil-Malmaison",3041.40802165925
"92064","Saint-Cloud",2995.70516900063
"92071","Sceaux",2571.97184254961
"92072","Sevres",3049.55437726449
"92073","Suresnes",2607.20756519992
"92075","Vanves",1370.62268218632
"92076","Vaucresson",3840.0401714894
"92077","Ville-d'Avray",3798.89832265852
"92078","Villeneuve-la-Garenne",874.863834462133
"93001","Aubervilliers",0
"93005","Aulnay-sous-Bois",0
"93006","Bagnolet",484.239784344895
"93007","Le Blanc-Mesnil",418.689211008538
"93008","Bobigny",402.18313484262
"93010","Bondy",711.498522559971
"93013","Le Bourget",1049.80853331499
"93014","Clichy-sous-Bois",1318.11301344074
"93015","Coubron",2687.12075607495
"93027","La Courneuve",517.167651759309
"93029","Drancy",105.774115922482
"93030","Dugny",1636.45570411461
"93031","Epinay-sur-Seine",822.336568383772
"93032","Gagny",1832.92596692111
"93033","Gournay-sur-Marne",2619.07621955177
"93039","L'Ile-Saint-Denis",1070.49746442799
"93045","Les Lilas",643.668560109414
"93046","Livry-Gargan",1206.47537590673
"93047","Montfermeil",1857.30990663555
"93048","Montreuil",0
"93049","Neuilly-Plaisance",1978.93426400524
"93050","Neuilly-sur-Marne",2478.85489800923
"93051","Noisy-le-Grand",1968.89934561961
"93053","Noisy-le-Sec",680.298350633809
"93055","Pantin",344.833958381812
"93057","Les Pavillons-sous-Bois",1492.43145905165
"93059","Pierrefitte-sur-Seine",1075.7498145668
"93061","Le Pre-Saint-Gervais",559.582573458007
"93062","Le Raincy",1539.29989641754
"93063","Romainville",700.563948966369
"93064","Rosny-sous-Bois",1174.45269946558
"93066","Saint-Denis",0
"93070","Saint-Ouen",391.073203975442
"93071","Sevran",678.402466362006
"93072","Stains",928.537374302573
"93073","Tremblay-en-France",3035.06599588638
"93074","Vaujours",2991.19113312882
"93077","Villemomble",1525.52571915716
"93078","Villepinte",1582.48496339076
"93079","Villetaneuse",1167.09278826387
"94001","Ablon-sur-Seine",2573.70923083211
"94002","Alfortville",836.46854233726
"94003","Arcueil",1141.67176219194
"94004","Boissy-Saint-Leger",3366.83761589873
"94011","Bonneuil-sur-Marne",2664.35406437667
"94015","Bry-sur-Marne",1846.10630827434
"94016","Cachan",1451.92138588443
"94017","Champigny-sur-Marne",592.721057189898
"94018","Charenton-le-Pont",1329.90957905502
"94019","Chennevieres-sur-Marne",2685.57972947745
"94021","Chevilly-Larue",2504.54668540659
"94022","Choisy-le-Roi",1588.36674487592
"94028","Creteil",989.458882848504
"94033","Fontenay-sous-Bois",1208.7763674893
"94034","Fresnes",2725.28485779321
"94037","Gentilly",1010.00733584227
"94038","L'Hay-les-Roses",2024.8805302347
"94041","Ivry-sur-Seine",606.959051898808
"94042","Joinville-le-Pont",2581.10709746218
"94043","Le Kremlin-Bicetre",989.322731652037
"94044","Limeil-Brevannes",2856.74024228913
"94046","Maisons-Alfort",1432.19874693203
"94047","Mandres-les-Roses",4548.49135277218
"94048","Marolles-en-Brie",4313.84330801848
"94052","Nogent-sur-Marne",2348.05329974292
"94053","Noiseau",3303.06110676512
"94054","Orly",2559.02773352655
"94055","Ormesson-sur-Marne",2963.87892928382
"94056","Perigny",4965.09252727609
"94058","Le Perreux-sur-Marne",2141.71361871989
"94059","Le Plessis-Trevise",2972.70949806795
"94060","La Queue-en-Brie",3488.96942863532
"94065","Rungis",2815.61774732036
"94067","Saint-Mande",1105.38588929174
"94068","Saint-Maur-des-Fosses",2288.07893265875
"94069","Saint-Maurice",1866.91270866874
"94070","Santeny",5038.63249585453
"94071","Sucy-en-Brie",3205.51739801958
"94073","Thiais",2063.3480989215
"94074","Valenton",2409.77988136992
"94075","Villecresnes",3940.25445703192
"94076","Villejuif",849.126954471157
"94077","Villeneuve-le-Roi",2558.5764136763
"94078","Villeneuve-Saint-Georges",2501.83218181584
"94079","Villiers-sur-Marne",1582.37833527719
"94080","Vincennes",957.599757065981
"94081","Vitry-sur-Seine",0
"95002","Ableiges",7652.86235885879
"95008","Aincourt",9548.5252396263
"95011","Ambleville",15365.4761474151
"95012","Amenucourt",13073.3008272819
"95014","Andilly",3254.78373707393
"95018","Argenteuil",0
"95019","Arnouville",1890.79620224536
"95023","Arronville",11484.2512490511
"95024","Arthies",10880.0859820244
"95026","Asnieres-sur-Oise",9478.91999844422
"95028","Attainville",5708.71023069099
"95039","Auvers-sur-Oise",5638.5931154592
"95040","Avernes",10122.3224553328
"95042","Baillet-en-France",5710.73309403587
"95046","Banthelu",12671.4050282931
"95051","Beauchamp",3401.81008448791
"95052","Beaumont-sur-Oise",8786.56949420701
"95054","Le Bellay-en-Vexin",13247.6621819478
"95055","Bellefontaine",7585.42432237156
"95056","Belloy-en-France",7295.42567591675
"95058","Bernes-sur-Oise",10450.907946367
"95059","Berville",13193.4668450438
"95060","Bessancourt",4150.53717730953
"95061","Bethemont-la-Foret",5397.69778877355
"95063","Bezons",1460.74130482994
"95074","Boisemont",4322.83754325719
"95078","Boissy-l'Aillerie",5858.74444318188
"95088","Bonneuil-en-France",2538.81051002602
"95091","Bouffemont",5116.00991702115
"95094","Bouqueval",3280.61866598238
"95101","Bray-et-Lu",15213.4792357248
"95102","Breancon",10799.493677458
"95110","Brignancourt",11511.3018158572
"95116","Bruyeres-sur-Oise",10326.0635532072
"95119","Buhy",18209.6857228298
"95120","Butry-sur-Oise",6142.05198841645
"95127","Cergy",3015.01155236897
"95134","Champagne-sur-Oise",8864.1211848944
"95139","La Chapelle-en-Vexin",17286.5502543
"95141","Charmont",13488.5810536101
"95142","Chars",12927.5762303244
"95144","Chatenay-en-France",5709.09619329834
"95149","Chaumontel",9324.35575615331
"95150","Chaussy",12512.1373365489
"95151","Chauvry",5425.96590500359
"95154","Chennevieres-les-Louvres",6017.2507894313
"95157","Cherence",11091.3691853564
"95166","Clery-en-Vexin",12711.6568781034
"95169","Commeny",11753.9208266512
"95170","Condecourt",6292.68691260898
"95176","Cormeilles-en-Parisis",2791.54048738052
"95177","Cormeilles-en-Vexin",8293.00643948407
"95181","Courcelles-sur-Viosne",6227.07572232298
"95183","Courdimanche",4819.48016066584
"95197","Deuil-la-Barre",1765.85600970551
"95199","Domont",4165.15476006342
"95203","Eaubonne",2702.7354073328
"95205","Ecouen",3416.79930350511
"95210","Enghien-les-Bains",2011.91890420536
"95211","Ennery",5039.97192210644
"95212","Epiais-les-Louvres",5621.55274143854
"95213","Epiais-Rhus",8357.71312173178
"95214","Epinay-Champlatreux",7128.58343127197
"95218","Eragny",3317.90066591764
"95219","Ermont",2559.4747739697
"95229","Ezanville",4387.57002301456
"95241","Fontenay-en-Parisis",4989.08138869997
"95250","Fosses",8228.46324888859
"95252","Franconville",2644.4327598514
"95253","Fremainville",8908.23205339214
"95254","Fremecourt",9533.6365683542
"95256","Frepillon",4977.72928938834
"95257","La Frette-sur-Seine",3123.78395370789
"95258","Frouville",10221.9552124344
"95259","Gadancourt",10685.8033456972
"95268","Garges-les-Gonesse",1097.68033929632
"95270","Genainville",12449.3970766591
"95271","Genicourt",6293.98328074964
"95277","Gonesse",2888.13857947298
"95280","Goussainville",3539.57790697269
"95282","Gouzangrez",10695.2590192464
"95287","Grisy-les-Platres",9294.98515931745
"95288","Groslay",2112.13290874811
"95295","Guiry-en-Vexin",11607.1939074352
"95298","Haravilliers",12516.0411628957
"95301","Haute-Isle",10724.8481044595
"95303","Le Heaulme",12468.6764528145
"95304","Hedouville",10146.9866748215
"95306","Herblay",3575.59278337739
"95308","Herouville",6919.57285645924
"95309","Hodent",14037.677647778
"95313","L'Isle-Adam",7387.99742963545
"95316","Jagny-sous-Bois",6606.86756609832
"95323","Jouy-le-Moutier",3707.66216290719
"95328","Labbeville",8713.72373709169
"95331","Lassy",7531.15558549297
"95341","Livilliers",6537.43071194887
"95348","Longuesse",7698.18344173768
"95351","Louvres",5256.14858892711
"95352","Luzarches",8512.11470270057
"95353","Maffliers",6739.20189705542
"95355","Magny-en-Vexin",14718.03651054
"95365","Mareil-en-France",5973.66864638185
"95369","Margency",3016.45846807707
"95370","Marines",11322.8218854277
"95371","Marly-la-Ville",7497.04989625648
"95379","Maudetour-en-Vexin",11812.0947264572
"95387","Menouville",10203.1927519813
"95388","Menucourt",5212.55646555359
"95392","Meriel",6017.55163170282
"95394","Mery-sur-Oise",4733.68271064692
"95395","Le Mesnil-Aubry",5247.40105066621
"95409","Moisselles",5167.38717166983
"95422","Montgeroult",7013.98002247788
"95424","Montigny-les-Cormeilles",2996.35762623057
"95426","Montlignon",3492.71782734482
"95427","Montmagny",1609.71137011301
"95428","Montmorency",2788.48685799247
"95429","Montreuil-sur-Epte",16942.2270325054
"95430","Montsoult",6216.58115582865
"95436","Mours",8172.95906817465
"95438","Moussy",11906.7512199272
"95445","Nerville-la-Foret",6833.38631884482
"95446","Nesles-la-Vallee",8172.25736546405
"95447","Neuilly-en-Vexin",13161.773032661
"95450","Neuville-sur-Oise",3299.86510534117
"95452","Nointel",8170.3127963371
"95456","Noisy-sur-Oise",8632.90213123912
"95459","Nucourt",14156.1740019943
"95462","Omerville",14442.679423479
"95476","Osny",4151.06448123163
"95480","Parmain",7967.1298633167
"95483","Le Perchay",10483.7814275659
"95487","Persan",9394.32547379066
"95488","Pierrelaye",3628.71194612024
"95489","Piscop",3352.55911111414
"95491","Le Plessis-Bouchard",2870.39727073498
"95492","Le Plessis-Gassot",3946.18058785279
"95493","Le Plessis-Luzarches",7632.72558921825
"95500","Pontoise",3316.50002271606
"95504","Presles",7618.99400155539
"95509","Puiseux-en-France",6046.88299363271
"95510","Puiseux-Pontoise",5067.84670710333
"95523","La Roche-Guyon",11714.3010110145
"95527","Roissy-en-France",4023.69255275826
"95529","Ronquerolles",10523.3738633252
"95535","Sagy",6145.52185991017
"95539","Saint-Brice-sous-Foret",2783.74330358409
"95541","Saint-Clair-sur-Epte",19739.7733876946
"95543","Saint-Cyr-en-Arthies",8496.60240409925
"95554","Saint-Gervais",15716.0717037248
"95555","Saint-Gratien",2195.12459298273
"95563","Saint-Leu-la-Foret",3563.11868144956
"95566","Saint-Martin-du-Tertre",7626.61196210455
"95572","Saint-Ouen-l'Aumone",3538.32885932478
"95574","Saint-Prix",3752.45646757182
"95580","Saint-Witz",8210.86483930267
"95582","Sannois",1559.98199653331
"95584","Santeuil",10630.0756594974
"95585","Sarcelles",756.928204006837
"95592","Seraincourt",7715.69214927988
"95594","Seugy",8587.93388353586
"95598","Soisy-sous-Montmorency",2709.16588984681
"95604","Survilliers",9328.09631235504
"95607","Taverny",3748.17357221829
"95610","Themericourt",9524.51783321936
"95611","Theuville",10740.0998639934
"95612","Le Thillay",3050.59150766269
"95625","Us",9098.93839961966
"95627","Vallangoujard",8863.20766396849
"95628","Valmondois",6727.18254619168
"95633","Vaudherland",3339.88531786963
"95637","Vaureal",3535.92105694404
"95641","Vemars",7516.06723697369
"95651","Vetheuil",8662.0889030902
"95652","Viarmes",8469.22219818908
"95656","Vienne-en-Arthies",8971.57930810833
"95658","Vigny",8450.38470015049
"95660","Villaines-sous-Bois",6365.16307683793
"95675","Villeron",6625.93574599697
"95676","Villers-en-Arthies",10381.9161055706
"95678","Villiers-Adam",5916.38479145426
"95680","Villiers-le-Bel",2613.1319738764
"95682","Villiers-le-Sec",6255.05737863708
"95690","Wy-dit-Joli-Village",10818.5747844008
