"ID","NAMES","population_AsTheCrowFlies_ACC_0.01"
"75101","Paris 1er Arrondissement",553.11635321291
"75102","Paris 2e  Arrondissement",463.670745687154
"75103","Paris 3e  Arrondissement",378.360261578764
"75104","Paris 4e  Arrondissement",451.66961402101
"75105","Paris 5e  Arrondissement",327.30498077581
"75106","Paris 6e  Arrondissement",428.27636385476
"75107","Paris 7e  Arrondissement",413.436465956037
"75108","Paris 8e  Arrondissement",509.914778479464
"75109","Paris 9e  Arrondissement",293.388252140217
"75110","Paris 10e  Arrondissement",109.976980648846
"75111","Paris 11e  Arrondissement",0
"75112","Paris 12e  Arrondissement",0
"75113","Paris 13e  Arrondissement",0
"75114","Paris 14e  Arrondissement",0
"75115","Paris 15e  Arrondissement",0
"75116","Paris 16e  Arrondissement",0
"75117","Paris 17e  Arrondissement",0
"75118","Paris 18e  Arrondissement",0
"75119","Paris 19e  Arrondissement",0
"75120","Paris 20e  Arrondissement",0
"77001","Acheres-la-Foret",15410.8753478519
"77002","Amillis",18499.8484861694
"77003","Amponville",19033.2535593963
"77004","Andrezel",12297.2141755433
"77005","Annet-sur-Marne",6570.57432427031
"77006","Arbonne-la-Foret",12651.9087830897
"77007","Argentieres",14089.3200392446
"77008","Armentieres-en-Brie",12694.6876100594
"77009","Arville",25366.633880746
"77010","Aubepierre-Ozouer-le-Repos",15245.8356954213
"77011","Aufferville",23154.207109635
"77012","Augers-en-Brie",26484.2399200879
"77013","Aulnoy",14625.2500385537
"77014","Avon",11396.581415598
"77015","Baby",31578.176017421
"77016","Bagneaux-sur-Loing",20730.4203127202
"77018","Bailly-Romainvilliers",8035.87975244964
"77019","Balloy",22994.7751284066
"77020","Bannost-Villegagnon",20840.0813769635
"77021","Barbey",20207.3540729826
"77022","Barbizon",10291.3845786254
"77023","Barcy",11425.5764428122
"77024","Bassevelle",22597.9740317599
"77025","Bazoches-les-Bray",24637.8901861818
"77026","Beauchery-Saint-Martin",30400.5977124336
"77027","Beaumont-du-Gatinais",28816.9464536759
"77028","Beautheil",17061.3071185863
"77029","Beauvoir",13943.7026374615
"77030","Bellot",24055.094045693
"77031","Bernay-Vilbert",15348.7090189817
"77032","Beton-Bazoches",22018.7727826048
"77033","Bezalles",22417.7988706267
"77034","Blandy",11433.9181618919
"77035","Blennes",24236.2894175732
"77036","Boisdon",21814.4346569322
"77037","Bois-le-Roi",8921.10165186782
"77038","Boissettes",6049.18237387585
"77039","Boissise-la-Bertrand",5980.41803480797
"77040","Boissise-le-Roi",7332.69605616273
"77041","Boissy-aux-Cailles",18356.5179483369
"77042","Boissy-le-Chatel",16561.2338994416
"77043","Boitron",21227.3580381128
"77044","Bombon",13901.0549480627
"77045","Bougligny",22910.8410799356
"77046","Boulancourt",21674.191702637
"77047","Bouleurs",9456.0168896575
"77048","Bourron-Marlotte",14015.8619235539
"77049","Boutigny",9322.80372075922
"77050","Bransles",27136.9945095117
"77051","Bray-sur-Seine",26370.9136156848
"77052","Breau",14202.6932959612
"77053","Brie-Comte-Robert",6447.92632694025
"77054","La Brosse-Montceaux",20169.692878764
"77055","Brou-sur-Chantereine",4079.14866042086
"77056","Burcy",22373.6539446187
"77057","Bussieres",20422.5885285072
"77058","Bussy-Saint-Georges",5619.76450244447
"77059","Bussy-Saint-Martin",4452.57925451432
"77060","Buthiers",20278.2806339996
"77061","Cannes-Ecluse",18204.6446586489
"77062","Carnetin",5785.03817243031
"77063","La Celle-sur-Morin",13155.7874769036
"77065","Cely",10592.9344150808
"77066","Cerneux",25769.6283580637
"77067","Cesson",5563.83642330641
"77068","Cessoy-en-Montois",20860.1073367505
"77069","Chailly-en-Biere",9063.93761322098
"77070","Chailly-en-Brie",17298.4915265626
"77071","Chaintreaux",23469.0941710522
"77072","Chalautre-la-Grande",32498.8726171205
"77073","Chalautre-la-Petite",27229.3468541395
"77075","Chalifert",6984.08708891856
"77076","Chalmaison",25411.3682097364
"77077","Chambry",10668.2572973062
"77078","Chamigny",17711.0725912448
"77079","Champagne-sur-Seine",12300.4951408407
"77080","Champcenest",23504.5181856911
"77081","Champdeuil",9992.16177941117
"77082","Champeaux",12292.7950475829
"77083","Champs-sur-Marne",2908.4460370712
"77084","Changis-sur-Marne",12542.6720798997
"77085","Chanteloup-en-Brie",5623.33096203239
"77086","La Chapelle-Gauthier",13450.8043834654
"77087","La Chapelle-Iger",17166.7991209437
"77088","La Chapelle-la-Reine",16932.9171544894
"77089","La Chapelle-Rablais",16011.5405833907
"77090","La Chapelle-Saint-Sulpice",21859.2399871981
"77091","Les Chapelles-Bourbon",11232.0210952711
"77093","La Chapelle-Moutils",26874.201713243
"77094","Charmentray",8425.98470492382
"77095","Charny",8823.20932694195
"77096","Chartrettes",8702.76589482699
"77097","Chartronges",22067.6393261659
"77098","Chateaubleau",19941.5037372249
"77099","Chateau-Landon",26710.71982772
"77100","Le Chatelet-en-Brie",11464.6543802411
"77101","Chatenay-sur-Seine",20364.8686023464
"77102","Chatenoy",20984.5851661112
"77103","Chatillon-la-Borde",12429.4606993711
"77104","Chatres",11528.3525149828
"77106","Chauffry",18126.0027777814
"77107","Chaumes-en-Brie",13219.7092543898
"77108","Chelles",2992.49624779058
"77109","Chenoise",21558.5568990588
"77110","Chenou",25622.5695964992
"77111","Chessy",6454.22905189823
"77112","Chevrainvilliers",20354.1168420961
"77113","Chevru",20157.7626274905
"77114","Chevry-Cossigny",7560.46996749607
"77115","Chevry-en-Sereine",22325.0347037371
"77116","Choisy-en-Brie",20217.2902107229
"77117","Citry",21602.472441345
"77118","Claye-Souilly",6312.77782048372
"77119","Clos-Fontaine",17936.7706882448
"77120","Cocherel",17748.7443699138
"77121","Collegien",4668.88295450904
"77122","Combs-la-Ville",5644.98974824166
"77123","Compans",7429.22160676888
"77124","Conches-sur-Gondoire",5217.88781765582
"77125","Conde-Sainte-Libiaire",7785.45843770418
"77126","Congis-sur-Therouanne",13095.3110842185
"77127","Coubert",9279.1880970088
"77128","Couilly-Pont-aux-Dames",8448.66597534135
"77129","Coulombs-en-Valois",21836.5025118224
"77130","Coulommes",9676.1616710877
"77131","Coulommiers",15600.6761548532
"77132","Coupvray",7199.89158747926
"77133","Courcelles-en-Bassee",19108.8390520122
"77134","Courchamp",24402.8916274678
"77135","Courpalay",16308.7641135363
"77136","Courquetaine",10372.0358599463
"77137","Courtacon",23596.9895843469
"77138","Courtomer",14840.0881822304
"77139","Courtry",3637.99196567042
"77140","Coutencon",16866.0478945644
"77141","Coutevroult",8676.85540281068
"77142","Crecy-la-Chapelle",10624.185677973
"77143","Cregy-les-Meaux",9561.04251223337
"77144","Crevecoeur-en-Brie",12792.3953828252
"77145","Crisenoy",10146.5950310919
"77146","Croissy-Beaubourg",4317.38268378843
"77147","La Croix-en-Brie",19046.233970043
"77148","Crouy-sur-Ourcq",20699.7834582155
"77149","Cucharmoy",21555.5338081016
"77150","Cuisy",10764.3502446944
"77151","Dagny",19648.3206660762
"77152","Dammarie-les-Lys",6470.19863826208
"77153","Dammartin-en-Goele",10539.179821242
"77154","Dammartin-sur-Tigeaux",11221.1348847211
"77155","Dampmart",6415.47743369644
"77156","Darvault",16798.5800170342
"77157","Dhuisy",20915.7870342239
"77158","Diant",21455.7323247864
"77159","Donnemarie-Dontilly",20392.7292749076
"77161","Dormelles",16495.8471495744
"77162","Doue",16954.7794730687
"77163","Douy-la-Ramee",14269.0147311485
"77164","Echouboulains",14897.6660676185
"77165","Les Ecrennes",13514.5639361607
"77166","Ecuelles",13614.6387657028
"77167","Egligny",21013.0688796427
"77168","Egreville",25234.0707804408
"77169","Emerainville",3403.90704210723
"77170","Episy",13988.0891273582
"77171","Esbly",7584.47528692253
"77172","Esmans",18088.1492062323
"77173","Etrepilly",13790.9877335259
"77174","Everly",26216.6395893177
"77175","Evry-Gregy-sur-Yerre",7627.38026473977
"77176","Faremoutiers",14333.0070839803
"77177","Favieres",8135.60431558518
"77178","Fay-les-Nemours",20776.5339850865
"77179","Fericy",11510.9483999954
"77180","Ferolles-Attilly",6148.92700574825
"77181","Ferrieres-en-Brie",5476.87363991691
"77182","La Ferte-Gaucher",23353.8875433524
"77183","La Ferte-sous-Jouarre",16059.2382253064
"77184","Flagy",17557.4267621287
"77185","Fleury-en-Biere",11139.5579310938
"77186","Fontainebleau",11563.2303360754
"77187","Fontaine-Fourches",33183.1778993344
"77188","Fontaine-le-Port",10381.9379930344
"77190","Fontains",17414.1002763599
"77191","Fontenailles",15378.8846350874
"77192","Fontenay-Tresigny",13156.3971026664
"77193","Forfry",13260.8849935857
"77194","Forges",15648.6953484031
"77195","Fouju",10620.1725646208
"77196","Fresnes-sur-Marne",7897.74217174006
"77197","Fretoy",20695.4456060084
"77198","Fromont",21310.0279305311
"77199","Fublaines",9672.29939812507
"77200","Garentreville",21750.0064175184
"77201","Gastins",17946.8764018975
"77202","La Genevraye",14603.3594452945
"77203","Germigny-l'Eveque",11278.085693505
"77204","Germigny-sous-Coulombs",22363.3080674766
"77205","Gesvres-le-Chapitre",12237.3554657706
"77206","Giremoutiers",13014.3346168508
"77207","Gironville",26898.6002413239
"77208","Gouaix",27389.8895956972
"77209","Gouvernes",4746.27000585231
"77210","La Grande-Paroisse",14517.8625872062
"77211","Grandpuits-Bailly-Carrois",17072.867180476
"77212","Gravon",22233.3143051872
"77214","Gressy",6678.54110783784
"77215","Gretz-Armainvilliers",7953.91658887718
"77216","Grez-sur-Loing",15601.6883063687
"77217","Grisy-Suisnes",8288.91689967337
"77218","Grisy-sur-Seine",29021.9429134844
"77219","Guerard",12089.0602497496
"77220","Guercheville",20223.4466262121
"77221","Guermantes",5113.14499502471
"77222","Guignes",12161.8918879108
"77223","Gurcy-le-Chatel",19194.7177228928
"77224","Hautefeuille",13774.2425972173
"77225","La Haute-Maison",11647.7404990175
"77226","Hericy",11422.9245136206
"77227","Herme",29263.0918660457
"77228","Hondevilliers",23795.3407903582
"77229","La Houssaye-en-Brie",11748.908879993
"77230","Ichy",23800.7829570288
"77231","Isles-les-Meldeuses",13306.3625700671
"77232","Isles-les-Villenoy",7756.41386631865
"77233","Iverny",10026.5667918523
"77234","Jablines",7333.82841721467
"77235","Jaignes",15045.6441226051
"77236","Jaulnes",27834.7455367101
"77237","Jossigny",6643.22108956588
"77238","Jouarre",14744.2208404494
"77239","Jouy-le-Chatel",19736.5854424904
"77240","Jouy-sur-Morin",22011.3260817325
"77241","Juilly",9913.89655121143
"77242","Jutigny",24134.6467783806
"77243","Lagny-sur-Marne",5235.94698460929
"77244","Larchant",18126.1675632577
"77245","Laval-en-Brie",16230.5254507178
"77246","Lechelle",29540.5766028941
"77247","Lescherolles",25511.6816966003
"77248","Lesches",7644.94275548212
"77249","Lesigny",5304.40581729781
"77250","Leudon-en-Brie",22534.3161692744
"77251","Lieusaint",5306.76359348704
"77252","Limoges-Fourches",8124.59499890711
"77253","Lissy",8928.68750648952
"77254","Liverdy-en-Brie",10918.5123992998
"77255","Livry-sur-Seine",7709.37602763725
"77256","Lizines",21593.2884707661
"77257","Lizy-sur-Ourcq",15580.2786806414
"77258","Lognes",3584.23243614387
"77259","Longperrier",9945.14660865204
"77260","Longueville",24331.6207639703
"77261","Lorrez-le-Bocage-Preaux",21045.8161010513
"77262","Louan-Villegruis-Fontaine",33265.3132446742
"77263","Luisetaines",23004.1321765728
"77264","Lumigny-Nesles-Ormeaux",14963.9138950364
"77265","Luzancy",19099.3330289859
"77266","Machault",12526.9652925684
"77267","La Madeleine-sur-Loing",22201.1856910011
"77268","Magny-le-Hongre",7677.10178653213
"77269","Maincy",7913.12082084247
"77270","Maisoncelles-en-Brie",11906.4981650138
"77271","Maisoncelles-en-Gatinais",24557.9693528358
"77272","Maison-Rouge",21024.8041864633
"77273","Marchemoret",12006.6277840049
"77274","Marcilly",12715.2664574531
"77275","Les Marets",25040.686967427
"77276","Mareuil-les-Meaux",8001.72222883225
"77277","Marles-en-Brie",13145.8634528864
"77278","Marolles-en-Brie",18424.1120735964
"77279","Marolles-sur-Seine",19065.8074899104
"77280","Mary-sur-Marne",14924.4630730608
"77281","Mauperthuis",15478.608973383
"77282","Mauregard",6905.33024322761
"77283","May-en-Multien",17970.942825501
"77284","Meaux",9143.93349482034
"77285","Le Mee-sur-Seine",5434.25970576778
"77286","Meigneux",19643.7335744886
"77287","Meilleray",28425.8530759669
"77288","Melun",5875.81794669629
"77289","Melz-sur-Seine",31111.5576793183
"77290","Mery-sur-Marne",20075.2872621521
"77291","Le Mesnil-Amelot",6797.03201322102
"77292","Messy",7899.31045317884
"77293","Misy-sur-Yonne",21801.2084788413
"77294","Mitry-Mory",5488.6430864989
"77295","Moisenay",9471.46191388029
"77296","Moissy-Cramayel",6136.02798974984
"77297","Mondreville",27133.2892888519
"77298","Mons-en-Montois",20971.6178023221
"77299","Montarlot",14330.625332972
"77300","Montceaux-les-Meaux",11124.1884112447
"77301","Montceaux-les-Provins",30244.5362004449
"77302","Montcourt-Fromonville",15632.8283758841
"77303","Montdauphin",28690.3897486212
"77304","Montenils",31495.0216052555
"77305","Montereau-Fault-Yonne",16583.3877343626
"77306","Montereau-sur-le-Jard",7570.89018946707
"77307","Montevrain",5884.179765634
"77308","Montge-en-Goele",10750.2515075914
"77309","Monthyon",10714.5218288276
"77310","Montigny-le-Guesdier",27602.3647572453
"77311","Montigny-Lencoup",18519.9910924982
"77312","Montigny-sur-Loing",13532.256504031
"77313","Montmachoux",19761.9175556547
"77314","Montolivet",29167.8783660997
"77315","Montry",7704.67683941874
"77316","Moret-sur-Loing",13180.1988474407
"77317","Mormant",14580.3478509492
"77318","Mortcerf",11988.1704970864
"77319","Mortery",23658.0301201662
"77320","Mouroux",14148.90044099
"77321","Mousseaux-les-Bray",26245.5128187121
"77322","Moussy-le-Neuf",9685.77613089969
"77323","Moussy-le-Vieux",8800.96663597869
"77325","Mouy-sur-Seine",26042.6328514279
"77326","Nandy",5559.23517828948
"77327","Nangis",17704.0568963638
"77328","Nanteau-sur-Essonne",18781.4014564666
"77329","Nanteau-sur-Lunain",18441.5846746563
"77330","Nanteuil-les-Meaux",8503.67057749582
"77331","Nanteuil-sur-Marne",21092.814175027
"77332","Nantouillet",8853.17511456998
"77333","Nemours",18076.0217969221
"77335","Chauconin-Neufmontiers",9101.01360331489
"77336","Neufmoutiers-en-Brie",10142.1742915615
"77337","Noisiel",3197.14429529492
"77338","Noisy-Rudignon",17082.3565809359
"77339","Noisy-sur-Ecole",14967.5552972587
"77340","Nonville",15941.4363014974
"77341","Noyen-sur-Seine",29887.0592831782
"77342","Obsonville",22803.681886306
"77343","Ocquerre",16839.5932443666
"77344","Oissery",13819.8670334758
"77345","Orly-sur-Morin",19575.8845916957
"77347","Les Ormes-sur-Voulzie",24637.0556445484
"77348","Ormesson",19840.5935893733
"77349","Othis",11304.9484535694
"77350","Ozoir-la-Ferriere",6091.30407132543
"77352","Ozouer-le-Voulgis",11277.9312499078
"77353","Paley",20044.6344646733
"77354","Pamfou",13060.7445344001
"77355","Paroy",23325.1367177192
"77356","Passy-sur-Seine",30560.4424121558
"77357","Pecy",18734.2610672621
"77358","Penchard",10047.1189201764
"77359","Perthes",9283.81277443027
"77360","Pezarches",15115.69130374
"77361","Pierre-Levee",12288.0415380046
"77363","Le Pin",4355.96940314582
"77364","Le Plessis-aux-Bois",10138.8995853355
"77365","Le Plessis-Feu-Aussoux",16913.4372982333
"77366","Le Plessis-l'Eveque",10410.027077223
"77367","Le Plessis-Placy",15771.2434080773
"77368","Poigny",25404.8576354177
"77369","Poincy",10147.2060791093
"77370","Poligny",19777.9122709423
"77371","Pommeuse",13334.5812244381
"77372","Pomponne",4898.59744286898
"77373","Pontault-Combault",3976.08545799505
"77374","Pontcarre",5891.74349568478
"77376","Precy-sur-Marne",7904.70347593131
"77377","Presles-en-Brie",9360.98505191997
"77378","Pringy",7412.11718896537
"77379","Provins",25517.3358143135
"77380","Puisieux",15099.9153697092
"77381","Quiers",16720.707723069
"77382","Quincy-Voisins",8305.96018373155
"77383","Rampillon",19044.6384536326
"77384","Reau",6543.01323998026
"77385","Rebais",19850.7210207356
"77386","Recloses",14543.7938413157
"77387","Remauville",21175.0298649524
"77388","Reuil-en-Brie",17673.7852065962
"77389","La Rochette",7057.0914502058
"77390","Roissy-en-Brie",5056.14928570466
"77391","Rouilly",25170.0129093685
"77392","Rouvres",11900.5962869172
"77393","Rozay-en-Brie",15907.4795350557
"77394","Rubelles",7019.81586816227
"77395","Rumont",20566.9184920121
"77396","Rupereux",25788.3423179237
"77397","Saacy-sur-Marne",19989.4388011023
"77398","Sablonnieres",22697.4946846609
"77399","Saint-Ange-le-Viel",19109.4144838928
"77400","Saint-Augustin",14750.1010710455
"77401","Sainte-Aulde",19848.7388502162
"77402","Saint-Barthelemy",25943.689123077
"77403","Saint-Brice",27255.8777795362
"77404","Sainte-Colombe",24905.9747349934
"77405","Saint-Cyr-sur-Morin",17303.5448177626
"77406","Saint-Denis-les-Rebais",18463.2592652586
"77407","Saint-Fargeau-Ponthierry",6789.96380511115
"77408","Saint-Fiacre",9957.17621327103
"77409","Saint-Germain-Laval",17354.4466372233
"77410","Saint-Germain-Laxis",8474.24877127241
"77411","Saint-Germain-sous-Doue",16100.3417655465
"77412","Saint-Germain-sur-Ecole",10077.1752048887
"77413","Saint-Germain-sur-Morin",8095.86598033212
"77414","Saint-Hilliers",23464.6915159971
"77415","Saint-Jean-les-Deux-Jumeaux",12048.0103543663
"77416","Saint-Just-en-Brie",20061.5154145395
"77417","Saint-Leger",21609.6504700276
"77418","Saint-Loup-de-Naud",23285.9553694745
"77419","Saint-Mammes",12840.5943167124
"77420","Saint-Mard",10325.4905691841
"77421","Saint-Mars-Vieux-Maisons",24386.966467298
"77423","Saint-Martin-des-Champs",24682.8829489491
"77424","Saint-Martin-du-Boschet",29201.4727788275
"77425","Saint-Martin-en-Biere",11270.1612292365
"77426","Saint-Mery",12997.1463543341
"77427","Saint-Mesmes",8649.84356531008
"77428","Saint-Ouen-en-Brie",15486.9608014952
"77429","Saint-Ouen-sur-Morin",18450.234210787
"77430","Saint-Pathus",13561.0760997769
"77431","Saint-Pierre-les-Nemours",18206.2009333087
"77432","Saint-Remy-la-Vanne",20602.5942834458
"77433","Saints",16069.8579138257
"77434","Saint-Sauveur-les-Bray",24169.6987016588
"77435","Saint-Sauveur-sur-Ecole",8465.13382184672
"77436","Saint-Simeon",18889.1132099185
"77437","Saint-Soupplets",11841.1761027881
"77438","Saint-Thibault-des-Vignes",4382.67360613575
"77439","Salins",17776.7620037411
"77440","Sammeron",13791.5106694376
"77441","Samois-sur-Seine",10447.6321605617
"77442","Samoreau",11539.0032950162
"77443","Sancy",10686.1594353641
"77444","Sancy-les-Provins",27780.9912566796
"77445","Savigny-le-Temple",5696.62303029931
"77446","Savins",23111.047625953
"77447","Seine-Port",6083.79652763269
"77448","Sept-Sorts",14884.1469191703
"77449","Serris",7172.90592606247
"77450","Servon",5591.18855305997
"77451","Signy-Signets",13072.0136222716
"77452","Sigy",22011.2186780159
"77453","Sivry-Courtry",9896.07165182883
"77454","Sognolles-en-Montois",21220.6275425288
"77455","Soignolles-en-Brie",9445.44965266452
"77456","Soisy-Bouy",26885.9159160718
"77457","Solers",10064.9930178239
"77458","Souppes-sur-Loing",23503.838236447
"77459","Sourdun",29003.3779027458
"77460","Tancrou",15968.7976797936
"77461","Thenisy",22369.7482464734
"77462","Thieux",8167.10129119795
"77463","Thomery",12037.2929068555
"77464","Thorigny-sur-Marne",5707.2674492899
"77465","Thoury-Ferottes",18863.2076745502
"77466","Tigeaux",10694.419299035
"77467","La Tombe",21098.5408893539
"77468","Torcy",3789.55632675257
"77469","Touquin",16172.0812499301
"77470","Tournan-en-Brie",9845.94470324092
"77471","Tousson",17318.4923638942
"77472","La Tretoire",20419.9384591477
"77473","Treuzy-Levelay",17002.8445227567
"77474","Trilbardou",8376.95915752891
"77475","Trilport",10612.6971787598
"77476","Trocy-en-Multien",14527.0196197725
"77477","Ury",15180.1037101541
"77478","Ussy-sur-Marne",14587.4956723684
"77479","Vaires-sur-Marne",3588.55628885476
"77480","Valence-en-Brie",13792.7600990045
"77481","Vanville",20146.4781122682
"77482","Varennes-sur-Seine",16014.4520862054
"77483","Varreddes",11590.8057908281
"77484","Vaucourtois",10230.3401204821
"77485","Le Vaudoue",16142.7002921062
"77486","Vaudoy-en-Brie",18102.7905638514
"77487","Vaux-le-Penil",7589.55985775781
"77489","Vaux-sur-Lunain",24276.8778575048
"77490","Vendrest",19028.3273285517
"77491","Veneux-les-Sablons",12693.532423052
"77492","Verdelot",26206.7467921112
"77493","Verneuil-l'Etang",13079.585301503
"77494","Vernou-la-Celle-sur-Seine",13125.7742200096
"77495","Vert-Saint-Denis",5724.30514366104
"77496","Vieux-Champagne",20539.5043236991
"77498","Vignely",7969.58248283999
"77500","Villebeon",24420.6174807027
"77501","Villecerf",14854.2399527248
"77504","Villemarechal",18185.1637489275
"77505","Villemareuil",10752.1633498788
"77506","Villemer",15526.9141075853
"77507","Villenauxe-la-Petite",29888.8141153314
"77508","Villeneuve-le-Comte",9437.8695724786
"77509","Villeneuve-les-Bordes",17846.5644929434
"77510","Villeneuve-Saint-Denis",8020.80079203114
"77511","Villeneuve-sous-Dammartin",8266.0950593116
"77512","Villeneuve-sur-Bellot",24624.2869911888
"77513","Villenoy",8138.77598504602
"77514","Villeparisis",4598.74326170252
"77515","Villeroy",9434.9401552635
"77516","Ville-Saint-Jacques",15625.3053415147
"77517","Villevaude",5234.37380334412
"77518","Villiers-en-Biere",7772.18400629154
"77519","Villiers-Saint-Georges",29062.2904018042
"77520","Villiers-sous-Grez",15764.8138165318
"77521","Villiers-sur-Morin",9330.38753340753
"77522","Villiers-sur-Seine",31540.5250293906
"77523","Villuis",31772.1483046443
"77524","Vimpelles",22589.681620601
"77525","Vinantes",9825.71420642872
"77526","Vincy-Manoeuvre",16611.4112493233
"77527","Voinsles",17189.1877519656
"77528","Voisenon",6561.24457012352
"77529","Voulangis",10138.1312102175
"77530","Voulton",26792.2710780198
"77531","Voulx",20530.6928179462
"77532","Vulaines-les-Provins",23060.7188815696
"77533","Vulaines-sur-Seine",11262.2166153704
"77534","Yebles",11135.4568069167
"78003","Ablis",18005.6127945125
"78005","Acheres",3967.70972555384
"78006","Adainville",17025.2441826306
"78007","Aigremont",5530.64937995489
"78009","Allainville",19107.0898707422
"78010","Les Alluets-le-Roi",7623.93178131234
"78013","Andelu",9857.83389505357
"78015","Andresy",4111.95337398511
"78020","Arnouville-les-Mantes",10056.9956396364
"78029","Aubergenville",7521.30537274535
"78030","Auffargis",9805.20671971424
"78031","Auffreville-Brasseuil",8078.28636152724
"78033","Aulnay-sur-Mauldre",8375.45969896166
"78034","Auteuil",10023.5419696194
"78036","Autouillet",10548.5418490026
"78043","Bailly",3814.80720596037
"78048","Bazainville",15017.2898615133
"78049","Bazemont",7882.29932432745
"78050","Bazoches-sur-Guyonne",8344.72869274477
"78053","Behoust",12700.5536671464
"78057","Bennecourt",14761.7079931085
"78062","Beynes",8534.03682228544
"78068","Blaru",19716.1644221585
"78070","Boinville-en-Mantois",8887.0765449988
"78071","Boinville-le-Gaillard",18795.3538624964
"78072","Boinvilliers",10786.4960044421
"78073","Bois-d'Arcy",3857.78871465909
"78076","Boissets",16092.0192637017
"78077","La Boissiere-Ecole",17689.1389116557
"78082","Boissy-Mauvoisin",12632.9737803457
"78084","Boissy-sans-Avoir",10552.0793210455
"78087","Bonnelles",10599.8426006966
"78089","Bonnieres-sur-Seine",13727.6745595788
"78090","Bouafle",6723.3294836391
"78092","Bougival",2894.49551170356
"78096","Bourdonne",16530.5348844133
"78104","Breuil-Bois-Robert",8461.51233250032
"78107","Breval",15160.9543008381
"78108","Les Breviaires",10714.3189989841
"78113","Brueil-en-Vexin",8463.0789151537
"78117","Buc",4110.29265408164
"78118","Buchelay",7976.01753340961
"78120","Bullion",11090.1660074376
"78123","Carrieres-sous-Poissy",4615.69511811524
"78124","Carrieres-sur-Seine",2379.02823492832
"78125","La Celle-les-Bordes",10943.7324278484
"78126","La Celle-Saint-Cloud",2990.5307611749
"78128","Cernay-la-Ville",9646.46382039852
"78133","Chambourcy",5240.83049681048
"78138","Chanteloup-les-Vignes",4345.17522438312
"78140","Chapet",5756.64604240433
"78143","Chateaufort",5408.64598148436
"78146","Chatou",2738.16226684115
"78147","Chaufour-les-Bonnieres",18798.1852081793
"78152","Chavenay",5711.21626433262
"78158","Le Chesnay",2928.32526732407
"78160","Chevreuse",7038.33116253325
"78162","Choisel",8765.06503941644
"78163","Civry-la-Foret",14868.2238383338
"78164","Clairefontaine-en-Yvelines",12699.0154552002
"78165","Les Clayes-sous-Bois",4497.83503027256
"78168","Coignieres",6542.34644977327
"78171","Conde-sur-Vesgre",16188.6052058679
"78172","Conflans-Sainte-Honorine",3677.17449275208
"78185","Courgent",12095.316116502
"78188","Cravent",18493.4433077316
"78189","Crespieres",7740.76112600268
"78190","Croissy-sur-Seine",2870.03727159736
"78192","Dammartin-en-Serve",12744.090450331
"78193","Dampierre-en-Yvelines",7858.5644822813
"78194","Dannemarie",18114.0868071027
"78196","Davron",6836.38759200838
"78202","Drocourt",9806.98928922253
"78206","Ecquevilly",6626.55252328498
"78208","Elancourt",4175.18199878041
"78209","Emance",18853.547512454
"78217","Epone",8017.74838105819
"78220","Les Essarts-le-Roi",8485.19188759372
"78224","L'Etang-la-Ville",4775.71851367344
"78227","Evecquemont",5970.29538467077
"78230","La Falaise",8278.77418267413
"78231","Favrieux",10332.1769017723
"78233","Feucherolles",6378.23104275223
"78234","Flacourt",10868.442812189
"78236","Flexanville",11661.6475714932
"78237","Flins-Neuve-Eglise",15249.8198002405
"78238","Flins-sur-Seine",7100.94008488317
"78239","Follainville-Dennemont",8307.539661203
"78242","Fontenay-le-Fleury",3902.63193508123
"78245","Fontenay-Mauvoisin",9461.5398077023
"78246","Fontenay-Saint-Pere",8429.1265746867
"78251","Fourqueux",4911.97830227182
"78255","Freneuse",12893.178974088
"78261","Gaillon-sur-Montcient",7648.72433899726
"78262","Galluis",10761.3245292197
"78263","Gambais",15220.1360415838
"78264","Gambaiseuil",13591.8484894562
"78265","Garancieres",11768.1099787592
"78267","Gargenville",7438.29787247738
"78269","Gazeran",15476.1079704889
"78276","Gommecourt",14919.8488004311
"78278","Goupillieres",10588.2631259295
"78281","Goussonville",9014.90321401635
"78283","Grandchamp",19024.0427562929
"78285","Gressey",16407.5796520636
"78289","Grosrouvre",12143.9108241066
"78290","Guernes",9667.68539592029
"78291","Guerville",7752.54898301706
"78296","Guitrancourt",7585.28306440766
"78297","Guyancourt",3907.776941297
"78299","Hardricourt",7291.01795238837
"78300","Hargeville",10407.6227832034
"78302","La Hauteville",18885.78227124
"78305","Herbeville",8193.88022639415
"78307","Hermeray",18019.0911325813
"78310","Houdan",17720.6828669883
"78311","Houilles",2313.50392216118
"78314","Issou",7248.24470150513
"78317","Jambville",9192.86849447601
"78320","Jeufosse",16213.0403457315
"78321","Jouars-Pontchartrain",5826.99241191429
"78322","Jouy-en-Josas",4298.09160914285
"78324","Jouy-Mauvoisin",9124.85467412723
"78325","Jumeauville",9602.06427267351
"78327","Juziers",7585.34253562994
"78329","Lainville-en-Vexin",10183.5894043487
"78334","Levis-Saint-Nom",7147.80130583942
"78335","Limay",7002.10011270665
"78337","Limetz-Villez",16464.4952769592
"78343","Les Loges-en-Josas",4615.3604960934
"78344","Lommoye",16614.5388693786
"78346","Longnes",13960.6422370165
"78349","Longvilliers",12701.6658741281
"78350","Louveciennes",3279.24920050888
"78354","Magnanville",7972.23687097472
"78356","Magny-les-Hameaux",5353.64103289549
"78358","Maisons-Laffitte",3118.77780304462
"78361","Mantes-la-Jolie",7607.62903904263
"78362","Mantes-la-Ville",7240.78298080231
"78364","Marcq",9915.45708296953
"78366","Mareil-le-Guyon",8299.82200974384
"78367","Mareil-Marly",4246.44484432508
"78368","Mareil-sur-Mauldre",8583.32237416563
"78372","Marly-le-Roi",3779.99462106709
"78380","Maule",8933.524932741
"78381","Maulette",17390.3928583051
"78382","Maurecourt",3871.37545679173
"78383","Maurepas",5464.82576030161
"78384","Medan",5189.12942035893
"78385","Menerville",12033.8380805087
"78389","Mere",9676.78254295462
"78391","Mericourt",11564.860925461
"78396","Le Mesnil-le-Roi",3332.04603263525
"78397","Le Mesnil-Saint-Denis",5793.96967661929
"78398","Les Mesnuls",9332.41063804986
"78401","Meulan-en-Yvelines",6468.94746275527
"78402","Mezieres-sur-Seine",7757.88517716141
"78403","Mezy-sur-Seine",7432.47336023745
"78404","Millemont",13012.3315988511
"78406","Milon-la-Chapelle",5895.39039117484
"78407","Mittainville",19973.2968086642
"78410","Moisson",12144.0161490564
"78413","Mondreville",15658.4275930824
"78415","Montainville",9097.99822934911
"78416","Montalet-le-Bois",9410.23421549932
"78417","Montchauvet",13296.5976657609
"78418","Montesson",3022.00160457674
"78420","Montfort-l'Amaury",10192.3964497657
"78423","Montigny-le-Bretonneux",3708.67054559035
"78431","Morainvilliers",6440.16245964659
"78437","Mousseaux-sur-Seine",11386.4535039569
"78439","Mulcent",13079.9465447005
"78440","Les Mureaux",6201.17044552385
"78442","Neauphle-le-Chateau",6326.51493308101
"78443","Neauphle-le-Vieux",8189.75308334005
"78444","Neauphlette",15510.8773043778
"78451","Nezel",8034.69328059779
"78455","Noisy-le-Roi",4536.80056507319
"78460","Oinville-sur-Montcient",8278.51600375991
"78464","Orcemont",16022.5089123836
"78465","Orgerus",13281.2290206493
"78466","Orgeval",6336.59242189093
"78470","Orphin",17906.5328680007
"78472","Orsonville",20952.7361956252
"78474","Orvilliers",14330.9022110374
"78475","Osmoy",12023.2510153264
"78478","Paray-Douaville",20668.7380933574
"78481","Le Pecq",3503.78759685036
"78484","Perdreauville",10782.7667654917
"78486","Le Perray-en-Yvelines",10675.0192653816
"78490","Plaisir",4962.32272226435
"78497","Poigny-la-Foret",14283.9450517612
"78498","Poissy",5094.65225766212
"78499","Ponthevrard",15527.0187390648
"78501","Porcheville",7108.12976853958
"78502","Le Port-Marly",3331.04569460073
"78503","Port-Villez",18253.365679686
"78505","Prunay-le-Temple",13295.39679296
"78506","Prunay-en-Yvelines",19476.285211435
"78513","La Queue-les-Yvelines",11598.4033123729
"78516","Raizeux",18669.6531046063
"78517","Rambouillet",13026.3593386604
"78518","Rennemoulin",4412.62432445344
"78520","Richebourg",15590.0496999686
"78522","Rochefort-en-Yvelines",12464.8245605801
"78524","Rocquencourt",3336.60311070672
"78528","Rolleboise",11877.4932843364
"78530","Rosay",10702.5926402339
"78531","Rosny-sur-Seine",10934.5332578016
"78536","Sailly",9266.90147208189
"78537","Saint-Arnoult-en-Yvelines",13936.6161856618
"78545","Saint-Cyr-l'Ecole",3624.20507036625
"78548","Saint-Forget",7090.00331101702
"78550","Saint-Germain-de-la-Grange",7079.31896611462
"78551","Saint-Germain-en-Laye",3742.61598672757
"78557","Saint-Hilarion",17745.4899477577
"78558","Saint-Illiers-la-Ville",14798.5420817299
"78559","Saint-Illiers-le-Bois",16826.4959540768
"78561","Saint-Lambert",5763.28415821915
"78562","Saint-Leger-en-Yvelines",12690.3901218673
"78564","Saint-Martin-de-Brethencourt",16767.4120601418
"78565","Saint-Martin-des-Champs",11470.8816059913
"78567","Saint-Martin-la-Garenne",9627.09239671649
"78569","Sainte-Mesme",15348.5562175307
"78571","Saint-Nom-la-Breteche",5481.92665067115
"78575","Saint-Remy-les-Chevreuse",6659.21996458817
"78576","Saint-Remy-l'Honore",7925.58629453961
"78586","Sartrouville",2580.87410077014
"78588","Saulx-Marchais",9452.18372088476
"78590","Senlisse",8739.22637595177
"78591","Septeuil",11788.7491438989
"78597","Soindres",8939.72540335204
"78601","Sonchamp",14862.5002826003
"78605","Tacoignieres",14340.1355196695
"78606","Le Tartre-Gaudran",20200.1663821917
"78608","Le Tertre-Saint-Denis",11866.7221682484
"78609","Tessancourt-sur-Aubette",6866.54908098574
"78615","Thiverval-Grignon",6522.90293521846
"78616","Thoiry",10313.3670762081
"78618","Tilly",15873.2248108644
"78620","Toussus-le-Noble",5209.39844249595
"78621","Trappes",3871.38771811225
"78623","Le Tremblay-sur-Mauldre",7171.82759038448
"78624","Triel-sur-Seine",4690.88718325296
"78638","Vaux-sur-Seine",5144.47631811473
"78640","Velizy-Villacoublay",3153.31444456305
"78642","Verneuil-sur-Seine",5285.52228569361
"78643","Vernouillet",5254.07752419084
"78644","La Verriere",5292.64744238633
"78646","Versailles",2823.66194197112
"78647","Vert",9263.40160423898
"78650","Le Vesinet",2961.29439820336
"78653","Vicq",9478.82973372593
"78655","Vieille-Eglise-en-Yvelines",10982.7670922213
"78668","La Villeneuve-en-Chevrie",16048.1530981739
"78672","Villennes-sur-Seine",5338.02036273213
"78674","Villepreux",4824.72831595048
"78677","Villette",9740.45637454967
"78681","Villiers-le-Mahieu",10996.3601817032
"78683","Villiers-Saint-Frederic",7429.33346323257
"78686","Viroflay",3051.77624838559
"78688","Voisins-le-Bretonneux",4433.09729196735
"91001","Abbeville-la-Riviere",19530.6370122609
"91016","Angerville",25234.4104263922
"91017","Angervilliers",10763.2360078203
"91021","Arpajon",6097.10443866311
"91022","Arrancourt",21163.8356987594
"91027","Athis-Mons",3109.04608632111
"91035","Authon-la-Plaine",18157.4276400062
"91037","Auvernaux",7606.80200042665
"91038","Auvers-Saint-Georges",11338.4660683435
"91041","Avrainville",7600.99229838916
"91044","Ballainvilliers",3674.24830841965
"91045","Ballancourt-sur-Essonne",8339.08408321941
"91047","Baulne",9909.77370522119
"91064","Bievres",3760.65905491788
"91067","Blandy",20144.0005577903
"91069","Boigneville",18916.7988395087
"91075","Bois-Herpin",17208.5357723479
"91079","Boissy-la-Riviere",17368.3821087078
"91080","Boissy-le-Cutte",11324.7617453156
"91081","Boissy-le-Sec",13239.2798016402
"91085","Boissy-sous-Saint-Yon",8381.37058137455
"91086","Bondoufle",4005.93922748071
"91093","Boullay-les-Troux",8234.74727125444
"91095","Bouray-sur-Juine",9223.21039007196
"91097","Boussy-Saint-Antoine",4433.2126457572
"91098","Boutervilliers",15468.9843836774
"91099","Boutigny-sur-Essonne",12898.2216021541
"91100","Bouville",13314.5872518343
"91103","Bretigny-sur-Orge",4896.35683754356
"91105","Breuillet",8645.85775070645
"91106","Breux-Jouy",9422.04404536359
"91109","Brieres-les-Scelles",13136.7793631968
"91111","Briis-sous-Forges",7885.44069682921
"91112","Brouy",19680.2362690369
"91114","Brunoy",3642.02582097714
"91115","Bruyeres-le-Chatel",7282.52714232702
"91121","Buno-Bonnevaux",17102.2230677967
"91122","Bures-sur-Yvette",5395.68602196495
"91129","Cerny",10518.5460211419
"91130","Chalo-Saint-Mars",17544.554843682
"91131","Chalou-Moulineux",20278.3239367846
"91132","Chamarande",9812.37638677256
"91135","Champcueil",8814.40815082586
"91136","Champlan",3357.25325986951
"91137","Champmotteux",18372.6350657249
"91145","Chatignonville",18181.2479529366
"91148","Chauffour-les-Etrechy",10834.1412172832
"91156","Cheptainville",7733.74666873145
"91159","Chevannes",7636.85668664059
"91161","Chilly-Mazarin",3222.85844400604
"91174","Corbeil-Essonnes",4068.67173702013
"91175","Corbreuse",16317.1803344191
"91179","Le Coudray-Montceaux",6055.24835637368
"91180","Courances",12123.1556314099
"91182","Courcouronnes",3423.57046846459
"91184","Courdimanche-sur-Essonne",13920.9142665371
"91186","Courson-Monteloup",8425.66575887649
"91191","Crosne",3141.35212212602
"91195","Dannemois",11120.8240286791
"91198","D'Huison-Longueville",12029.4510852156
"91200","Dourdan",13991.0453514154
"91201","Draveil",3256.84947139808
"91204","Echarcon",5679.24481421042
"91207","Egly",7169.75278851837
"91215","Epinay-sous-Senart",4113.81357866186
"91216","Epinay-sur-Orge",3174.0366124597
"91222","Estouches",22848.8400164674
"91223","Etampes",15465.8034775379
"91225","Etiolles",4198.20462438792
"91226","Etrechy",11245.607024977
"91228","Evry",3319.5451100978
"91232","La Ferte-Alais",10571.1348267406
"91235","Fleury-Merogis",3378.54320685465
"91240","Fontaine-la-Riviere",18750.7650081681
"91243","Fontenay-les-Briis",7559.57189794466
"91244","Fontenay-le-Vicomte",7075.03167139908
"91247","La Foret-le-Roi",14777.5116940301
"91248","La Foret-Sainte-Croix",16469.1146879007
"91249","Forges-les-Bains",9380.95718689683
"91272","Gif-sur-Yvette",5948.22895255054
"91273","Gironville-sur-Essonne",16942.0681534893
"91274","Gometz-la-Ville",7181.3949626866
"91275","Gometz-le-Chatel",6130.42668829055
"91284","Les Granges-le-Roi",14951.9945088351
"91286","Grigny",2853.47327098806
"91292","Guibeville",6698.63949345749
"91293","Guigneville-sur-Essonne",11419.8932217333
"91294","Guillerval",19951.1735593127
"91312","Igny",3650.51931461765
"91315","Itteville",8857.71953691116
"91318","Janville-sur-Juine",10127.8644564302
"91319","Janvry",6707.5053455796
"91326","Juvisy-sur-Orge",2894.94475925253
"91330","Lardy",8636.48332884309
"91332","Leudeville",6181.71025048474
"91333","Leuville-sur-Orge",4915.98572928403
"91338","Limours",8555.03346622214
"91339","Linas",5102.17564246236
"91340","Lisses",4368.55875478804
"91345","Longjumeau",3331.99278441104
"91347","Longpont-sur-Orge",3957.16402238526
"91359","Maisse",15228.692837341
"91363","Marcoussis",5677.59937607037
"91374","Marolles-en-Beauce",17743.6283458914
"91376","Marolles-en-Hurepoix",6574.26565793318
"91377","Massy",3030.63243756688
"91378","Mauchamps",9702.43810410114
"91386","Mennecy",6217.28558276932
"91390","Mereville",23148.9386383778
"91393","Merobert",18905.8443708483
"91399","Mespuits",17806.1449485817
"91405","Milly-la-Foret",14107.9269773329
"91408","Moigny-sur-Ecole",12643.3792946041
"91411","Les Molieres",7965.17259914179
"91412","Mondeville",9923.16437475934
"91414","Monnerville",22065.2894777545
"91421","Montgeron",3398.94831987095
"91425","Montlhery",4420.26663348997
"91432","Morangis",3087.88741077484
"91433","Morigny-Champigny",13370.8834525084
"91434","Morsang-sur-Orge",2795.99178841413
"91435","Morsang-sur-Seine",5339.51534416654
"91441","Nainville-les-Roches",8612.5953030103
"91457","La Norville",6081.49923483597
"91458","Nozay",4958.30685357301
"91461","Ollainville",6199.90274811055
"91463","Oncy-sur-Ecole",15354.1537568497
"91468","Ormoy",5384.38268265301
"91469","Ormoy-la-Riviere",16226.4614617669
"91471","Orsay",4754.5846326817
"91473","Orveau",12511.9219965895
"91477","Palaiseau",3796.54542727399
"91479","Paray-Vieille-Poste",3209.18795397199
"91482","Pecqueuse",9527.11256383374
"91494","Le Plessis-Pate",4514.14917792408
"91495","Plessis-Saint-Benoist",17296.6605024267
"91507","Prunay-sur-Essonne",17711.1958941835
"91508","Puiselet-le-Marais",15362.2507439924
"91511","Pussay",22846.6745541888
"91514","Quincy-sous-Senart",4790.47049964056
"91519","Richarville",16284.8836615202
"91521","Ris-Orangis",3069.45691297145
"91525","Roinville",13095.833129388
"91526","Roinvilliers",18903.7966717252
"91533","Saclas",19834.7990334859
"91534","Saclay",5125.93178936099
"91538","Saint-Aubin",5524.51836425881
"91540","Saint-Cheron",10405.3255771984
"91544","Saint-Cyr-la-Riviere",19980.7989172041
"91546","Saint-Cyr-sous-Dourdan",12099.4375290731
"91547","Saint-Escobille",19712.1452167009
"91549","Sainte-Genevieve-des-Bois",3177.11554879436
"91552","Saint-Germain-les-Arpajon",5439.07196067152
"91553","Saint-Germain-les-Corbeil",4333.05345097084
"91556","Saint-Hilaire",15332.8601503502
"91560","Saint-Jean-de-Beauregard",5765.74424646189
"91568","Saint-Maurice-Montcouronne",9633.38070122651
"91570","Saint-Michel-sur-Orge",3588.50824006393
"91573","Saint-Pierre-du-Perray",4900.98059710734
"91577","Saintry-sur-Seine",4782.31315558293
"91578","Saint-Sulpice-de-Favieres",9696.2280448651
"91579","Saint-Vrain",7875.25229561281
"91581","Saint-Yon",8389.31372581534
"91587","Saulx-les-Chartreux",3916.4294452715
"91589","Savigny-sur-Orge",2834.60081518268
"91593","Sermaise",11787.6290147907
"91599","Soisy-sur-Ecole",10119.2362208832
"91600","Soisy-sur-Seine",3862.70463358067
"91602","Souzy-la-Briche",10482.1551419421
"91613","Congerville-Thionville",20951.8868570786
"91617","Tigery",4915.05863452164
"91619","Torfou",8807.35555877921
"91629","Valpuiseaux",15580.4091824821
"91630","Le Val-Saint-Germain",10885.5796804985
"91631","Varennes-Jarcy",5182.50853164057
"91634","Vaugrigneuse",9309.59212328207
"91635","Vauhallan",4375.19659972038
"91639","Vayres-sur-Essonne",13238.9101562899
"91645","Verrieres-le-Buisson",2965.22058569512
"91648","Vert-le-Grand",5578.15600017633
"91649","Vert-le-Petit",6948.01266472486
"91654","Videlles",10956.2195270373
"91657","Vigneux-sur-Seine",3153.76977028137
"91659","Villabe",4726.98513696543
"91661","Villebon-sur-Yvette",4065.81943752226
"91662","Villeconin",11828.1006821766
"91665","La Ville-du-Bois",4276.87628861302
"91666","Villejust",4694.77729666514
"91667","Villemoisson-sur-Orge",2971.59121481119
"91671","Villeneuve-sur-Auvers",11637.0744221108
"91679","Villiers-le-Bacle",5547.16878346385
"91685","Villiers-sur-Orge",3538.65945515426
"91687","Viry-Chatillon",2706.74701366323
"91689","Wissous",3119.90384114881
"91691","Yerres",3334.26326144711
"91692","Les Ulis",5182.13433046312
"92002","Antony",2534.98944474109
"92004","Asnieres-sur-Seine",368.211473748806
"92007","Bagneux",959.242429952782
"92009","Bois-Colombes",742.36654722335
"92012","Boulogne-Billancourt",44.0987624319644
"92014","Bourg-la-Reine",1574.21872237045
"92019","Chatenay-Malabry",2547.75984639389
"92020","Chatillon",993.73156082901
"92022","Chaville",2710.65868637281
"92023","Clamart",1431.13982191473
"92024","Clichy",406.321254361971
"92025","Colombes",546.627724288195
"92026","Courbevoie",291.150600711915
"92032","Fontenay-aux-Roses",1392.64593292339
"92033","Garches",2564.81735406069
"92035","La Garenne-Colombes",815.970425318831
"92036","Gennevilliers",1438.29417934706
"92040","Issy-les-Moulineaux",555.00422277011
"92044","Levallois-Perret",351.681721066936
"92046","Malakoff",618.746063162711
"92047","Marnes-la-Coquette",2848.99414494997
"92048","Meudon",2094.50264846794
"92049","Montrouge",515.569286583914
"92050","Nanterre",883.133465609622
"92051","Neuilly-sur-Seine",454.461578474231
"92060","Le Plessis-Robinson",1989.81756989614
"92062","Puteaux",773.157771801711
"92063","Rueil-Malmaison",2126.56224089979
"92064","Saint-Cloud",1798.0643685955
"92071","Sceaux",1735.09149973982
"92072","Sevres",1930.37400757408
"92073","Suresnes",1297.89869941639
"92075","Vanves",622.317990921286
"92076","Vaucresson",2798.759360276
"92077","Ville-d'Avray",2804.29353568722
"92078","Villeneuve-la-Garenne",1508.17269850072
"93001","Aubervilliers",497.468179481831
"93005","Aulnay-sous-Bois",1693.22622379185
"93006","Bagnolet",528.631032151286
"93007","Le Blanc-Mesnil",1631.19915592359
"93008","Bobigny",1182.24124442683
"93010","Bondy",1718.9926081537
"93013","Le Bourget",1976.83885063051
"93014","Clichy-sous-Bois",2298.52413527506
"93015","Coubron",3045.83955413283
"93027","La Courneuve",1675.73727412009
"93029","Drancy",1203.98412189608
"93030","Dugny",2597.49434862881
"93031","Epinay-sur-Seine",1704.77020303652
"93032","Gagny",2494.58885718587
"93033","Gournay-sur-Marne",2744.26654525528
"93039","L'Ile-Saint-Denis",1668.77618480937
"93045","Les Lilas",654.981444578748
"93046","Livry-Gargan",2182.59380729708
"93047","Montfermeil",2605.50949733238
"93048","Montreuil",207.423316967563
"93049","Neuilly-Plaisance",2058.44772054604
"93050","Neuilly-sur-Marne",2575.51542546192
"93051","Noisy-le-Grand",2521.16901364057
"93053","Noisy-le-Sec",1301.21317740895
"93055","Pantin",601.257781602754
"93057","Les Pavillons-sous-Bois",2186.78771097079
"93059","Pierrefitte-sur-Seine",2138.89952312188
"93061","Le Pre-Saint-Gervais",559.37558728286
"93062","Le Raincy",1969.41757754464
"93063","Romainville",996.964249371483
"93064","Rosny-sous-Bois",1520.53183386041
"93066","Saint-Denis",278.892815155354
"93070","Saint-Ouen",593.606558663348
"93071","Sevran",2057.83136533477
"93072","Stains",2177.48128444104
"93073","Tremblay-en-France",3906.38878086804
"93074","Vaujours",3380.74964728764
"93077","Villemomble",1899.62962224816
"93078","Villepinte",2798.73864281059
"93079","Villetaneuse",1877.19626714206
"94001","Ablon-sur-Seine",3010.80740528912
"94002","Alfortville",1074.42722868926
"94003","Arcueil",828.122638411988
"94004","Boissy-Saint-Leger",3484.10038153235
"94011","Bonneuil-sur-Marne",2677.59279606936
"94015","Bry-sur-Marne",1865.18148314917
"94016","Cachan",1158.83246075965
"94017","Champigny-sur-Marne",1210.6759039259
"94018","Charenton-le-Pont",830.583260813495
"94019","Chennevieres-sur-Marne",2763.31873796754
"94021","Chevilly-Larue",2422.33407705422
"94022","Choisy-le-Roi",2517.10177380604
"94028","Creteil",1006.60130120298
"94033","Fontenay-sous-Bois",1048.56412823428
"94034","Fresnes",2452.91872322982
"94037","Gentilly",684.695574405278
"94038","L'Hay-les-Roses",1676.82151973256
"94041","Ivry-sur-Seine",665.284998016269
"94042","Joinville-le-Pont",2141.40635223553
"94043","Le Kremlin-Bicetre",742.84870148399
"94044","Limeil-Brevannes",3118.56969952722
"94046","Maisons-Alfort",1157.49686741081
"94047","Mandres-les-Roses",4576.82945854021
"94048","Marolles-en-Brie",4361.5031750483
"94052","Nogent-sur-Marne",1727.63447524135
"94053","Noiseau",3368.22350174563
"94054","Orly",2817.38759016401
"94055","Ormesson-sur-Marne",2983.4159790195
"94056","Perigny",5045.53231188347
"94058","Le Perreux-sur-Marne",1773.89106699854
"94059","Le Plessis-Trevise",3104.10851707921
"94060","La Queue-en-Brie",3740.20881149201
"94065","Rungis",2821.93220227477
"94067","Saint-Mande",665.348103820946
"94068","Saint-Maur-des-Fosses",1552.67499955939
"94069","Saint-Maurice",1214.81249150964
"94070","Santeny",5062.13030697871
"94071","Sucy-en-Brie",3253.47879701434
"94073","Thiais",2558.91326634866
"94074","Valenton",2816.54314256582
"94075","Villecresnes",4003.10299179185
"94076","Villejuif",963.298705662799
"94077","Villeneuve-le-Roi",2947.66114738078
"94078","Villeneuve-Saint-Georges",2927.19466299324
"94079","Villiers-sur-Marne",1890.86485315006
"94080","Vincennes",577.816227862781
"94081","Vitry-sur-Seine",726.357203741506
"95002","Ableiges",7946.58327723957
"95008","Aincourt",10980.5103942656
"95011","Ambleville",17228.1435819733
"95012","Amenucourt",15491.3368558306
"95014","Andilly",3218.6925981989
"95018","Argenteuil",763.645913121414
"95019","Arnouville",2794.24418294039
"95023","Arronville",12012.3828321022
"95024","Arthies",12055.7480993469
"95026","Asnieres-sur-Oise",10355.6639478892
"95028","Attainville",5985.73818328363
"95039","Auvers-sur-Oise",5969.53801889163
"95040","Avernes",10708.8179886261
"95042","Baillet-en-France",5738.70482964132
"95046","Banthelu",13567.023921224
"95051","Beauchamp",3599.17062035602
"95052","Beaumont-sur-Oise",9829.76734645378
"95054","Le Bellay-en-Vexin",13886.9088333391
"95055","Bellefontaine",8442.00667313296
"95056","Belloy-en-France",7758.09725432813
"95058","Bernes-sur-Oise",11263.2739969553
"95059","Berville",13650.2603448208
"95060","Bessancourt",4375.74633879381
"95061","Bethemont-la-Foret",5350.2246736296
"95063","Bezons",1826.95444419889
"95074","Boisemont",4510.73059778353
"95078","Boissy-l'Aillerie",6253.10468032676
"95088","Bonneuil-en-France",2877.83907328865
"95091","Bouffemont",5053.29297230657
"95094","Bouqueval",4281.34656240849
"95101","Bray-et-Lu",17345.7273697092
"95102","Breancon",11191.0777647731
"95110","Brignancourt",12030.6361698431
"95116","Bruyeres-sur-Oise",11120.496768126
"95119","Buhy",19862.8056566785
"95120","Butry-sur-Oise",6348.33782052917
"95127","Cergy",3445.36266158355
"95134","Champagne-sur-Oise",9692.96036794827
"95139","La Chapelle-en-Vexin",18693.0519166173
"95141","Charmont",14683.0957274673
"95142","Chars",13400.0485786662
"95144","Chatenay-en-France",6921.27217338797
"95149","Chaumontel",10290.7472201128
"95150","Chaussy",14450.9372084689
"95151","Chauvry",5368.01083378162
"95154","Chennevieres-les-Louvres",7107.1114460068
"95157","Cherence",13335.6870505984
"95166","Clery-en-Vexin",13410.1580536562
"95169","Commeny",12460.7973774602
"95170","Condecourt",6780.5824882729
"95176","Cormeilles-en-Parisis",2900.95325447151
"95177","Cormeilles-en-Vexin",8671.70294142988
"95181","Courcelles-sur-Viosne",6552.39836927334
"95183","Courdimanche",5074.80897594329
"95197","Deuil-la-Barre",2096.98335528946
"95199","Domont",4244.12476998853
"95203","Eaubonne",2653.99746178629
"95205","Ecouen",4086.05895251997
"95210","Enghien-les-Bains",2174.73290570079
"95211","Ennery",5509.87991089418
"95212","Epiais-les-Louvres",6500.22398267743
"95213","Epiais-Rhus",8730.25907577149
"95214","Epinay-Champlatreux",7813.25121844044
"95218","Eragny",3600.78926608371
"95219","Ermont",2587.05668199989
"95229","Ezanville",5005.06814578639
"95241","Fontenay-en-Parisis",5888.87609394892
"95250","Fosses",9409.69710926676
"95252","Franconville",2771.88471013625
"95253","Fremainville",9696.06702335047
"95254","Fremecourt",9994.69338166473
"95256","Frepillon",5093.29670491843
"95257","La Frette-sur-Seine",3183.85387871888
"95258","Frouville",10648.2111826188
"95259","Gadancourt",11377.9171016271
"95268","Garges-les-Gonesse",2560.55578126251
"95270","Genainville",13865.9222504775
"95271","Genicourt",6724.28476573899
"95277","Gonesse",3443.251261577
"95280","Goussainville",5145.75566574023
"95282","Gouzangrez",11188.570151779
"95287","Grisy-les-Platres",9734.88278923785
"95288","Groslay",2569.31457014447
"95295","Guiry-en-Vexin",12454.9808578688
"95298","Haravilliers",12886.6339716044
"95301","Haute-Isle",13182.5100300551
"95303","Le Heaulme",12848.7979681737
"95304","Hedouville",10628.4624628671
"95306","Herblay",3730.67884784823
"95308","Herouville",7341.0249405439
"95309","Hodent",15426.6274961868
"95313","L'Isle-Adam",7691.538000449
"95316","Jagny-sous-Bois",7664.67963232503
"95323","Jouy-le-Moutier",3891.8975970285
"95328","Labbeville",9103.53515971259
"95331","Lassy",8231.97452889974
"95341","Livilliers",6972.144750817
"95348","Longuesse",8096.44233206103
"95351","Louvres",6293.08172540283
"95352","Luzarches",9513.37988948066
"95353","Maffliers",6968.7480980858
"95355","Magny-en-Vexin",15671.9833962689
"95365","Mareil-en-France",6778.07251192215
"95369","Margency",2952.66685317865
"95370","Marines",11776.8681811615
"95371","Marly-la-Ville",8391.40394945893
"95379","Maudetour-en-Vexin",13129.3203817152
"95387","Menouville",10570.7587548886
"95388","Menucourt",5448.26812894756
"95392","Meriel",6126.7037247562
"95394","Mery-sur-Oise",5110.37099370968
"95395","Le Mesnil-Aubry",5767.44516152704
"95409","Moisselles",5296.87001511508
"95422","Montgeroult",7407.48384953128
"95424","Montigny-les-Cormeilles",3163.84246313107
"95426","Montlignon",3422.17012922782
"95427","Montmagny",2274.01402425677
"95428","Montmorency",2775.02655353756
"95429","Montreuil-sur-Epte",18727.9444162022
"95430","Montsoult",6304.52321407016
"95436","Mours",8854.1652338667
"95438","Moussy",12540.5524269136
"95445","Nerville-la-Foret",7037.88952940516
"95446","Nesles-la-Vallee",8536.29177357594
"95447","Neuilly-en-Vexin",13603.7986448783
"95450","Neuville-sur-Oise",3527.87020129559
"95452","Nointel",8902.65068322698
"95456","Noisy-sur-Oise",9601.86931220481
"95459","Nucourt",15026.9856328403
"95462","Omerville",16093.1798655687
"95476","Osny",4646.82891081285
"95480","Parmain",8350.54793608252
"95483","Le Perchay",10914.3712194235
"95487","Persan",10247.1363656436
"95488","Pierrelaye",3903.51073726792
"95489","Piscop",3561.58563264734
"95491","Le Plessis-Bouchard",2930.10805909426
"95492","Le Plessis-Gassot",5004.4979789808
"95493","Le Plessis-Luzarches",8441.3170455354
"95500","Pontoise",3847.17407315742
"95504","Presles",7994.64318037524
"95509","Puiseux-en-France",7538.92801817643
"95510","Puiseux-Pontoise",5398.36680045832
"95523","La Roche-Guyon",14380.8143340901
"95527","Roissy-en-France",5064.16441509082
"95529","Ronquerolles",11182.0380324194
"95535","Sagy",6433.28036848719
"95539","Saint-Brice-sous-Foret",3013.53547644679
"95541","Saint-Clair-sur-Epte",21200.0152635956
"95543","Saint-Cyr-en-Arthies",10338.7882417658
"95554","Saint-Gervais",17022.5723409135
"95555","Saint-Gratien",2419.58783309101
"95563","Saint-Leu-la-Foret",3515.41270703969
"95566","Saint-Martin-du-Tertre",7974.21173981378
"95572","Saint-Ouen-l'Aumone",4106.61095415829
"95574","Saint-Prix",3650.2769038033
"95580","Saint-Witz",9420.97499182631
"95582","Sannois",2041.26968533837
"95584","Santeuil",11036.301032639
"95585","Sarcelles",2547.77925663616
"95592","Seraincourt",8442.92160520973
"95594","Seugy",9455.71661098301
"95598","Soisy-sous-Montmorency",2630.69310110244
"95604","Survilliers",10460.9855719457
"95607","Taverny",3795.29073107885
"95610","Themericourt",10088.9995901422
"95611","Theuville",11127.4704664522
"95612","Le Thillay",4159.34078227649
"95625","Us",9518.75052101639
"95627","Vallangoujard",9252.06951950677
"95628","Valmondois",7053.3617906624
"95633","Vaudherland",4309.00699623115
"95637","Vaureal",3869.31989603424
"95641","Vemars",8353.2122852451
"95651","Vetheuil",10854.3937180351
"95652","Viarmes",9271.72815561324
"95656","Vienne-en-Arthies",10964.2742908859
"95658","Vigny",8855.84049287224
"95660","Villaines-sous-Bois",6792.1068183052
"95675","Villeron",7815.66397052409
"95676","Villers-en-Arthies",12194.606989581
"95678","Villiers-Adam",5930.14485728445
"95680","Villiers-le-Bel",3278.23339168829
"95682","Villiers-le-Sec",6876.59633474137
"95690","Wy-dit-Joli-Village",11751.04574284
