"ID","NAMES","population_AsTheCrowFlies_POT_7500"
"75101","Paris 1er Arrondissement",3273422.35734232
"75102","Paris 2e  Arrondissement",3266827.55100629
"75103","Paris 3e  Arrondissement",3240903.73750265
"75104","Paris 4e  Arrondissement",3232976.53241586
"75105","Paris 5e  Arrondissement",3178065.05068493
"75106","Paris 6e  Arrondissement",3207487.96457347
"75107","Paris 7e  Arrondissement",3156040.29077453
"75108","Paris 8e  Arrondissement",3155624.0943936
"75109","Paris 9e  Arrondissement",3215219.33199572
"75110","Paris 10e  Arrondissement",3175851.24271968
"75111","Paris 11e  Arrondissement",3129715.5626902
"75112","Paris 12e  Arrondissement",2570641.20847019
"75113","Paris 13e  Arrondissement",2927368.09310054
"75114","Paris 14e  Arrondissement",2908979.32539485
"75115","Paris 15e  Arrondissement",2831094.64969501
"75116","Paris 16e  Arrondissement",2588195.47635924
"75117","Paris 17e  Arrondissement",2989238.70470075
"75118","Paris 18e  Arrondissement",3015835.13389456
"75119","Paris 19e  Arrondissement",2917060.00927134
"75120","Paris 20e  Arrondissement",2929668.86860048
"77001","Acheres-la-Foret",14842.09749007
"77002","Amillis",15700.85442623
"77003","Amponville",9543.78459925
"77004","Andrezel",26486.74173717
"77005","Annet-sur-Marne",158969.5116418
"77006","Arbonne-la-Foret",21773.71667807
"77007","Argentieres",27114.40152705
"77008","Armentieres-en-Brie",45433.4457747
"77009","Arville",4258.6403418
"77010","Aubepierre-Ozouer-le-Repos",22791.21387809
"77011","Aufferville",11007.58099674
"77012","Augers-en-Brie",4947.0048355
"77013","Aulnoy",34731.54794875
"77014","Avon",62155.33678843
"77015","Baby",4318.85915305
"77016","Bagneaux-sur-Loing",29612.76957156
"77018","Bailly-Romainvilliers",100611.07045114
"77019","Balloy",9375.72509077
"77020","Bannost-Villegagnon",7460.2198149
"77021","Barbey",21741.10197789
"77022","Barbizon",48544.02885607
"77023","Barcy",59728.92483661
"77024","Bassevelle",10478.46774445
"77025","Bazoches-les-Bray",8931.304429
"77026","Beauchery-Saint-Martin",5966.06988158
"77027","Beaumont-du-Gatinais",1807.52237974
"77028","Beautheil",27271.28553108
"77029","Beauvoir",26905.40429736
"77030","Bellot",12955.73662729
"77031","Bernay-Vilbert",20996.85671479
"77032","Beton-Bazoches",8075.08846337
"77033","Bezalles",7000.53606145
"77034","Blandy",33651.55712928
"77035","Blennes",4601.03462774
"77036","Boisdon",7061.93598708
"77037","Bois-le-Roi",86087.52546876
"77038","Boissettes",150305.98459439
"77039","Boissise-la-Bertrand",160804.94540552
"77040","Boissise-le-Roi",123278.84236091
"77041","Boissy-aux-Cailles",9625.63556323
"77042","Boissy-le-Chatel",33044.25548234
"77043","Boitron",13748.18133798
"77044","Bombon",19751.70035294
"77045","Bougligny",21275.90507857
"77046","Boulancourt",3454.15520671
"77047","Bouleurs",73598.94045625
"77048","Bourron-Marlotte",36715.201066
"77049","Boutigny",87149.50502551
"77050","Bransles",7433.82264118
"77051","Bray-sur-Seine",10033.59019173
"77052","Breau",18799.95751775
"77053","Brie-Comte-Robert",163295.57193246
"77054","La Brosse-Montceaux",21402.17907492
"77055","Brou-sur-Chantereine",433005.27287147
"77056","Burcy",5128.32040505
"77057","Bussieres",16601.03946541
"77058","Bussy-Saint-Georges",208857.09787959
"77059","Bussy-Saint-Martin",322400.91681025
"77060","Buthiers",5259.07601285
"77061","Cannes-Ecluse",32820.01171989
"77062","Carnetin",211404.44285022
"77063","La Celle-sur-Morin",29849.60350303
"77065","Cely",37322.73429728
"77066","Cerneux",5712.17749174
"77067","Cesson",183090.87238257
"77068","Cessoy-en-Montois",13809.05399983
"77069","Chailly-en-Biere",77490.32793507
"77070","Chailly-en-Brie",31426.80955303
"77071","Chaintreaux",13655.73030109
"77072","Chalautre-la-Grande",4464.91467374
"77073","Chalautre-la-Petite",22223.37768431
"77075","Chalifert",133352.80571327
"77076","Chalmaison",19262.94200764
"77077","Chambry",77779.12003335
"77078","Chamigny",23147.94136218
"77079","Champagne-sur-Seine",57568.53925809
"77080","Champcenest",6338.75918113
"77081","Champdeuil",43166.69212571
"77082","Champeaux",25868.65235231
"77083","Champs-sur-Marne",698466.7103056
"77084","Changis-sur-Marne",43663.44920256
"77085","Chanteloup-en-Brie",184851.7829013
"77086","La Chapelle-Gauthier",18113.55678251
"77087","La Chapelle-Iger",14055.67960917
"77088","La Chapelle-la-Reine",13576.32066984
"77089","La Chapelle-Rablais",15113.64189602
"77090","La Chapelle-Saint-Sulpice",16029.96870238
"77091","Les Chapelles-Bourbon",32799.66891232
"77093","La Chapelle-Moutils",8324.23731472
"77094","Charmentray",80693.87739067
"77095","Charny",61756.96271443
"77096","Chartrettes",91800.80789808
"77097","Chartronges",13158.36754854
"77098","Chateaubleau",10855.63052233
"77099","Chateau-Landon",10717.73239591
"77100","Le Chatelet-en-Brie",34460.75517437
"77101","Chatenay-sur-Seine",15015.12596086
"77102","Chatenoy",20779.80911419
"77103","Chatillon-la-Borde",23620.23176601
"77104","Chatres",35886.54548222
"77106","Chauffry",27415.68786805
"77107","Chaumes-en-Brie",29505.21598607
"77108","Chelles",673060.29067131
"77109","Chenoise",9610.40052426
"77110","Chenou",11172.59898629
"77111","Chessy",146791.89443014
"77112","Chevrainvilliers",17619.28402665
"77113","Chevru",11763.53492827
"77114","Chevry-Cossigny",114822.49897763
"77115","Chevry-en-Sereine",7743.86978111
"77116","Choisy-en-Brie",16988.14795495
"77117","Citry",13047.37044198
"77118","Claye-Souilly",178062.14588756
"77119","Clos-Fontaine",15366.46230742
"77120","Cocherel",19492.22333238
"77121","Collegien",315227.30275882
"77122","Combs-la-Ville",207274.39459941
"77123","Compans",120822.69889535
"77124","Conches-sur-Gondoire",220504.20897498
"77125","Conde-Sainte-Libiaire",110241.770327
"77126","Congis-sur-Therouanne",44864.27194164
"77127","Coubert",56027.89776572
"77128","Couilly-Pont-aux-Dames",93760.12670238
"77129","Coulombs-en-Valois",6587.42692407
"77130","Coulommes",72999.22811214
"77131","Coulommiers",36050.97480438
"77132","Coupvray",126255.43673177
"77133","Courcelles-en-Bassee",22854.21578852
"77134","Courchamp",9190.24020766
"77135","Courpalay",18317.22645835
"77136","Courquetaine",42515.31064433
"77137","Courtacon",7012.39777409
"77138","Courtomer",25198.14827384
"77139","Courtry",542452.3282482
"77140","Coutencon",17096.8325725
"77141","Coutevroult",84892.7571645
"77142","Crecy-la-Chapelle",47057.9736125
"77143","Cregy-les-Meaux",90200.21413143
"77144","Crevecoeur-en-Brie",22913.33895343
"77145","Crisenoy",44885.72232549
"77146","Croissy-Beaubourg",368617.059453
"77147","La Croix-en-Brie",12281.1174292
"77148","Crouy-sur-Ourcq",7812.14485494
"77149","Cucharmoy",12669.94113783
"77150","Cuisy",39811.50719837
"77151","Dagny",9943.37428809
"77152","Dammarie-les-Lys",139069.01598329
"77153","Dammartin-en-Goele",43991.90202569
"77154","Dammartin-sur-Tigeaux",35811.15792597
"77155","Dampmart",155559.45185753
"77156","Darvault",32680.38362998
"77157","Dhuisy",10489.01028238
"77158","Diant",10091.75991654
"77159","Donnemarie-Dontilly",12812.70158702
"77161","Dormelles",22446.91026089
"77162","Doue",25686.83476984
"77163","Douy-la-Ramee",21054.82208345
"77164","Echouboulains",20835.55191196
"77165","Les Ecrennes",17986.8834053
"77166","Ecuelles",43725.28521453
"77167","Egligny",12808.23534484
"77168","Egreville",6983.47175368
"77169","Emerainville",570874.18373928
"77170","Episy",35931.87468105
"77171","Esbly",115618.73948129
"77172","Esmans",30727.8436702
"77173","Etrepilly",31360.74703518
"77174","Everly",14700.86876825
"77175","Evry-Gregy-sur-Yerre",111482.35440134
"77176","Faremoutiers",29299.00319471
"77177","Favieres",91657.66884033
"77178","Fay-les-Nemours",26975.97418803
"77179","Fericy",44332.87092146
"77180","Ferolles-Attilly",185829.94655095
"77181","Ferrieres-en-Brie",229762.31549524
"77182","La Ferte-Gaucher",14088.47725852
"77183","La Ferte-sous-Jouarre",26987.18008572
"77184","Flagy",20547.95428087
"77185","Fleury-en-Biere",30742.13776076
"77186","Fontainebleau",48671.52165112
"77187","Fontaine-Fourches",3020.58759211
"77188","Fontaine-le-Port",55043.43123208
"77190","Fontains",15860.99063311
"77191","Fontenailles",17046.19746197
"77192","Fontenay-Tresigny",28225.92440936
"77193","Forfry",26598.37232621
"77194","Forges",34576.41633226
"77195","Fouju",41151.99444205
"77196","Fresnes-sur-Marne",95000.48983807
"77197","Fretoy",8523.57605696
"77198","Fromont",5447.30563301
"77199","Fublaines",89346.22393474
"77200","Garentreville",8394.09723082
"77201","Gastins",13269.27138106
"77202","La Genevraye",34360.74168295
"77203","Germigny-l'Eveque",72719.71855566
"77204","Germigny-sous-Coulombs",6067.36107307
"77205","Gesvres-le-Chapitre",38046.01764227
"77206","Giremoutiers",33440.93689239
"77207","Gironville",2925.63091176
"77208","Gouaix",15501.71315303
"77209","Gouvernes",275819.08824854
"77210","La Grande-Paroisse",46044.68196652
"77211","Grandpuits-Bailly-Carrois",18442.39602092
"77212","Gravon",9925.17543357
"77214","Gressy",151780.33103634
"77215","Gretz-Armainvilliers",97100.58513016
"77216","Grez-sur-Loing",31245.17471935
"77217","Grisy-Suisnes",80688.29441488
"77218","Grisy-sur-Seine",9657.04192998
"77219","Guerard",32749.75085588
"77220","Guercheville",10600.42885471
"77221","Guermantes",235265.22200811
"77222","Guignes",28088.4186132
"77223","Gurcy-le-Chatel",13493.90360701
"77224","Hautefeuille",23888.69941267
"77225","La Haute-Maison",33915.17076661
"77226","Hericy",56005.25956753
"77227","Herme",12309.59353434
"77228","Hondevilliers",8504.37027529
"77229","La Houssaye-en-Brie",27331.98951005
"77230","Ichy",4590.62692449
"77231","Isles-les-Meldeuses",40035.957967
"77232","Isles-les-Villenoy",111263.77412466
"77233","Iverny",51955.34904918
"77234","Jablines",123738.77211355
"77235","Jaignes",28290.94671196
"77236","Jaulnes",9434.95106717
"77237","Jossigny",146125.7012193
"77238","Jouarre",27198.05192123
"77239","Jouy-le-Chatel",7566.25108287
"77240","Jouy-sur-Morin",16439.88758935
"77241","Juilly",51254.50431052
"77242","Jutigny",18950.86274714
"77243","Lagny-sur-Marne",231278.7900777
"77244","Larchant",19291.40611195
"77245","Laval-en-Brie",22200.96062056
"77246","Lechelle",11888.52657769
"77247","Lescherolles",9956.04763452
"77248","Lesches",112750.69420093
"77249","Lesigny",278643.04037398
"77250","Leudon-en-Brie",10485.90397527
"77251","Lieusaint",238970.51873911
"77252","Limoges-Fourches",91890.22431939
"77253","Lissy",66928.10502098
"77254","Liverdy-en-Brie",40765.13979958
"77255","Livry-sur-Seine",114172.68101629
"77256","Lizines",15474.86891996
"77257","Lizy-sur-Ourcq",21359.0771602
"77258","Lognes",484983.85582318
"77259","Longperrier",51485.60000307
"77260","Longueville",21966.16889788
"77261","Lorrez-le-Bocage-Preaux",9764.15875165
"77262","Louan-Villegruis-Fontaine",2244.34349142
"77263","Luisetaines",14579.85886452
"77264","Lumigny-Nesles-Ormeaux",18884.70433523
"77265","Luzancy",20633.74997952
"77266","Machault",41331.33531087
"77267","La Madeleine-sur-Loing",25652.08213444
"77268","Magny-le-Hongre",112494.74396556
"77269","Maincy",109058.51502551
"77270","Maisoncelles-en-Brie",33538.9585935
"77271","Maisoncelles-en-Gatinais",10631.62614997
"77272","Maison-Rouge",13199.6902358
"77273","Marchemoret",35040.32251856
"77274","Marcilly",39597.18804229
"77275","Les Marets",5540.86756708
"77276","Mareuil-les-Meaux",108785.38299794
"77277","Marles-en-Brie",24157.98995239
"77278","Marolles-en-Brie",24421.30283925
"77279","Marolles-sur-Seine",27939.3234949
"77280","Mary-sur-Marne",26589.16188106
"77281","Mauperthuis",30295.4919294
"77282","Mauregard",144318.11735994
"77283","May-en-Multien",12097.84610714
"77284","Meaux",97451.17248671
"77285","Le Mee-sur-Seine",159831.88903127
"77286","Meigneux",14044.17853232
"77287","Meilleray",5562.71224612
"77288","Melun",147021.70932749
"77289","Melz-sur-Seine",7872.2248868
"77290","Mery-sur-Marne",18005.7836397
"77291","Le Mesnil-Amelot",148536.99674914
"77292","Messy",92538.97166031
"77293","Misy-sur-Yonne",11344.94955036
"77294","Mitry-Mory",240167.23071132
"77295","Moisenay",70764.65591791
"77296","Moissy-Cramayel",170843.38607401
"77297","Mondreville",4937.15592149
"77298","Mons-en-Montois",13537.08717286
"77299","Montarlot",39744.44020227
"77300","Montceaux-les-Meaux",59808.70445406
"77301","Montceaux-les-Provins",2706.97972318
"77302","Montcourt-Fromonville",33312.81659352
"77303","Montdauphin",4134.42681651
"77304","Montenils",1536.79414974
"77305","Montereau-Fault-Yonne",37221.44979465
"77306","Montereau-sur-le-Jard",116040.81601082
"77307","Montevrain",170012.21519474
"77308","Montge-en-Goele",40201.89287294
"77309","Monthyon",56699.40708111
"77310","Montigny-le-Guesdier",6709.10841594
"77311","Montigny-Lencoup",16611.79788217
"77312","Montigny-sur-Loing",42876.36956903
"77313","Montmachoux",20053.62130432
"77314","Montolivet",4035.45996635
"77315","Montry",111886.06413867
"77316","Moret-sur-Loing",48502.61414187
"77317","Mormant",21736.74703178
"77318","Mortcerf",27070.64228615
"77319","Mortery",18869.37867732
"77320","Mouroux",36791.56603702
"77321","Mousseaux-les-Bray",8316.81706882
"77322","Moussy-le-Neuf",54998.68500919
"77323","Moussy-le-Vieux",67736.9909578
"77325","Mouy-sur-Seine",11916.19628166
"77326","Nandy",208567.53595706
"77327","Nangis",16247.10017533
"77328","Nanteau-sur-Essonne",7827.04947193
"77329","Nanteau-sur-Lunain",19559.88452391
"77330","Nanteuil-les-Meaux",102887.62657014
"77331","Nanteuil-sur-Marne",14420.09637179
"77332","Nantouillet",63654.38228191
"77333","Nemours",32361.7951357
"77335","Chauconin-Neufmontiers",84299.67606942
"77336","Neufmoutiers-en-Brie",45104.87325342
"77337","Noisiel",562539.76388984
"77338","Noisy-Rudignon",31095.80062835
"77339","Noisy-sur-Ecole",16050.09530462
"77340","Nonville",29084.72356224
"77341","Noyen-sur-Seine",8645.61727389
"77342","Obsonville",7706.69409822
"77343","Ocquerre",18566.21787416
"77344","Oissery",21205.74023721
"77345","Orly-sur-Morin",18053.391106
"77347","Les Ormes-sur-Voulzie",15101.67942244
"77348","Ormesson",27109.86693895
"77349","Othis",36439.64791536
"77350","Ozoir-la-Ferriere",174845.34063732
"77352","Ozouer-le-Voulgis",33811.0116376
"77353","Paley",12540.92238227
"77354","Pamfou",26490.28424743
"77355","Paroy",16484.00610176
"77356","Passy-sur-Seine",6820.19168747
"77357","Pecy",8966.60489187
"77358","Penchard",79353.65759156
"77359","Perthes",63937.83906833
"77360","Pezarches",20779.86502815
"77361","Pierre-Levee",29460.86519692
"77363","Le Pin",425326.561959
"77364","Le Plessis-aux-Bois",44470.82186597
"77365","Le Plessis-Feu-Aussoux",14202.53497856
"77366","Le Plessis-l'Eveque",47460.56417763
"77367","Le Plessis-Placy",17938.89951606
"77368","Poigny",23972.61361617
"77369","Poincy",89157.33584613
"77370","Poligny",28244.54162903
"77371","Pommeuse",34981.56194392
"77372","Pomponne",306235.15785638
"77373","Pontault-Combault",425635.43620876
"77374","Pontcarre",194062.64558765
"77376","Precy-sur-Marne",99012.64281317
"77377","Presles-en-Brie",60858.28049256
"77378","Pringy",121244.5161933
"77379","Provins",22449.48905815
"77380","Puisieux",17095.18467963
"77381","Quiers",18510.23313597
"77382","Quincy-Voisins",100578.48169683
"77383","Rampillon",14856.74570021
"77384","Reau",152702.98702738
"77385","Rebais",18445.01281189
"77386","Recloses",26294.15193958
"77387","Remauville",15365.8108267
"77388","Reuil-en-Brie",24959.77156585
"77389","La Rochette",126286.4989772
"77390","Roissy-en-Brie",280423.41115875
"77391","Rouilly",19208.11883143
"77392","Rouvres",36834.85529768
"77393","Rozay-en-Brie",16805.67250516
"77394","Rubelles",129191.97257487
"77395","Rumont",5932.75578688
"77396","Rupereux",8132.45997284
"77397","Saacy-sur-Marne",18790.781774
"77398","Sablonnieres",12095.21898944
"77399","Saint-Ange-le-Viel",11843.10426376
"77400","Saint-Augustin",34148.14461334
"77401","Sainte-Aulde",16591.58817484
"77402","Saint-Barthelemy",10444.07472466
"77403","Saint-Brice",19283.56490164
"77404","Sainte-Colombe",24041.86455762
"77405","Saint-Cyr-sur-Morin",24845.06861895
"77406","Saint-Denis-les-Rebais",23540.73829042
"77407","Saint-Fargeau-Ponthierry",146119.4215754
"77408","Saint-Fiacre",79237.64810526
"77409","Saint-Germain-Laval",32555.16538452
"77410","Saint-Germain-Laxis",89327.9640779
"77411","Saint-Germain-sous-Doue",31588.076466
"77412","Saint-Germain-sur-Ecole",45528.94210096
"77413","Saint-Germain-sur-Morin",100767.6734886
"77414","Saint-Hilliers",11742.56209899
"77415","Saint-Jean-les-Deux-Jumeaux",40902.48158855
"77416","Saint-Just-en-Brie",8589.49947218
"77417","Saint-Leger",16619.90114155
"77418","Saint-Loup-de-Naud",21486.58676146
"77419","Saint-Mammes",54171.71791119
"77420","Saint-Mard",46772.27084472
"77421","Saint-Mars-Vieux-Maisons",9874.6583304
"77423","Saint-Martin-des-Champs",12344.04892359
"77424","Saint-Martin-du-Boschet",3422.19446441
"77425","Saint-Martin-en-Biere",31147.99724086
"77426","Saint-Mery",21979.86560713
"77427","Saint-Mesmes",65032.87615553
"77428","Saint-Ouen-en-Brie",19405.17335449
"77429","Saint-Ouen-sur-Morin",21600.05592456
"77430","Saint-Pathus",24133.01787797
"77431","Saint-Pierre-les-Nemours",30441.69321316
"77432","Saint-Remy-la-Vanne",19609.12977675
"77433","Saints",29231.37855791
"77434","Saint-Sauveur-les-Bray",12968.51595679
"77435","Saint-Sauveur-sur-Ecole",83168.43141812
"77436","Saint-Simeon",24954.21029111
"77437","Saint-Soupplets",34424.3486852
"77438","Saint-Thibault-des-Vignes",328087.63898409
"77439","Salins",25307.57548912
"77440","Sammeron",29294.53919039
"77441","Samois-sur-Seine",62242.41382701
"77442","Samoreau",62662.7306713
"77443","Sancy",47688.57688779
"77444","Sancy-les-Provins",4336.8929651
"77445","Savigny-le-Temple",197208.76275645
"77446","Savins",19068.01981514
"77447","Seine-Port",175305.71706404
"77448","Sept-Sorts",27744.0090005
"77449","Serris",126802.54643408
"77450","Servon",245001.08778106
"77451","Signy-Signets",28067.7972239
"77452","Sigy",14225.33084351
"77453","Sivry-Courtry",66142.61857792
"77454","Sognolles-en-Montois",14503.87441959
"77455","Soignolles-en-Brie",50271.87806068
"77456","Soisy-Bouy",21271.15200162
"77457","Solers",42003.25828347
"77458","Souppes-sur-Loing",19171.3558836
"77459","Sourdun",16436.76186982
"77460","Tancrou",24625.4652015
"77461","Thenisy",15677.3988829
"77462","Thieux",85256.97851954
"77463","Thomery",61860.4129565
"77464","Thorigny-sur-Marne",205631.72724117
"77465","Thoury-Ferottes",15904.39078696
"77466","Tigeaux",44498.13466417
"77467","La Tombe",14056.93244473
"77468","Torcy",421250.25821411
"77469","Touquin",18563.52462208
"77470","Tournan-en-Brie",53322.4469703
"77471","Tousson",12395.8628833
"77472","La Tretoire",15907.04398894
"77473","Treuzy-Levelay",24309.66914495
"77474","Trilbardou",90101.48226496
"77475","Trilport",77503.85611423
"77476","Trocy-en-Multien",26364.68332304
"77477","Ury",18331.92423986
"77478","Ussy-sur-Marne",29433.05978331
"77479","Vaires-sur-Marne",480791.82463339
"77480","Valence-en-Brie",31096.35857982
"77481","Vanville",12568.27934849
"77482","Varennes-sur-Seine",40151.66547528
"77483","Varreddes",67859.98448262
"77484","Vaucourtois",62590.78188588
"77485","Le Vaudoue",13472.5947953
"77486","Vaudoy-en-Brie",10514.09696101
"77487","Vaux-le-Penil",116720.52840212
"77489","Vaux-sur-Lunain",6152.70408982
"77490","Vendrest",13986.67161318
"77491","Veneux-les-Sablons",56239.40758581
"77492","Verdelot",6125.08679858
"77493","Verneuil-l'Etang",27488.95649447
"77494","Vernou-la-Celle-sur-Seine",50579.95771015
"77495","Vert-Saint-Denis",168966.94399281
"77496","Vieux-Champagne",10026.44011678
"77498","Vignely",104095.99064729
"77500","Villebeon",6580.32999938
"77501","Villecerf",29514.0225175
"77504","Villemarechal",13179.393002
"77505","Villemareuil",58061.14459845
"77506","Villemer",23298.41727801
"77507","Villenauxe-la-Petite",6763.74785662
"77508","Villeneuve-le-Comte",62513.45402282
"77509","Villeneuve-les-Bordes",15173.79295037
"77510","Villeneuve-Saint-Denis",98017.85799336
"77511","Villeneuve-sous-Dammartin",82097.72953916
"77512","Villeneuve-sur-Bellot",9036.98827854
"77513","Villenoy",105509.34948414
"77514","Villeparisis",373050.01560233
"77515","Villeroy",57446.23913622
"77516","Ville-Saint-Jacques",35832.19761181
"77517","Villevaude",296915.55366273
"77518","Villiers-en-Biere",111236.67985741
"77519","Villiers-Saint-Georges",4029.5270393
"77520","Villiers-sous-Grez",25433.15697332
"77521","Villiers-sur-Morin",70932.89243023
"77522","Villiers-sur-Seine",5536.19716066
"77523","Villuis",4541.32517827
"77524","Vimpelles",13083.52413324
"77525","Vinantes",46986.28759733
"77526","Vincy-Manoeuvre",11259.55975642
"77527","Voinsles",12441.11495363
"77528","Voisenon",141942.05143274
"77529","Voulangis",55785.65525325
"77530","Voulton",13176.82500877
"77531","Voulx",11390.10979107
"77532","Vulaines-les-Provins",20566.37939448
"77533","Vulaines-sur-Seine",61660.28863635
"77534","Yebles",30124.57986923
"78003","Ablis",13886.98670093
"78005","Acheres",441522.06120106
"78006","Adainville",10287.73303514
"78007","Aigremont",233930.30416852
"78009","Allainville",9507.42494482
"78010","Les Alluets-le-Roi",111688.3984718
"78013","Andelu",50580.57084752
"78015","Andresy",362445.17250277
"78020","Arnouville-les-Mantes",59572.26030494
"78029","Aubergenville",117790.58162282
"78030","Auffargis",58916.88211076
"78031","Auffreville-Brasseuil",109415.83268555
"78033","Aulnay-sur-Mauldre",87153.75477096
"78034","Auteuil",51643.58952236
"78036","Autouillet",41756.49096266
"78043","Bailly",478120.1420342
"78048","Bazainville",21509.13449192
"78049","Bazemont",102771.21610027
"78050","Bazoches-sur-Guyonne",92258.44103802
"78053","Behoust",27076.13973256
"78057","Bennecourt",31643.91706413
"78062","Beynes",77010.97861757
"78068","Blaru",11339.13615076
"78070","Boinville-en-Mantois",85707.40429973
"78071","Boinville-le-Gaillard",11787.96633864
"78072","Boinvilliers",55904.83928692
"78073","Bois-d'Arcy",338221.2703126
"78076","Boissets",13867.88771118
"78077","La Boissiere-Ecole",9310.68166899
"78082","Boissy-Mauvoisin",46022.63613161
"78084","Boissy-sans-Avoir",43557.06882189
"78087","Bonnelles",39224.10279858
"78089","Bonnieres-sur-Seine",41899.05725841
"78090","Bouafle",140481.63464295
"78092","Bougival",855419.9290656
"78096","Bourdonne",14123.75966333
"78104","Breuil-Bois-Robert",101138.61705978
"78107","Breval",21265.02939036
"78108","Les Breviaires",48531.26793051
"78113","Brueil-en-Vexin",89704.72012305
"78117","Buc",428037.29745526
"78118","Buchelay",112804.87102217
"78120","Bullion",31016.43576722
"78123","Carrieres-sous-Poissy",294666.81158386
"78124","Carrieres-sur-Seine",1196181.51075678
"78125","La Celle-les-Bordes",34029.64699425
"78126","La Celle-Saint-Cloud",805581.26135832
"78128","Cernay-la-Ville",47440.85232299
"78133","Chambourcy",279306.27927234
"78138","Chanteloup-les-Vignes",330617.66750616
"78140","Chapet",185743.53105683
"78143","Chateaufort",263258.2531291
"78146","Chatou",995735.75235963
"78147","Chaufour-les-Bonnieres",13482.81011385
"78152","Chavenay",221343.85517451
"78158","Le Chesnay",703530.99752214
"78160","Chevreuse",136239.79189212
"78162","Choisel",65069.60610042
"78163","Civry-la-Foret",17602.91036084
"78164","Clairefontaine-en-Yvelines",33580.70803583
"78165","Les Clayes-sous-Bois",270332.68294944
"78168","Coignieres",147972.6597017
"78171","Conde-sur-Vesgre",12322.55089273
"78172","Conflans-Sainte-Honorine",422806.65560666
"78185","Courgent",31957.79211168
"78188","Cravent",12514.41908474
"78189","Crespieres",103688.65901557
"78190","Croissy-sur-Seine",837724.29109604
"78192","Dammartin-en-Serve",30366.5871136
"78193","Dampierre-en-Yvelines",101859.86151772
"78194","Dannemarie",11978.29242257
"78196","Davron",146359.54605386
"78202","Drocourt",62393.25048618
"78206","Ecquevilly",149592.73987368
"78208","Elancourt",241998.00967434
"78209","Emance",12111.93295906
"78217","Epone",102604.43661302
"78220","Les Essarts-le-Roi",86303.71307432
"78224","L'Etang-la-Ville",388741.0767909
"78227","Evecquemont",178445.42067463
"78230","La Falaise",92594.42316865
"78231","Favrieux",73073.28234079
"78233","Feucherolles",174946.24195599
"78234","Flacourt",60251.83311633
"78236","Flexanville",30499.76259423
"78237","Flins-Neuve-Eglise",14074.02716099
"78238","Flins-sur-Seine",128236.69390245
"78239","Follainville-Dennemont",106906.07732352
"78242","Fontenay-le-Fleury",385694.71048002
"78245","Fontenay-Mauvoisin",91122.07028353
"78246","Fontenay-Saint-Pere",99429.30557055
"78251","Fourqueux",356679.31068072
"78255","Freneuse",46846.57998388
"78261","Gaillon-sur-Montcient",112238.27919894
"78262","Galluis",40303.67269161
"78263","Gambais",19535.27924955
"78264","Gambaiseuil",20192.90602266
"78265","Garancieres",31326.97827002
"78267","Gargenville",120234.77581699
"78269","Gazeran",33621.21091569
"78276","Gommecourt",26245.42755433
"78278","Goupillieres",40743.62680719
"78281","Goussonville",79005.95288656
"78283","Grandchamp",7508.17475894
"78285","Gressey",15619.48220376
"78289","Grosrouvre",27498.91036309
"78290","Guernes",92463.47458134
"78291","Guerville",113747.8758041
"78296","Guitrancourt",116580.54086019
"78297","Guyancourt",354468.83748848
"78299","Hardricourt",123577.99590225
"78300","Hargeville",46677.19681759
"78302","La Hauteville",7017.63604073
"78305","Herbeville",84627.90119727
"78307","Hermeray",12137.06794875
"78310","Houdan",13398.43344176
"78311","Houilles",1187713.86884639
"78314","Issou",125080.49099936
"78317","Jambville",62417.02509553
"78320","Jeufosse",24313.71501333
"78321","Jouars-Pontchartrain",170973.8362349
"78322","Jouy-en-Josas",531811.85330814
"78324","Jouy-Mauvoisin",97998.49940673
"78325","Jumeauville",60198.12869465
"78327","Juziers",115742.86213401
"78329","Lainville-en-Vexin",42291.51919034
"78334","Levis-Saint-Nom",129625.14280726
"78335","Limay",125774.12228481
"78337","Limetz-Villez",21354.52707561
"78343","Les Loges-en-Josas",426987.57249326
"78344","Lommoye",20645.96952397
"78346","Longnes",22844.28516884
"78349","Longvilliers",32956.41727197
"78350","Louveciennes",658614.60099291
"78354","Magnanville",112216.2063453
"78356","Magny-les-Hameaux",241954.49525006
"78358","Maisons-Laffitte",738733.28389921
"78361","Mantes-la-Jolie",117186.66919098
"78362","Mantes-la-Ville",121638.45304219
"78364","Marcq",49246.45451798
"78366","Mareil-le-Guyon",93673.63672615
"78367","Mareil-Marly",446077.20023003
"78368","Mareil-sur-Mauldre",70233.13357709
"78372","Marly-le-Roi",525417.26621804
"78380","Maule",67349.81653749
"78381","Maulette",14538.28126285
"78382","Maurecourt",361771.69836692
"78383","Maurepas",184696.59898337
"78384","Medan",237355.98275231
"78385","Menerville",51484.22981181
"78389","Mere",59892.47806544
"78391","Mericourt",64986.22022772
"78396","Le Mesnil-le-Roi",652332.92794106
"78397","Le Mesnil-Saint-Denis",186029.8391571
"78398","Les Mesnuls",66476.71844631
"78401","Meulan-en-Yvelines",148786.15329528
"78402","Mezieres-sur-Seine",112042.6576862
"78403","Mezy-sur-Seine",120070.1409496
"78404","Millemont",26190.6700474
"78406","Milon-la-Chapelle",200303.07423592
"78407","Mittainville",5656.19361352
"78410","Moisson",45161.70185902
"78413","Mondreville",12714.31785807
"78415","Montainville",59021.46009608
"78416","Montalet-le-Bois",58798.85459422
"78417","Montchauvet",23172.98114096
"78418","Montesson",804048.78362759
"78420","Montfort-l'Amaury",48904.94532522
"78423","Montigny-le-Bretonneux",327805.81191469
"78431","Morainvilliers",161336.63112887
"78437","Mousseaux-sur-Seine",62250.07609654
"78439","Mulcent",23507.5656793
"78440","Les Mureaux",156905.65446003
"78442","Neauphle-le-Chateau",156192.09866925
"78443","Neauphle-le-Vieux",95737.07494318
"78444","Neauphlette",16190.15115596
"78451","Nezel",99894.88146035
"78455","Noisy-le-Roi",389848.65452996
"78460","Oinville-sur-Montcient",91983.19904853
"78464","Orcemont",27453.14397101
"78465","Orgerus",24660.69509817
"78466","Orgeval",166393.39865425
"78470","Orphin",15896.1200572
"78472","Orsonville",5745.09957817
"78474","Orvilliers",20185.06435481
"78475","Osmoy",28135.86108411
"78478","Paray-Douaville",5694.21127174
"78481","Le Pecq",591966.82113614
"78484","Perdreauville",72790.66261969
"78486","Le Perray-en-Yvelines",54864.12090145
"78490","Plaisir",217590.91263913
"78497","Poigny-la-Foret",31542.55686847
"78498","Poissy",269805.45669048
"78499","Ponthevrard",24032.21972172
"78501","Porcheville",127134.44526588
"78502","Le Port-Marly",627216.16171283
"78503","Port-Villez",15464.66433639
"78505","Prunay-le-Temple",23003.58674369
"78506","Prunay-en-Yvelines",8726.12601322
"78513","La Queue-les-Yvelines",32017.13490159
"78516","Raizeux",10969.22401178
"78517","Rambouillet",43349.42677622
"78518","Rennemoulin",368930.4874694
"78520","Richebourg",18997.51087995
"78522","Rochefort-en-Yvelines",30434.28591031
"78524","Rocquencourt",572205.46996183
"78528","Rolleboise",63001.8854997
"78530","Rosay",51984.3490571
"78531","Rosny-sur-Seine",74523.75502791
"78536","Sailly",69489.22348199
"78537","Saint-Arnoult-en-Yvelines",26906.62445457
"78545","Saint-Cyr-l'Ecole",414016.62747205
"78548","Saint-Forget",134257.19497207
"78550","Saint-Germain-de-la-Grange",131446.52371191
"78551","Saint-Germain-en-Laye",500893.32199002
"78557","Saint-Hilarion",18770.87360432
"78558","Saint-Illiers-la-Ville",28089.71702751
"78559","Saint-Illiers-le-Bois",15405.34422823
"78561","Saint-Lambert",198334.9990869
"78562","Saint-Leger-en-Yvelines",26268.30911226
"78564","Saint-Martin-de-Brethencourt",21060.17336655
"78565","Saint-Martin-des-Champs",32144.38378946
"78567","Saint-Martin-la-Garenne",88921.21983117
"78569","Sainte-Mesme",26113.21847565
"78571","Saint-Nom-la-Breteche",270014.04262274
"78575","Saint-Remy-les-Chevreuse",151135.90654795
"78576","Saint-Remy-l'Honore",104447.2069173
"78586","Sartrouville",974012.98588367
"78588","Saulx-Marchais",59073.74411389
"78590","Senlisse",67350.35023751
"78591","Septeuil",32091.60973703
"78597","Soindres",97142.23434329
"78601","Sonchamp",27932.3921977
"78605","Tacoignieres",22121.96972145
"78606","Le Tartre-Gaudran",5182.0090675
"78608","Le Tertre-Saint-Denis",49663.31687993
"78609","Tessancourt-sur-Aubette",138349.77319944
"78615","Thiverval-Grignon",155675.35899805
"78616","Thoiry",43248.66437364
"78618","Tilly",12601.98809794
"78620","Toussus-le-Noble",316304.9332748
"78621","Trappes",281272.56377928
"78623","Le Tremblay-sur-Mauldre",128097.59859698
"78624","Triel-sur-Seine",294902.15414988
"78638","Vaux-sur-Seine",237411.26010151
"78640","Velizy-Villacoublay",894803.97619429
"78642","Verneuil-sur-Seine",223854.7113741
"78643","Vernouillet",231721.8756582
"78644","La Verriere",199877.11024852
"78646","Versailles",537922.91555209
"78647","Vert",88116.30928268
"78650","Le Vesinet",778204.50042
"78653","Vicq",63031.29586008
"78655","Vieille-Eglise-en-Yvelines",50893.28011785
"78668","La Villeneuve-en-Chevrie",25040.65750257
"78672","Villennes-sur-Seine",225337.79761474
"78674","Villepreux",307561.06222423
"78677","Villette",73740.65619417
"78681","Villiers-le-Mahieu",35779.40769865
"78683","Villiers-Saint-Frederic",120536.84939721
"78686","Viroflay",864740.00909124
"78688","Voisins-le-Bretonneux",293428.97153732
"91001","Abbeville-la-Riviere",12607.40427174
"91016","Angerville",9806.80516499
"91017","Angervilliers",43027.97192601
"91021","Arpajon",167718.60579606
"91022","Arrancourt",11164.06181873
"91027","Athis-Mons",717993.9117702
"91035","Authon-la-Plaine",10402.79267988
"91037","Auvernaux",113330.27567397
"91038","Auvers-Saint-Georges",43319.25957401
"91041","Avrainville",114397.57337817
"91044","Ballainvilliers",463499.83295944
"91045","Ballancourt-sur-Essonne",81586.98614878
"91047","Baulne",55438.53429676
"91064","Bievres",673608.19868944
"91067","Blandy",3801.76596314
"91069","Boigneville",6486.21060187
"91075","Bois-Herpin",14024.58136063
"91079","Boissy-la-Riviere",29797.74158906
"91080","Boissy-le-Cutte",40650.23367845
"91081","Boissy-le-Sec",32905.59387292
"91085","Boissy-sous-Saint-Yon",90342.32329711
"91086","Bondoufle",381454.01414321
"91093","Boullay-les-Troux",83975.69582179
"91095","Bouray-sur-Juine",67331.16606541
"91097","Boussy-Saint-Antoine",328191.12605447
"91098","Boutervilliers",25088.16132985
"91099","Boutigny-sur-Essonne",28838.28690805
"91100","Bouville",26818.26367288
"91103","Bretigny-sur-Orge",264542.12963149
"91105","Breuillet",80662.84721508
"91106","Breux-Jouy",66983.48459354
"91109","Brieres-les-Scelles",41216.70351013
"91111","Briis-sous-Forges",101382.03623969
"91112","Brouy",4101.50965102
"91114","Brunoy",422326.27700574
"91115","Bruyeres-le-Chatel",125194.81711137
"91121","Buno-Bonnevaux",12855.34016602
"91122","Bures-sur-Yvette",211590.16017938
"91129","Cerny",49059.40636167
"91130","Chalo-Saint-Mars",25069.42312996
"91131","Chalou-Moulineux",16730.67056114
"91132","Chamarande",62149.74633791
"91135","Champcueil",70098.05922263
"91136","Champlan",575944.67480947
"91137","Champmotteux",6392.72616909
"91145","Chatignonville",11943.11945416
"91148","Chauffour-les-Etrechy",47200.59679317
"91156","Cheptainville",108585.01272116
"91159","Chevannes",111491.81092911
"91161","Chilly-Mazarin",654029.98954069
"91174","Corbeil-Essonnes",290814.01740324
"91175","Corbreuse",20036.98024777
"91179","Le Coudray-Montceaux",178089.81631063
"91180","Courances",26108.70338212
"91182","Courcouronnes",397525.73340386
"91184","Courdimanche-sur-Essonne",22939.46984565
"91186","Courson-Monteloup",83250.48900345
"91191","Crosne",636796.47330223
"91195","Dannemois",34409.25520019
"91198","D'Huison-Longueville",35409.4208899
"91200","Dourdan",28788.49694433
"91201","Draveil",557639.41516885
"91204","Echarcon",226704.77653272
"91207","Egly",127424.46307223
"91215","Epinay-sous-Senart",371390.37131072
"91216","Epinay-sur-Orge",515950.00500514
"91222","Estouches",8213.15802089
"91223","Etampes",37563.62010992
"91225","Etiolles",395185.82675597
"91226","Etrechy",44999.51704168
"91228","Evry",399141.21574765
"91232","La Ferte-Alais",47510.00190796
"91235","Fleury-Merogis",445856.3449819
"91240","Fontaine-la-Riviere",22196.39416162
"91243","Fontenay-les-Briis",115600.15345508
"91244","Fontenay-le-Vicomte",134089.64920673
"91247","La Foret-le-Roi",24510.40901452
"91248","La Foret-Sainte-Croix",20299.37525637
"91249","Forges-les-Bains",60467.52438516
"91272","Gif-sur-Yvette",182793.32769408
"91273","Gironville-sur-Essonne",10827.20882516
"91274","Gometz-la-Ville",127173.44857567
"91275","Gometz-le-Chatel",163853.66059623
"91284","Les Granges-le-Roi",22983.59019615
"91286","Grigny",518805.55262542
"91292","Guibeville",143533.648783
"91293","Guigneville-sur-Essonne",39514.58555375
"91294","Guillerval",24212.07509831
"91312","Igny",573922.16538755
"91315","Itteville",70126.29878754
"91318","Janville-sur-Juine",55589.14219809
"91319","Janvry",147789.28396631
"91326","Juvisy-sur-Orge",630456.65590838
"91330","Lardy",81225.16126764
"91332","Leudeville",183923.20362969
"91333","Leuville-sur-Orge",253330.42524288
"91338","Limours",78691.68007225
"91339","Linas",259293.37141714
"91340","Lisses",299260.54876947
"91345","Longjumeau",551561.39517519
"91347","Longpont-sur-Orge",365234.79893884
"91359","Maisse",17891.75498849
"91363","Marcoussis",225020.19229252
"91374","Marolles-en-Beauce",20084.67969187
"91376","Marolles-en-Hurepoix",152629.00867848
"91377","Massy",699001.46509021
"91378","Mauchamps",64483.46052418
"91386","Mennecy",173071.73836448
"91390","Mereville",12414.50840726
"91393","Merobert",11425.44367175
"91399","Mespuits",8013.25598199
"91405","Milly-la-Foret",19827.43580035
"91408","Moigny-sur-Ecole",27645.7871466
"91411","Les Molieres",96007.82093774
"91412","Mondeville",53940.99220642
"91414","Monnerville",15190.74573038
"91421","Montgeron",531282.15913207
"91425","Montlhery",337146.40775831
"91432","Morangis",664225.34070127
"91433","Morigny-Champigny",38578.26863382
"91434","Morsang-sur-Orge",501922.08957601
"91435","Morsang-sur-Seine",216531.63262392
"91441","Nainville-les-Roches",74820.73796169
"91457","La Norville",168322.51549042
"91458","Nozay",321439.98693403
"91461","Ollainville",169725.14082412
"91463","Oncy-sur-Ecole",17245.97843771
"91468","Ormoy",214048.33664525
"91469","Ormoy-la-Riviere",34739.85416148
"91471","Orsay",283989.87190285
"91473","Orveau",32089.84577289
"91477","Palaiseau",453209.78586467
"91479","Paray-Vieille-Poste",844122.33428276
"91482","Pecqueuse",53282.13861581
"91494","Le Plessis-Pate",330673.54178451
"91495","Plessis-Saint-Benoist",14251.94281989
"91507","Prunay-sur-Essonne",9527.88873246
"91508","Puiselet-le-Marais",18852.8260195
"91511","Pussay",11220.40069117
"91514","Quincy-sous-Senart",319041.99133079
"91519","Richarville",16723.00797478
"91521","Ris-Orangis",479224.59055372
"91525","Roinville",29830.96001216
"91526","Roinvilliers",7782.96338539
"91533","Saclas",23868.61554813
"91534","Saclay",368558.5613154
"91538","Saint-Aubin",236673.77214062
"91540","Saint-Cheron",50622.16149004
"91544","Saint-Cyr-la-Riviere",20222.07680191
"91546","Saint-Cyr-sous-Dourdan",37119.41736767
"91547","Saint-Escobille",6947.30098716
"91549","Sainte-Genevieve-des-Bois",435542.97216057
"91552","Saint-Germain-les-Arpajon",206071.82988245
"91553","Saint-Germain-les-Corbeil",327531.2076519
"91556","Saint-Hilaire",33492.26486265
"91560","Saint-Jean-de-Beauregard",192046.52484054
"91568","Saint-Maurice-Montcouronne",59891.9289091
"91570","Saint-Michel-sur-Orge",379459.80241869
"91573","Saint-Pierre-du-Perray",260249.30501766
"91577","Saintry-sur-Seine",251570.26812486
"91578","Saint-Sulpice-de-Favieres",64399.55968082
"91579","Saint-Vrain",100431.31694521
"91581","Saint-Yon",89198.27402891
"91587","Saulx-les-Chartreux",453325.26613476
"91589","Savigny-sur-Orge",588916.28109724
"91593","Sermaise",37158.14961553
"91599","Soisy-sur-Ecole",45636.98698002
"91600","Soisy-sur-Seine",454340.91837624
"91602","Souzy-la-Briche",50635.3798533
"91613","Congerville-Thionville",10435.54283401
"91617","Tigery",315119.58782693
"91619","Torfou",79965.89854585
"91629","Valpuiseaux",14151.28520954
"91630","Le Val-Saint-Germain",44403.50763627
"91631","Varennes-Jarcy",250117.58852635
"91634","Vaugrigneuse",62664.82314385
"91635","Vauhallan",442818.5571044
"91639","Vayres-sur-Essonne",26513.10692655
"91645","Verrieres-le-Buisson",843500.57348099
"91648","Vert-le-Grand",254421.79303993
"91649","Vert-le-Petit",140955.73128891
"91654","Videlles",40399.0941303
"91657","Vigneux-sur-Seine",636752.56514906
"91659","Villabe",250525.89637755
"91661","Villebon-sur-Yvette",398556.56919747
"91662","Villeconin",39079.47749313
"91665","La Ville-du-Bois",383985.15328489
"91666","Villejust",320117.15591332
"91667","Villemoisson-sur-Orge",496945.79161337
"91671","Villeneuve-sur-Auvers",39556.14616325
"91679","Villiers-le-Bacle",257713.973652
"91685","Villiers-sur-Orge",443328.3471883
"91687","Viry-Chatillon",552495.29308132
"91689","Wissous",868262.69579827
"91691","Yerres",523386.23619919
"91692","Les Ulis",236955.35280293
"92002","Antony",1064785.80256328
"92004","Asnieres-sur-Seine",2370678.4615741
"92007","Bagneux",2126396.98773514
"92009","Bois-Colombes",2180862.63421048
"92012","Boulogne-Billancourt",2052298.34829989
"92014","Bourg-la-Reine",1721214.50457403
"92019","Chatenay-Malabry",1173501.64679335
"92020","Chatillon",2078578.22742257
"92022","Chaville",1110792.06100299
"92023","Clamart",1617045.49180286
"92024","Clichy",2725602.86768786
"92025","Colombes",1850368.47806404
"92026","Courbevoie",2294746.2371055
"92032","Fontenay-aux-Roses",1772722.23953235
"92033","Garches",1366926.59416525
"92035","La Garenne-Colombes",2049276.21001436
"92036","Gennevilliers",2008694.73869546
"92040","Issy-les-Moulineaux",2217085.5519226
"92044","Levallois-Perret",2707302.90049532
"92046","Malakoff",2452923.15821115
"92047","Marnes-la-Coquette",1033062.2289669
"92048","Meudon",1439895.50500407
"92049","Montrouge",2566457.45693402
"92050","Nanterre",1646906.48484941
"92051","Neuilly-sur-Seine",2576615.59413199
"92060","Le Plessis-Robinson",1375792.88038944
"92062","Puteaux",2184406.31101511
"92063","Rueil-Malmaison",1314392.61484507
"92064","Saint-Cloud",1661319.23164344
"92071","Sceaux",1546801.292802
"92072","Sevres",1477735.89895981
"92073","Suresnes",1937255.94265585
"92075","Vanves",2450952.53753414
"92076","Vaucresson",1026474.27675988
"92077","Ville-d'Avray",1087970.44980232
"92078","Villeneuve-la-Garenne",2068407.59276419
"93001","Aubervilliers",2494285.94943668
"93005","Aulnay-sous-Bois",976603.23622296
"93006","Bagnolet",2665943.19050778
"93007","Le Blanc-Mesnil",1307120.85378605
"93008","Bobigny",2077444.97056541
"93010","Bondy",1612777.52900764
"93013","Le Bourget",1640548.11580046
"93014","Clichy-sous-Bois",944760.18618847
"93015","Coubron",686881.35993409
"93027","La Courneuve",1940796.06377084
"93029","Drancy",1738097.36184863
"93030","Dugny",1381043.66019343
"93031","Epinay-sur-Seine",1603253.40076883
"93032","Gagny",1077865.76915617
"93033","Gournay-sur-Marne",846181.33805274
"93039","L'Ile-Saint-Denis",1984941.6368507
"93045","Les Lilas",2623771.41412302
"93046","Livry-Gargan",944374.61489013
"93047","Montfermeil",834468.96884555
"93048","Montreuil",2345511.7595774
"93049","Neuilly-Plaisance",1494191.86368401
"93050","Neuilly-sur-Marne",1157905.62208941
"93051","Noisy-le-Grand",892961.04841948
"93053","Noisy-le-Sec",2041267.03427737
"93055","Pantin",2544282.22496838
"93057","Les Pavillons-sous-Bois",1333117.89646182
"93059","Pierrefitte-sur-Seine",1418879.55847499
"93061","Le Pre-Saint-Gervais",2753126.15979218
"93062","Le Raincy",1256428.47728574
"93063","Romainville",2376190.09320509
"93064","Rosny-sous-Bois",1790048.22245326
"93066","Saint-Denis",2211229.50670928
"93070","Saint-Ouen",2702582.77594798
"93071","Sevran",810299.76234923
"93072","Stains",1439336.41802552
"93073","Tremblay-en-France",410603.51532693
"93074","Vaujours",584179.25428354
"93077","Villemomble",1452286.77834269
"93078","Villepinte",616815.44266698
"93079","Villetaneuse",1546154.17984292
"94001","Ablon-sur-Seine",771950.18470077
"94002","Alfortville",1871062.57989328
"94003","Arcueil",2419842.66520029
"94004","Boissy-Saint-Leger",591983.2121611
"94011","Bonneuil-sur-Marne",1007772.28541949
"94015","Bry-sur-Marne",1281197.97204554
"94016","Cachan",2057086.37596187
"94017","Champigny-sur-Marne",1209437.99430567
"94018","Charenton-le-Pont",2523974.10377815
"94019","Chennevieres-sur-Marne",861858.12220397
"94021","Chevilly-Larue",1496953.32468867
"94022","Choisy-le-Roi",1274011.14925378
"94028","Creteil",1376019.16449659
"94033","Fontenay-sous-Bois",1965165.49514803
"94034","Fresnes",1269061.09405531
"94037","Gentilly",2618678.23448095
"94038","L'Hay-les-Roses",1698033.66555132
"94041","Ivry-sur-Seine",2487203.53523814
"94042","Joinville-le-Pont",1751401.30613721
"94043","Le Kremlin-Bicetre",2523149.47400087
"94044","Limeil-Brevannes",726620.9675399
"94046","Maisons-Alfort",1918129.83002237
"94047","Mandres-les-Roses",326470.42408077
"94048","Marolles-en-Brie",434854.37552765
"94052","Nogent-sur-Marne",1778687.38121173
"94053","Noiseau",627663.03756556
"94054","Orly",1025775.03626147
"94055","Ormesson-sur-Marne",791402.86237699
"94056","Perigny",273887.7564873
"94058","Le Perreux-sur-Marne",1523937.53007308
"94059","Le Plessis-Trevise",692279.3622199
"94060","La Queue-en-Brie",509772.33903256
"94065","Rungis",1168690.92502726
"94067","Saint-Mande",2648738.79369832
"94068","Saint-Maur-des-Fosses",1255988.02075068
"94069","Saint-Maurice",2133111.34992662
"94070","Santeny",347287.46812502
"94071","Sucy-en-Brie",684340.75584717
"94073","Thiais",1328428.8130416
"94074","Valenton",919429.05497012
"94075","Villecresnes",425194.66312224
"94076","Villejuif",2109510.22417112
"94077","Villeneuve-le-Roi",868008.57144852
"94078","Villeneuve-Saint-Georges",847899.10064369
"94079","Villiers-sur-Marne",1007253.3139353
"94080","Vincennes",2445614.95444417
"94081","Vitry-sur-Seine",1879759.06592043
"95002","Ableiges",100053.85128728
"95008","Aincourt",35487.40557122
"95011","Ambleville",9522.58117392
"95012","Amenucourt",13527.91224092
"95014","Andilly",664528.09532317
"95018","Argenteuil",1352599.17881327
"95019","Arnouville",792797.62634705
"95023","Arronville",16032.1442056
"95024","Arthies",20627.59472421
"95026","Asnieres-sur-Oise",49398.08754551
"95028","Attainville",212284.6649266
"95039","Auvers-sur-Oise",194426.44980779
"95040","Avernes",28828.4464296
"95042","Baillet-en-France",242721.72460411
"95046","Banthelu",16128.31213716
"95051","Beauchamp",490863.51773764
"95052","Beaumont-sur-Oise",68854.77167315
"95054","Le Bellay-en-Vexin",15664.64782799
"95055","Bellefontaine",79861.00601969
"95056","Belloy-en-France",101579.99399538
"95058","Bernes-sur-Oise",51599.95895891
"95059","Berville",7521.33808485
"95060","Bessancourt",363147.22601212
"95061","Bethemont-la-Foret",277075.19719647
"95063","Bezons",1434516.68196473
"95074","Boisemont",275235.71752375
"95078","Boissy-l'Aillerie",163040.95499342
"95088","Bonneuil-en-France",1047656.85015596
"95091","Bouffemont",353148.61369829
"95094","Bouqueval",382456.08508886
"95101","Bray-et-Lu",8200.57478529
"95102","Breancon",24966.97644888
"95110","Brignancourt",20150.62306486
"95116","Bruyeres-sur-Oise",50502.42372325
"95119","Buhy",6826.31009529
"95120","Butry-sur-Oise",170253.57475677
"95127","Cergy",289446.46288934
"95134","Champagne-sur-Oise",66918.34634008
"95139","La Chapelle-en-Vexin",9186.7318145
"95141","Charmont",14691.61583973
"95142","Chars",15051.02370285
"95144","Chatenay-en-France",138630.80809007
"95149","Chaumontel",45645.31716287
"95150","Chaussy",14771.06019945
"95151","Chauvry",282657.16672594
"95154","Chennevieres-les-Louvres",133508.8213946
"95157","Cherence",24413.03254706
"95166","Clery-en-Vexin",16566.12753245
"95169","Commeny",19024.65331639
"95170","Condecourt",145471.03849489
"95176","Cormeilles-en-Parisis",888760.18159761
"95177","Cormeilles-en-Vexin",76782.86398019
"95181","Courcelles-sur-Viosne",153413.7028169
"95183","Courdimanche",231812.55854981
"95197","Deuil-la-Barre",1251123.2221264
"95199","Domont",442372.39202562
"95203","Eaubonne",870905.42735371
"95205","Ecouen",417450.43320328
"95210","Enghien-les-Bains",1265559.85529011
"95211","Ennery",209062.95643897
"95212","Epiais-les-Louvres",167108.28737775
"95213","Epiais-Rhus",72062.98765641
"95214","Epinay-Champlatreux",99745.13756202
"95218","Eragny",380442.20865816
"95219","Ermont",865064.24011544
"95229","Ezanville",343378.66612842
"95241","Fontenay-en-Parisis",203603.62452931
"95250","Fosses",62386.78805907
"95252","Franconville",773829.35962168
"95253","Fremainville",47621.59237307
"95254","Fremecourt",45851.04562001
"95256","Frepillon",298750.13125063
"95257","La Frette-sur-Seine",736645.79578778
"95258","Frouville",34171.72263781
"95259","Gadancourt",22749.11449
"95268","Garges-les-Gonesse",1084066.56402735
"95270","Genainville",15743.35721747
"95271","Genicourt",146477.57254972
"95277","Gonesse",668884.25551294
"95280","Goussainville",311120.4444165
"95282","Gouzangrez",24693.48954202
"95287","Grisy-les-Platres",48632.33999117
"95288","Groslay",963293.7124733
"95295","Guiry-en-Vexin",18732.88664428
"95298","Haravilliers",12208.61410308
"95301","Haute-Isle",29998.73353492
"95303","Le Heaulme",14336.38870062
"95304","Hedouville",42282.64681074
"95306","Herblay",506164.63021697
"95308","Herouville",124154.62592719
"95309","Hodent",13828.539243
"95313","L'Isle-Adam",108444.77465491
"95316","Jagny-sous-Bois",108808.97630476
"95323","Jouy-le-Moutier",325395.97175303
"95328","Labbeville",59825.35356981
"95331","Lassy",84353.12333611
"95341","Livilliers",138006.69851677
"95348","Longuesse",92828.89410653
"95351","Louvres",172572.84105429
"95352","Luzarches",57086.9482533
"95353","Maffliers",139943.25623859
"95355","Magny-en-Vexin",13040.91333858
"95365","Mareil-en-France",150603.82135944
"95369","Margency",742887.30750197
"95370","Marines",21007.60568361
"95371","Marly-la-Ville",80651.51329155
"95379","Maudetour-en-Vexin",17196.18814281
"95387","Menouville",30162.89346506
"95388","Menucourt",218198.79164689
"95392","Meriel",186659.3430342
"95394","Mery-sur-Oise",282548.74190271
"95395","Le Mesnil-Aubry",231382.52443954
"95409","Moisselles",306944.91975507
"95422","Montgeroult",121551.21860308
"95424","Montigny-les-Cormeilles",642040.80356223
"95426","Montlignon",596250.65247357
"95427","Montmagny",1258470.80307174
"95428","Montmorency",883890.27580943
"95429","Montreuil-sur-Epte",7492.59617194
"95430","Montsoult",182925.37497409
"95436","Mours",79404.35948154
"95438","Moussy",18726.69259773
"95445","Nerville-la-Foret",135544.4300035
"95446","Nesles-la-Vallee",76872.44786863
"95447","Neuilly-en-Vexin",12114.30642828
"95450","Neuville-sur-Oise",350976.55022306
"95452","Nointel",78132.48607405
"95456","Noisy-sur-Oise",67274.40939126
"95459","Nucourt",13901.3848649
"95462","Omerville",12043.02174962
"95476","Osny",227581.64468745
"95480","Parmain",84220.59575647
"95483","Le Perchay",27735.81058198
"95487","Persan",64272.78124197
"95488","Pierrelaye",436126.59914113
"95489","Piscop",554527.18969682
"95491","Le Plessis-Bouchard",643925.60414389
"95492","Le Plessis-Gassot",309931.86619906
"95493","Le Plessis-Luzarches",79210.86816245
"95500","Pontoise",291301.48997798
"95504","Presles",96233.37845338
"95509","Puiseux-en-France",115995.60075604
"95510","Puiseux-Pontoise",198321.38323368
"95523","La Roche-Guyon",23284.11072823
"95527","Roissy-en-France",340753.24228938
"95529","Ronquerolles",45085.45523949
"95535","Sagy",163841.81265241
"95539","Saint-Brice-sous-Foret",713365.5850147
"95541","Saint-Clair-sur-Epte",4717.17890386
"95543","Saint-Cyr-en-Arthies",57737.24480328
"95554","Saint-Gervais",11967.65617999
"95555","Saint-Gratien",1250440.60839747
"95563","Saint-Leu-la-Foret",506576.8018331
"95566","Saint-Martin-du-Tertre",92927.55949214
"95572","Saint-Ouen-l'Aumone",325392.63476879
"95574","Saint-Prix",519865.53008305
"95580","Saint-Witz",60861.02436339
"95582","Sannois",1092063.92596561
"95584","Santeuil",27586.92888929
"95585","Sarcelles",816701.40397695
"95592","Seraincourt",82731.13583344
"95594","Seugy",57085.94500952
"95598","Soisy-sous-Montmorency",935797.33613874
"95604","Survilliers",46951.7975927
"95607","Taverny",436791.18407065
"95610","Themericourt",38429.11510649
"95611","Theuville",22907.753213
"95612","Le Thillay",458822.9488035
"95625","Us",51956.99730511
"95627","Vallangoujard",55685.58947482
"95628","Valmondois",134346.8342603
"95633","Vaudherland",449829.02559054
"95637","Vaureal",285175.71622909
"95641","Vemars",80095.24336396
"95651","Vetheuil",56988.70511394
"95652","Viarmes",61157.07540282
"95656","Vienne-en-Arthies",50206.83093272
"95658","Vigny",65919.12902426
"95660","Villaines-sous-Bois",149969.81740352
"95675","Villeron",100253.54127196
"95676","Villers-en-Arthies",28237.03774739
"95678","Villiers-Adam",206310.11299345
"95680","Villiers-le-Bel",548550.80844821
"95682","Villiers-le-Sec",146217.5521745
"95690","Wy-dit-Joli-Village",21017.95871111
