"ID","NAMES","total_AsTheCowRolls_ACC_0.05"
"75101","Paris 1er Arrondissement",3.84930887538141
"75102","Paris 2e  Arrondissement",3.72026847156675
"75103","Paris 3e  Arrondissement",2.89165931934881
"75104","Paris 4e  Arrondissement",3.1641064249181
"75105","Paris 5e  Arrondissement",3.40060936479703
"75106","Paris 6e  Arrondissement",3.74249253207702
"75107","Paris 7e  Arrondissement",4.64423188078375
"75108","Paris 8e  Arrondissement",3.45950880268477
"75109","Paris 9e  Arrondissement",2.79082874735396
"75110","Paris 10e  Arrondissement",2.17649746407561
"75111","Paris 11e  Arrondissement",2.60611752781768
"75112","Paris 12e  Arrondissement",3.72050692691572
"75113","Paris 13e  Arrondissement",3.04109386598465
"75114","Paris 14e  Arrondissement",3.42211039753421
"75115","Paris 15e  Arrondissement",4.32491479441435
"75116","Paris 16e  Arrondissement",5.45754813803228
"75117","Paris 17e  Arrondissement",3.0536001424553
"75118","Paris 18e  Arrondissement",3.06562179864552
"75119","Paris 19e  Arrondissement",3.53852095531151
"75120","Paris 20e  Arrondissement",2.91922171424494
"77001","Acheres-la-Foret",27.5322935016815
"77002","Amillis",33.059199123113
"77003","Amponville",30.385586798258
"77004","Andrezel",24.6434945767748
"77005","Annet-sur-Marne",15.5256863555115
"77006","Arbonne-la-Foret",24.2312760097074
"77007","Argentieres",25.9646014656522
"77008","Armentieres-en-Brie",27.5440296812959
"77009","Arville",39.4907012001388
"77010","Aubepierre-Ozouer-le-Repos",27.045001308447
"77011","Aufferville",35.6507540989168
"77012","Augers-en-Brie",38.5893954055622
"77013","Aulnoy",30.4640385671471
"77014","Avon",26.834466500525
"77015","Baby",48.0300672255037
"77016","Bagneaux-sur-Loing",32.4083422600648
"77018","Bailly-Romainvilliers",16.9734201216814
"77019","Balloy",40.3896588931297
"77020","Bannost-Villegagnon",32.484472662554
"77021","Barbey",36.7314664090237
"77022","Barbizon",21.7757489462343
"77023","Barcy",23.0393214148313
"77024","Bassevelle",35.0936976183575
"77025","Bazoches-les-Bray",41.3446675951586
"77026","Beauchery-Saint-Martin",46.3754709679336
"77027","Beaumont-du-Gatinais",42.6740684724744
"77028","Beautheil",32.0430531853034
"77029","Beauvoir",25.4395807982571
"77030","Bellot",40.7728855213482
"77031","Bernay-Vilbert",26.4810385739864
"77032","Beton-Bazoches",33.4027459041642
"77033","Bezalles",35.2292613910168
"77034","Blandy",24.0541474301189
"77035","Blennes",45.6877861158709
"77036","Boisdon",33.1688446095959
"77037","Bois-le-Roi",23.8095571948288
"77038","Boissettes",21.1140546246342
"77039","Boissise-la-Bertrand",20.9605074155643
"77040","Boissise-le-Roi",19.3376135986075
"77041","Boissy-aux-Cailles",31.3425783237101
"77042","Boissy-le-Chatel",31.2424038675111
"77043","Boitron",35.9144184026652
"77044","Bombon",28.7547383642157
"77045","Bougligny",36.6644252181936
"77046","Boulancourt",36.098623906156
"77047","Bouleurs",20.3232260255242
"77048","Bourron-Marlotte",31.9104749563784
"77049","Boutigny",21.4265529656533
"77050","Bransles",36.8587819013891
"77051","Bray-sur-Seine",44.3938821068897
"77052","Breau",27.0180304008677
"77053","Brie-Comte-Robert",15.0816461131387
"77054","La Brosse-Montceaux",38.6385670491119
"77055","Brou-sur-Chantereine",11.9982110729233
"77056","Burcy",35.2535571641421
"77057","Bussieres",31.7182597177757
"77058","Bussy-Saint-Georges",12.5104215558812
"77059","Bussy-Saint-Martin",12.9075283615796
"77060","Buthiers",32.913558141655
"77061","Cannes-Ecluse",36.9084234102899
"77062","Carnetin",15.9783897995137
"77063","La Celle-sur-Morin",25.68096692813
"77065","Cely",19.960019689334
"77066","Cerneux",37.5477239400978
"77067","Cesson",17.9968050144866
"77068","Cessoy-en-Montois",42.7150185375414
"77069","Chailly-en-Biere",20.7703684302062
"77070","Chailly-en-Brie",30.2324243410041
"77071","Chaintreaux",35.7221302393081
"77072","Chalautre-la-Grande",51.1663524156103
"77073","Chalautre-la-Petite",43.109175054416
"77075","Chalifert",16.5125190010315
"77076","Chalmaison",46.5180748366061
"77077","Chambry",22.1510086740419
"77078","Chamigny",29.9875501984616
"77079","Champagne-sur-Seine",30.9596676548714
"77080","Champcenest",38.0066332767107
"77081","Champdeuil",20.6698770136374
"77082","Champeaux",25.2902063641498
"77083","Champs-sur-Marne",10.2120966074403
"77084","Changis-sur-Marne",24.8978265236879
"77085","Chanteloup-en-Brie",15.0760092358395
"77086","La Chapelle-Gauthier",26.8813699868805
"77087","La Chapelle-Iger",28.6309117638497
"77088","La Chapelle-la-Reine",26.311888111465
"77089","La Chapelle-Rablais",33.5521481136258
"77090","La Chapelle-Saint-Sulpice",39.3086326234197
"77091","Les Chapelles-Bourbon",21.5411620146397
"77093","La Chapelle-Moutils",43.4860768703983
"77094","Charmentray",19.1239640420633
"77095","Charny",19.353004040153
"77096","Chartrettes",25.0656565993851
"77097","Chartronges",38.6603131351652
"77098","Chateaubleau",36.3144029528545
"77099","Chateau-Landon",38.489362514909
"77100","Le Chatelet-en-Brie",25.3094537106607
"77101","Chatenay-sur-Seine",40.6105712145342
"77102","Chatenoy",34.4992784926025
"77103","Chatillon-la-Borde",25.3486637272047
"77104","Chatres",20.5653868309773
"77106","Chauffry",35.2785513968358
"77107","Chaumes-en-Brie",22.9535942612044
"77108","Chelles",10.508281086741
"77109","Chenoise",35.0319982523709
"77110","Chenou",40.3323799678956
"77111","Chessy",15.8396028602845
"77112","Chevrainvilliers",34.4685702003534
"77113","Chevru",34.1255200381069
"77114","Chevry-Cossigny",16.2250827805716
"77115","Chevry-en-Sereine",41.2972591507163
"77116","Choisy-en-Brie",35.5396041715752
"77117","Citry",34.7507962521318
"77118","Claye-Souilly",13.5539914566816
"77119","Clos-Fontaine",32.4299087311975
"77120","Cocherel",29.8254436870971
"77121","Collegien",11.2349190430041
"77122","Combs-la-Ville",15.4537795485003
"77123","Compans",15.4102567314178
"77124","Conches-sur-Gondoire",14.577048474415
"77125","Conde-Sainte-Libiaire",20.0234881448716
"77126","Congis-sur-Therouanne",28.6712107143718
"77127","Coubert",17.5852754590613
"77128","Couilly-Pont-aux-Dames",16.9954157365098
"77129","Coulombs-en-Valois",33.5029184977983
"77130","Coulommes",20.9799979815016
"77131","Coulommiers",27.6035878892575
"77132","Coupvray",17.3004818381569
"77133","Courcelles-en-Bassee",38.6132690154192
"77134","Courchamp",40.4823472279595
"77135","Courpalay",27.3949004293923
"77136","Courquetaine",21.3728402214623
"77137","Courtacon",35.3430865757199
"77138","Courtomer",27.8368874341943
"77139","Courtry",11.8974178587523
"77140","Coutencon",37.0355616239709
"77141","Coutevroult",18.3772264090726
"77142","Crecy-la-Chapelle",20.5600274652578
"77143","Cregy-les-Meaux",20.5984912063171
"77144","Crevecoeur-en-Brie",22.4754382878544
"77145","Crisenoy",20.6564482932688
"77146","Croissy-Beaubourg",11.1230090369067
"77147","La Croix-en-Brie",35.4616668850071
"77148","Crouy-sur-Ourcq",35.5268674574777
"77149","Cucharmoy",37.6426919498884
"77150","Cuisy",22.6897850601532
"77151","Dagny",31.8234442986515
"77152","Dammarie-les-Lys",20.7758218417943
"77153","Dammartin-en-Goele",18.3952596666036
"77154","Dammartin-sur-Tigeaux",22.3809998861929
"77155","Dampmart",16.0376639506431
"77156","Darvault",29.8562892157025
"77157","Dhuisy",29.622094643236
"77158","Diant",43.0791665325007
"77159","Donnemarie-Dontilly",40.7113791086507
"77161","Dormelles",38.838538754928
"77162","Doue",33.5439632708528
"77163","Douy-la-Ramee",28.351590642405
"77164","Echouboulains",34.5093106856409
"77165","Les Ecrennes",28.4552645118253
"77166","Ecuelles",33.4916878769717
"77167","Egligny",42.5961550732108
"77168","Egreville",35.7814519101281
"77169","Emerainville",10.9058955789791
"77170","Episy",31.2371540085143
"77171","Esbly",18.4533032117539
"77172","Esmans",37.015653969262
"77173","Etrepilly",26.4829523447915
"77174","Everly",46.8051570516019
"77175","Evry-Gregy-sur-Yerre",16.24352740973
"77176","Faremoutiers",26.0866472856091
"77177","Favieres",18.472924674825
"77178","Fay-les-Nemours",33.9736450651028
"77179","Fericy",30.0446662992262
"77180","Ferolles-Attilly",15.0509057558665
"77181","Ferrieres-en-Brie",11.8395216496249
"77182","La Ferte-Gaucher",38.3676697314607
"77183","La Ferte-sous-Jouarre",26.9013068332461
"77184","Flagy",39.8822919870595
"77185","Fleury-en-Biere",20.2996805914377
"77186","Fontainebleau",25.6771916358716
"77187","Fontaine-Fourches",49.043251628013
"77188","Fontaine-le-Port",26.9790119047752
"77190","Fontains",35.1478081503428
"77191","Fontenailles",29.7282670019078
"77192","Fontenay-Tresigny",22.1635009202591
"77193","Forfry",26.2448933943784
"77194","Forges",31.6672294164085
"77195","Fouju",23.0979032097359
"77196","Fresnes-sur-Marne",16.0138271663959
"77197","Fretoy",33.1864127077095
"77198","Fromont",32.4702939005439
"77199","Fublaines",23.7053520731909
"77200","Garentreville",36.3643522616108
"77201","Gastins",31.2093489540083
"77202","La Genevraye",33.2653652861299
"77203","Germigny-l'Eveque",26.322162820144
"77204","Germigny-sous-Coulombs",33.3388130622862
"77205","Gesvres-le-Chapitre",25.5513908665175
"77206","Giremoutiers",26.3608950985418
"77207","Gironville",39.8977525360048
"77208","Gouaix",47.581090186934
"77209","Gouvernes",12.9067854460505
"77210","La Grande-Paroisse",35.4475868092375
"77211","Grandpuits-Bailly-Carrois",30.4538786670801
"77212","Gravon",40.4178546637397
"77214","Gressy",15.223686547479
"77215","Gretz-Armainvilliers",16.3468893444286
"77216","Grez-sur-Loing",31.1302772734749
"77217","Grisy-Suisnes",16.9287386185458
"77218","Grisy-sur-Seine",46.4029566812156
"77219","Guerard",23.1341400846884
"77220","Guercheville",32.4308528202434
"77221","Guermantes",13.4600174223019
"77222","Guignes",21.6477290546849
"77223","Gurcy-le-Chatel",39.7464701338392
"77224","Hautefeuille",26.2131688090778
"77225","La Haute-Maison",24.5524759170633
"77226","Hericy",28.5065849512019
"77227","Herme",45.4844884318346
"77228","Hondevilliers",35.8379151679497
"77229","La Houssaye-en-Brie",21.7446418314545
"77230","Ichy",39.5080860199966
"77231","Isles-les-Meldeuses",27.6455176623879
"77232","Isles-les-Villenoy",20.2801579807769
"77233","Iverny",20.6511184840712
"77234","Jablines",18.6021900511135
"77235","Jaignes",28.2120324628297
"77236","Jaulnes",44.4999277832873
"77237","Jossigny",14.2630010311193
"77238","Jouarre",28.8056223032266
"77239","Jouy-le-Chatel",30.3447243680065
"77240","Jouy-sur-Morin",37.8405289325578
"77241","Juilly",19.6004434360329
"77242","Jutigny",44.0116990635511
"77243","Lagny-sur-Marne",13.339255631762
"77244","Larchant",30.2107726100111
"77245","Laval-en-Brie",33.9033127185011
"77246","Lechelle",46.8931159037614
"77247","Lescherolles",41.2785319583128
"77248","Lesches",18.3406948065534
"77249","Lesigny",13.0869821940655
"77250","Leudon-en-Brie",37.3301515382153
"77251","Lieusaint",15.138235698465
"77252","Limoges-Fourches",17.170097528361
"77253","Lissy",18.6366728064148
"77254","Liverdy-en-Brie",20.9915290218351
"77255","Livry-sur-Seine",22.0996938463813
"77256","Lizines",41.4281693716949
"77257","Lizy-sur-Ourcq",29.7509311224403
"77258","Lognes",10.6005823147809
"77259","Longperrier",18.6069309436237
"77260","Longueville",43.4680818031412
"77261","Lorrez-le-Bocage-Preaux",38.8372743525461
"77262","Louan-Villegruis-Fontaine",48.6160205997852
"77263","Luisetaines",44.9321040923946
"77264","Lumigny-Nesles-Ormeaux",24.0488105907396
"77265","Luzancy",30.6748139402563
"77266","Machault",30.5659556604892
"77267","La Madeleine-sur-Loing",35.1291911787336
"77268","Magny-le-Hongre",17.095328161698
"77269","Maincy",20.5017910082329
"77270","Maisoncelles-en-Brie",24.655104946273
"77271","Maisoncelles-en-Gatinais",38.6151533194819
"77272","Maison-Rouge",37.9634641749346
"77273","Marchemoret",21.1557694388476
"77274","Marcilly",25.2246496391249
"77275","Les Marets",39.4061071417804
"77276","Mareuil-les-Meaux",20.4704711101521
"77277","Marles-en-Brie",22.6523379382642
"77278","Marolles-en-Brie",33.1649487539971
"77279","Marolles-sur-Seine",35.5768094531675
"77280","Mary-sur-Marne",29.7931369612009
"77281","Mauperthuis",28.3045456939035
"77282","Mauregard",16.162645251302
"77283","May-en-Multien",30.8570807152737
"77284","Meaux",20.1877107802757
"77285","Le Mee-sur-Seine",19.682082926997
"77286","Meigneux",40.234437416801
"77287","Meilleray",46.3442181933761
"77288","Melun",19.0349328614679
"77289","Melz-sur-Seine",47.4293108620713
"77290","Mery-sur-Marne",31.4798963096239
"77291","Le Mesnil-Amelot",15.6215834899505
"77292","Messy",15.5408520003158
"77293","Misy-sur-Yonne",38.6032132506235
"77294","Mitry-Mory",13.3149015374463
"77295","Moisenay",22.2993160212091
"77296","Moissy-Cramayel",16.1767564776425
"77297","Mondreville",42.5026192036335
"77298","Mons-en-Montois",43.1475519841797
"77299","Montarlot",34.522423178837
"77300","Montceaux-les-Meaux",21.6173848355422
"77301","Montceaux-les-Provins",40.6188053112898
"77302","Montcourt-Fromonville",31.440255871234
"77303","Montdauphin",46.3351777517512
"77304","Montenils",49.2135493737304
"77305","Montereau-Fault-Yonne",34.6818095352749
"77306","Montereau-sur-le-Jard",18.0382827280471
"77307","Montevrain",15.3089889331824
"77308","Montge-en-Goele",21.2723990090586
"77309","Monthyon",22.6066928495719
"77310","Montigny-le-Guesdier",45.7376238098922
"77311","Montigny-Lencoup",36.1251859073439
"77312","Montigny-sur-Loing",31.2395509776756
"77313","Montmachoux",40.6920748529715
"77314","Montolivet",46.7814724482472
"77315","Montry",18.108289256375
"77316","Moret-sur-Loing",32.1260292670142
"77317","Mormant",26.6102023719221
"77318","Mortcerf",22.0599485787222
"77319","Mortery",38.5383936937781
"77320","Mouroux",26.501542913514
"77321","Mousseaux-les-Bray",43.7831410834831
"77322","Moussy-le-Neuf",18.3139561970336
"77323","Moussy-le-Vieux",20.0447881194856
"77325","Mouy-sur-Seine",43.8478972373787
"77326","Nandy",16.919949536658
"77327","Nangis",31.6365143149872
"77328","Nanteau-sur-Essonne",32.2030764599248
"77329","Nanteau-sur-Lunain",35.5030610263652
"77330","Nanteuil-les-Meaux",20.7138424197129
"77331","Nanteuil-sur-Marne",33.0846750936323
"77332","Nantouillet",19.1183948757337
"77333","Nemours",29.4256183341084
"77335","Chauconin-Neufmontiers",20.3574513231633
"77336","Neufmoutiers-en-Brie",20.4881625049859
"77337","Noisiel",10.4624087000678
"77338","Noisy-Rudignon",37.6051627564657
"77339","Noisy-sur-Ecole",26.5616538188384
"77340","Nonville",32.6646638836324
"77341","Noyen-sur-Seine",46.5116938855495
"77342","Obsonville",38.2684817338949
"77343","Ocquerre",31.7052079703158
"77344","Oissery",25.2837425586528
"77345","Orly-sur-Morin",35.6731037338659
"77347","Les Ormes-sur-Voulzie",45.4438573697845
"77348","Ormesson",32.253689704885
"77349","Othis",21.1580947496755
"77350","Ozoir-la-Ferriere",15.1490114218901
"77352","Ozouer-le-Voulgis",21.6228332349858
"77353","Paley",36.8905174326644
"77354","Pamfou",30.3231414360201
"77355","Paroy",43.9249792596738
"77356","Passy-sur-Seine",48.714074981903
"77357","Pecy",30.8586474899003
"77358","Penchard",21.1443939312637
"77359","Perthes",18.8409995236839
"77360","Pezarches",25.5170308036367
"77361","Pierre-Levee",22.6869466770989
"77363","Le Pin",12.3612592364494
"77364","Le Plessis-aux-Bois",21.8312851934321
"77365","Le Plessis-Feu-Aussoux",27.8210953764917
"77366","Le Plessis-l'Eveque",21.0606599091517
"77367","Le Plessis-Placy",29.9024264894177
"77368","Poigny",42.1302457915798
"77369","Poincy",23.1720839036909
"77370","Poligny",34.6999705746425
"77371","Pommeuse",25.7245613497961
"77372","Pomponne",13.4209619433884
"77373","Pontault-Combault",11.7481203092929
"77374","Pontcarre",13.0756227415425
"77376","Precy-sur-Marne",18.386354591856
"77377","Presles-en-Brie",18.8616254652604
"77378","Pringy",20.0176018523181
"77379","Provins",40.9288459683707
"77380","Puisieux",27.9144668134967
"77381","Quiers",30.5468276695552
"77382","Quincy-Voisins",18.8557684330316
"77383","Rampillon",35.6388673303648
"77384","Reau",16.3438155938527
"77385","Rebais",35.922447184665
"77386","Recloses",27.6343244572732
"77387","Remauville",36.2354001496222
"77388","Reuil-en-Brie",27.7668338209278
"77389","La Rochette",21.6604244208309
"77390","Roissy-en-Brie",13.6717280722364
"77391","Rouilly",43.0805471115127
"77392","Rouvres",19.0597419554967
"77393","Rozay-en-Brie",24.6462300832588
"77394","Rubelles",19.9229120919868
"77395","Rumont",33.0038784472574
"77396","Rupereux",42.6350754042557
"77397","Saacy-sur-Marne",32.1927517456311
"77398","Sablonnieres",37.5365413624622
"77399","Saint-Ange-le-Viel",40.3861296352995
"77400","Saint-Augustin",28.8455941977587
"77401","Sainte-Aulde",29.9033235119563
"77402","Saint-Barthelemy",42.4224502733858
"77403","Saint-Brice",42.8181555430588
"77404","Sainte-Colombe",42.2811362497149
"77405","Saint-Cyr-sur-Morin",32.3596193768988
"77406","Saint-Denis-les-Rebais",34.8621331420784
"77407","Saint-Fargeau-Ponthierry",17.1825813768173
"77408","Saint-Fiacre",22.4705427387054
"77409","Saint-Germain-Laval",34.7302578464878
"77410","Saint-Germain-Laxis",20.1521626620875
"77411","Saint-Germain-sous-Doue",34.2692625223809
"77412","Saint-Germain-sur-Ecole",21.235712925739
"77413","Saint-Germain-sur-Morin",17.8717640107209
"77414","Saint-Hilliers",39.2518032215899
"77415","Saint-Jean-les-Deux-Jumeaux",23.3518297966041
"77416","Saint-Just-en-Brie",36.5588810922873
"77417","Saint-Leger",39.0923012124397
"77418","Saint-Loup-de-Naud",42.8557685659602
"77419","Saint-Mammes",31.4556297210069
"77420","Saint-Mard",17.2037250968427
"77421","Saint-Mars-Vieux-Maisons",40.5080230559323
"77423","Saint-Martin-des-Champs",40.6061089412538
"77424","Saint-Martin-du-Boschet",44.1784771999639
"77425","Saint-Martin-en-Biere",22.0156106308957
"77426","Saint-Mery",26.5376428203083
"77427","Saint-Mesmes",17.5457903183956
"77428","Saint-Ouen-en-Brie",28.7878143395513
"77429","Saint-Ouen-sur-Morin",32.6402895349131
"77430","Saint-Pathus",23.6563364121767
"77431","Saint-Pierre-les-Nemours",30.3995164849341
"77432","Saint-Remy-la-Vanne",35.3764347175495
"77433","Saints",29.4697518690004
"77434","Saint-Sauveur-les-Bray",46.4118363064563
"77435","Saint-Sauveur-sur-Ecole",21.2334672610002
"77436","Saint-Simeon",34.6820549449045
"77437","Saint-Soupplets",22.3173438521136
"77438","Saint-Thibault-des-Vignes",12.3484917991489
"77439","Salins",35.5921816029916
"77440","Sammeron",23.4170278789236
"77441","Samois-sur-Seine",28.8086221290222
"77442","Samoreau",27.3622576480816
"77443","Sancy",22.7394150376961
"77444","Sancy-les-Provins",39.226651665427
"77445","Savigny-le-Temple",16.6508549744684
"77446","Savins",43.8074702987215
"77447","Seine-Port",18.9835861822203
"77448","Sept-Sorts",25.8050798095986
"77449","Serris",15.8805692410203
"77450","Servon",12.9655849584107
"77451","Signy-Signets",26.2273586519152
"77452","Sigy",43.4069211292275
"77453","Sivry-Courtry",22.9433269860699
"77454","Sognolles-en-Montois",42.748170913206
"77455","Soignolles-en-Brie",18.7509864684064
"77456","Soisy-Bouy",45.9354111411389
"77457","Solers",19.4684295280305
"77458","Souppes-sur-Loing",33.9708316707697
"77459","Sourdun",42.621833127934
"77460","Tancrou",29.2863027176813
"77461","Thenisy",43.448335864803
"77462","Thieux",16.809748883848
"77463","Thomery",30.2886205936251
"77464","Thorigny-sur-Marne",15.2420735838186
"77465","Thoury-Ferottes",40.8714324652131
"77466","Tigeaux",20.9943810632712
"77467","La Tombe",37.2346949213444
"77468","Torcy",11.0636077919377
"77469","Touquin",26.1489753962574
"77470","Tournan-en-Brie",17.6712101548851
"77471","Tousson",27.7538295909684
"77472","La Tretoire",38.0829646290879
"77473","Treuzy-Levelay",34.8928070624222
"77474","Trilbardou",18.0889663338969
"77475","Trilport",22.790307556682
"77476","Trocy-en-Multien",28.2124696280139
"77477","Ury",25.16843079878
"77478","Ussy-sur-Marne",23.8793169358992
"77479","Vaires-sur-Marne",12.2618387705944
"77480","Valence-en-Brie",31.4850047392208
"77481","Vanville",36.3358480954149
"77482","Varennes-sur-Seine",34.7506913588467
"77483","Varreddes",23.8080135323794
"77484","Vaucourtois",22.3466743748271
"77485","Le Vaudoue",27.7944646894082
"77486","Vaudoy-en-Brie",27.728738674634
"77487","Vaux-le-Penil",21.5526639280669
"77489","Vaux-sur-Lunain",41.3499102743995
"77490","Vendrest",33.3223512250655
"77491","Veneux-les-Sablons",30.8708918683516
"77492","Verdelot",40.6544121189761
"77493","Verneuil-l'Etang",24.2133750915662
"77494","Vernou-la-Celle-sur-Seine",33.9927455209294
"77495","Vert-Saint-Denis",17.0991853164155
"77496","Vieux-Champagne",38.7756798323397
"77498","Vignely",18.967327986401
"77500","Villebeon",40.6471627451593
"77501","Villecerf",35.2472645568194
"77504","Villemarechal",38.2176912172872
"77505","Villemareuil",22.2426836929971
"77506","Villemer",33.5769510614098
"77507","Villenauxe-la-Petite",45.8735292863429
"77508","Villeneuve-le-Comte",16.2438620644958
"77509","Villeneuve-les-Bordes",36.8457189087074
"77510","Villeneuve-Saint-Denis",16.002589564235
"77511","Villeneuve-sous-Dammartin",18.0120785824186
"77512","Villeneuve-sur-Bellot",40.6213522450222
"77513","Villenoy",19.0706070668797
"77514","Villeparisis",11.5573725615448
"77515","Villeroy",20.1295053901682
"77516","Ville-Saint-Jacques",36.3739553366851
"77517","Villevaude",13.2994292646871
"77518","Villiers-en-Biere",21.1214679402242
"77519","Villiers-Saint-Georges",43.0451323639087
"77520","Villiers-sous-Grez",29.0006689494557
"77521","Villiers-sur-Morin",17.8099848154879
"77522","Villiers-sur-Seine",47.1783063091312
"77523","Villuis",47.5659510189985
"77524","Vimpelles",44.8882050229724
"77525","Vinantes",21.957345388335
"77526","Vincy-Manoeuvre",32.0375655887575
"77527","Voinsles",27.0757227758748
"77528","Voisenon",18.3893349681447
"77529","Voulangis",20.1851319232155
"77530","Voulton",44.3441039822957
"77531","Voulx",41.5908320702813
"77532","Vulaines-les-Provins",39.6730213289455
"77533","Vulaines-sur-Seine",27.9582683841164
"77534","Yebles",21.6175467896649
"78003","Ablis",25.7688659673532
"78005","Acheres",13.6044222165284
"78006","Adainville",29.9347777445823
"78007","Aigremont",12.5338915284896
"78009","Allainville",26.6468879494349
"78010","Les Alluets-le-Roi",17.1572565565619
"78013","Andelu",22.5213304150037
"78015","Andresy",14.52181191704
"78020","Arnouville-les-Mantes",25.6283329813876
"78029","Aubergenville",16.5926762205113
"78030","Auffargis",20.530267681438
"78031","Auffreville-Brasseuil",21.7323380514074
"78033","Aulnay-sur-Mauldre",20.1456221553751
"78034","Auteuil",21.029922461724
"78036","Autouillet",22.4808386130084
"78043","Bailly",11.1164309410399
"78048","Bazainville",22.7462000405986
"78049","Bazemont",20.9700089304537
"78050","Bazoches-sur-Guyonne",17.8955325782353
"78053","Behoust",23.7709264213783
"78057","Bennecourt",26.6230451167449
"78062","Beynes",19.6676502264381
"78068","Blaru",30.1247688824077
"78070","Boinville-en-Mantois",23.8233544921976
"78071","Boinville-le-Gaillard",28.05906623319
"78072","Boinvilliers",26.0653094473347
"78073","Bois-d'Arcy",11.4090855694752
"78076","Boissets",31.6904736959563
"78077","La Boissiere-Ecole",33.8996862467209
"78082","Boissy-Mauvoisin",27.486097375891
"78084","Boissy-sans-Avoir",20.6723170263693
"78087","Bonnelles",20.5666957853408
"78089","Bonnieres-sur-Seine",27.0130504716457
"78090","Bouafle",15.9097224177422
"78092","Bougival",9.65373627956651
"78096","Bourdonne",26.0142143221278
"78104","Breuil-Bois-Robert",22.6431219825521
"78107","Breval",30.3730771823847
"78108","Les Breviaires",24.1008703154747
"78113","Brueil-en-Vexin",21.416042323796
"78117","Buc",12.1977756157424
"78118","Buchelay",21.3882577747649
"78120","Bullion",21.6532433912648
"78123","Carrieres-sous-Poissy",12.7675910354808
"78124","Carrieres-sur-Seine",8.73650400725496
"78125","La Celle-les-Bordes",23.5828777651136
"78126","La Celle-Saint-Cloud",9.39812063979251
"78128","Cernay-la-Ville",21.1290011409303
"78133","Chambourcy",12.3795190206786
"78138","Chanteloup-les-Vignes",14.7326636272875
"78140","Chapet",15.9078863499282
"78143","Chateaufort",13.780397139253
"78146","Chatou",8.75780600386057
"78147","Chaufour-les-Bonnieres",26.8711415100676
"78152","Chavenay",15.2125759260676
"78158","Le Chesnay",10.1763083809523
"78160","Chevreuse",18.2684860817304
"78162","Choisel",20.0830079726936
"78163","Civry-la-Foret",29.2160945816632
"78164","Clairefontaine-en-Yvelines",22.1104382646303
"78165","Les Clayes-sous-Bois",14.8548588121043
"78168","Coignieres",16.7504250233392
"78171","Conde-sur-Vesgre",27.3140811466005
"78172","Conflans-Sainte-Honorine",12.3060153355926
"78185","Courgent",26.5221396169045
"78188","Cravent",30.0152003153642
"78189","Crespieres",16.6645186666406
"78190","Croissy-sur-Seine",10.2922887892951
"78192","Dammartin-en-Serve",29.1064669711331
"78193","Dampierre-en-Yvelines",19.4245190052757
"78194","Dannemarie",26.6656389940739
"78196","Davron",16.230459204621
"78202","Drocourt",25.0576873263471
"78206","Ecquevilly",15.8786801988655
"78208","Elancourt",15.650886484569
"78209","Emance",31.2853674240008
"78217","Epone",17.5709946635637
"78220","Les Essarts-le-Roi",18.485438565659
"78224","L'Etang-la-Ville",12.0935936126876
"78227","Evecquemont",17.0221774881221
"78230","La Falaise",18.6482360335836
"78231","Favrieux",23.6779204367111
"78233","Feucherolles",14.9564941109521
"78234","Flacourt",26.5257560717634
"78236","Flexanville",25.8621929663539
"78237","Flins-Neuve-Eglise",30.3936993204768
"78238","Flins-sur-Seine",15.9658304129596
"78239","Follainville-Dennemont",25.4561829438476
"78242","Fontenay-le-Fleury",12.2539600860229
"78245","Fontenay-Mauvoisin",23.6881246524089
"78246","Fontenay-Saint-Pere",24.8920832793996
"78251","Fourqueux",12.409014511661
"78255","Freneuse",27.4008977135338
"78261","Gaillon-sur-Montcient",17.9176455872655
"78262","Galluis",18.8318996459554
"78263","Gambais",24.3281855441643
"78264","Gambaiseuil",25.5428822263538
"78265","Garancieres",21.9380341659221
"78267","Gargenville",18.52247377368
"78269","Gazeran",26.6675591444344
"78276","Gommecourt",31.2399659240604
"78278","Goupillieres",25.4288775079537
"78281","Goussonville",23.4617776488515
"78283","Grandchamp",31.88128340791
"78285","Gressey",28.4912788095407
"78289","Grosrouvre",23.0813242179091
"78290","Guernes",28.1676671486157
"78291","Guerville",24.2691251113769
"78296","Guitrancourt",22.1532589474381
"78297","Guyancourt",12.7669075656975
"78299","Hardricourt",16.7810847872634
"78300","Hargeville",25.8977427799731
"78302","La Hauteville",32.5932151086919
"78305","Herbeville",20.0456074866342
"78307","Hermeray",32.4542400382018
"78310","Houdan",25.0273272590987
"78311","Houilles",8.39158296556984
"78314","Issou",19.0467550814551
"78317","Jambville",21.9619870348363
"78320","Jeufosse",25.7571354169953
"78321","Jouars-Pontchartrain",15.7143909726869
"78322","Jouy-en-Josas",10.8262690253275
"78324","Jouy-Mauvoisin",22.4867122959302
"78325","Jumeauville",23.7477203989504
"78327","Juziers",19.8510653995694
"78329","Lainville-en-Vexin",22.8738014887398
"78334","Levis-Saint-Nom",20.2287451370263
"78335","Limay",21.5799993957995
"78337","Limetz-Villez",30.0387052345473
"78343","Les Loges-en-Josas",11.9936490492928
"78344","Lommoye",31.2177333997052
"78346","Longnes",26.9064073724877
"78349","Longvilliers",19.8898842109168
"78350","Louveciennes",10.0739696420165
"78354","Magnanville",20.9365661969064
"78356","Magny-les-Hameaux",16.3716567780157
"78358","Maisons-Laffitte",11.0065782787787
"78361","Mantes-la-Jolie",20.5449947514096
"78362","Mantes-la-Ville",20.5029478426104
"78364","Marcq",21.8118397296135
"78366","Mareil-le-Guyon",18.5778183313627
"78367","Mareil-Marly",12.05097926378
"78368","Mareil-sur-Mauldre",18.3904726214082
"78372","Marly-le-Roi",10.5721045968296
"78380","Maule",19.7514635000541
"78381","Maulette",23.7404559903746
"78382","Maurecourt",14.0240848773681
"78383","Maurepas",15.396513291379
"78384","Medan",15.0344269844748
"78385","Menerville",25.8774111360269
"78389","Mere",19.7964127955628
"78391","Mericourt",27.7721544130325
"78396","Le Mesnil-le-Roi",11.2925694854407
"78397","Le Mesnil-Saint-Denis",16.8930465520876
"78398","Les Mesnuls",20.3976108280232
"78401","Meulan-en-Yvelines",16.3358763766196
"78402","Mezieres-sur-Seine",17.914019864682
"78403","Mezy-sur-Seine",18.1749141001363
"78404","Millemont",21.4466493739889
"78406","Milon-la-Chapelle",17.3199354648057
"78407","Mittainville",33.9922520250192
"78410","Moisson",31.7809084072541
"78413","Mondreville",29.0959077897392
"78415","Montainville",20.9825224718962
"78416","Montalet-le-Bois",21.9451525886989
"78417","Montchauvet",28.4955720876282
"78418","Montesson",9.49322071282651
"78420","Montfort-l'Amaury",19.875295630341
"78423","Montigny-le-Bretonneux",12.5900228328416
"78431","Morainvilliers",15.6204009498038
"78437","Mousseaux-sur-Seine",30.357116085388
"78439","Mulcent",27.4083696385957
"78440","Les Mureaux",15.9019529209377
"78442","Neauphle-le-Chateau",16.3430723255295
"78443","Neauphle-le-Vieux",18.0511370524497
"78444","Neauphlette",31.8274557067011
"78451","Nezel",18.0779035814051
"78455","Noisy-le-Roi",11.7922190630409
"78460","Oinville-sur-Montcient",20.2891527851988
"78464","Orcemont",26.9477076839114
"78465","Orgerus",25.9417334158402
"78466","Orgeval",14.7416078975728
"78470","Orphin",27.4693784278171
"78472","Orsonville",27.9719976514211
"78474","Orvilliers",26.9624180190422
"78475","Osmoy",27.0339432846572
"78478","Paray-Douaville",26.9699481171778
"78481","Le Pecq",10.7767580255717
"78484","Perdreauville",24.1964511479141
"78486","Le Perray-en-Yvelines",20.0016884557369
"78490","Plaisir",15.3517640247984
"78497","Poigny-la-Foret",26.9721203285212
"78498","Poissy",12.0990059298082
"78499","Ponthevrard",25.1300633241054
"78501","Porcheville",19.6598565809709
"78502","Le Port-Marly",10.2612619595064
"78503","Port-Villez",28.3176145252952
"78505","Prunay-le-Temple",27.7187031594603
"78506","Prunay-en-Yvelines",27.491929519347
"78513","La Queue-les-Yvelines",20.5545122558591
"78516","Raizeux",33.2201034607112
"78517","Rambouillet",22.4575002898054
"78518","Rennemoulin",12.8840357700905
"78520","Richebourg",25.5029360242121
"78522","Rochefort-en-Yvelines",20.7192658871008
"78524","Rocquencourt",11.4434902613172
"78528","Rolleboise",25.7216094326058
"78530","Rosay",25.0450396261498
"78531","Rosny-sur-Seine",23.7805124710887
"78536","Sailly",22.2999311256617
"78537","Saint-Arnoult-en-Yvelines",22.0725869942657
"78545","Saint-Cyr-l'Ecole",11.0288295836532
"78548","Saint-Forget",19.271965933285
"78550","Saint-Germain-de-la-Grange",17.4935592632757
"78551","Saint-Germain-en-Laye",10.7140746741539
"78557","Saint-Hilarion",29.0621442193203
"78558","Saint-Illiers-la-Ville",31.8337575910854
"78559","Saint-Illiers-le-Bois",33.4348705195395
"78561","Saint-Lambert",16.2957480172052
"78562","Saint-Leger-en-Yvelines",25.2821648227791
"78564","Saint-Martin-de-Brethencourt",26.7807251578048
"78565","Saint-Martin-des-Champs",26.8817544778492
"78567","Saint-Martin-la-Garenne",25.7068079518909
"78569","Sainte-Mesme",24.7553891518947
"78571","Saint-Nom-la-Breteche",14.402974032073
"78575","Saint-Remy-les-Chevreuse",16.3588196006875
"78576","Saint-Remy-l'Honore",19.9416566096137
"78586","Sartrouville",9.30679443613592
"78588","Saulx-Marchais",21.5108065503219
"78590","Senlisse",20.6936352134043
"78591","Septeuil",26.1563859703462
"78597","Soindres",22.4004233681493
"78601","Sonchamp",24.4216326492209
"78605","Tacoignieres",26.9013689625664
"78606","Le Tartre-Gaudran",32.5302009402542
"78608","Le Tertre-Saint-Denis",26.8162554177651
"78609","Tessancourt-sur-Aubette",17.720829001467
"78615","Thiverval-Grignon",18.2413326899541
"78616","Thoiry",22.3602363321558
"78618","Tilly",31.0003214675209
"78620","Toussus-le-Noble",13.1142621679846
"78621","Trappes",12.2545359884196
"78623","Le Tremblay-sur-Mauldre",17.4121571970753
"78624","Triel-sur-Seine",15.0075798125747
"78638","Vaux-sur-Seine",16.2808257885756
"78640","Velizy-Villacoublay",10.0516450458811
"78642","Verneuil-sur-Seine",16.726987175834
"78643","Vernouillet",15.8785815460815
"78644","La Verriere",15.8067680410813
"78646","Versailles",10.1011999145685
"78647","Vert",22.4805139409462
"78650","Le Vesinet",9.53249765165463
"78653","Vicq",20.2412925623869
"78655","Vieille-Eglise-en-Yvelines",23.4917207657668
"78668","La Villeneuve-en-Chevrie",27.6058737338193
"78672","Villennes-sur-Seine",13.0953141644888
"78674","Villepreux",14.2717931003168
"78677","Villette",24.0376502168789
"78681","Villiers-le-Mahieu",24.8005427069178
"78683","Villiers-Saint-Frederic",16.5085295766793
"78686","Viroflay",10.0734490131292
"78688","Voisins-le-Bretonneux",13.2468713251271
"91001","Abbeville-la-Riviere",30.9877583292129
"91016","Angerville",33.3615826421731
"91017","Angervilliers",20.9441093102337
"91021","Arpajon",15.4687690491975
"91022","Arrancourt",31.4323915035467
"91027","Athis-Mons",9.49088173735389
"91035","Authon-la-Plaine",27.7515998823145
"91037","Auvernaux",16.4801835601037
"91038","Auvers-Saint-Georges",23.1201976743033
"91041","Avrainville",17.0315845874686
"91044","Ballainvilliers",11.5901427082002
"91045","Ballancourt-sur-Essonne",20.1410418891241
"91047","Baulne",22.0745928679084
"91064","Bievres",10.1832247260322
"91067","Blandy",36.7769602701661
"91069","Boigneville",31.5821640563049
"91075","Bois-Herpin",31.0079140238116
"91079","Boissy-la-Riviere",29.3251205220021
"91080","Boissy-le-Cutte",24.888639477431
"91081","Boissy-le-Sec",26.5105288250434
"91085","Boissy-sous-Saint-Yon",17.4476931871961
"91086","Bondoufle",13.9307293434712
"91093","Boullay-les-Troux",18.6372235476704
"91095","Bouray-sur-Juine",21.229532932906
"91097","Boussy-Saint-Antoine",14.3901000361443
"91098","Boutervilliers",28.3001748358026
"91099","Boutigny-sur-Essonne",25.2162547686622
"91100","Bouville",27.3243053803075
"91103","Bretigny-sur-Orge",14.7031291484845
"91105","Breuillet",18.7138994941915
"91106","Breux-Jouy",20.2463885271916
"91109","Brieres-les-Scelles",25.378682585397
"91111","Briis-sous-Forges",16.7048045494737
"91112","Brouy",36.0580743960297
"91114","Brunoy",13.0491173749466
"91115","Bruyeres-le-Chatel",17.6499305267245
"91121","Buno-Bonnevaux",29.5197641632941
"91122","Bures-sur-Yvette",13.9716429538588
"91129","Cerny",25.2949812581298
"91130","Chalo-Saint-Mars",31.1994579674372
"91131","Chalou-Moulineux",32.8773382385834
"91132","Chamarande",20.7077019486535
"91135","Champcueil",21.9194881239785
"91136","Champlan",10.7495874366896
"91137","Champmotteux",32.0521242261786
"91145","Chatignonville",27.4809900086233
"91148","Chauffour-les-Etrechy",21.9359867900337
"91156","Cheptainville",18.4538590825589
"91159","Chevannes",19.9219096357098
"91161","Chilly-Mazarin",9.88468120600719
"91174","Corbeil-Essonnes",13.4428033277092
"91175","Corbreuse",25.4809343491852
"91179","Le Coudray-Montceaux",15.0431908161055
"91180","Courances",20.2664864394146
"91182","Courcouronnes",11.5077831813342
"91184","Courdimanche-sur-Essonne",26.7006383444266
"91186","Courson-Monteloup",19.2681260026441
"91191","Crosne",11.1029325592079
"91195","Dannemois",20.9132704871324
"91198","D'Huison-Longueville",25.6891634811563
"91200","Dourdan",22.1261248723601
"91201","Draveil",11.3872081774014
"91204","Echarcon",16.075358566984
"91207","Egly",16.9151869364703
"91215","Epinay-sous-Senart",13.701194864797
"91216","Epinay-sur-Orge",10.9668125710185
"91222","Estouches",36.311037445996
"91223","Etampes",25.2368117871646
"91225","Etiolles",14.5544846537497
"91226","Etrechy",20.8109535820639
"91228","Evry",12.1823619737665
"91232","La Ferte-Alais",23.1231562475925
"91235","Fleury-Merogis",12.2528136766246
"91240","Fontaine-la-Riviere",30.1328256926921
"91243","Fontenay-les-Briis",16.6500444614766
"91244","Fontenay-le-Vicomte",18.3759039478025
"91247","La Foret-le-Roi",26.3282197248762
"91248","La Foret-Sainte-Croix",29.7053832736847
"91249","Forges-les-Bains",19.5113352051388
"91272","Gif-sur-Yvette",15.2073585505468
"91273","Gironville-sur-Essonne",28.5611841243658
"91274","Gometz-la-Ville",15.490249299283
"91275","Gometz-le-Chatel",15.4892442326479
"91284","Les Granges-le-Roi",24.696406379248
"91286","Grigny",11.650513141156
"91292","Guibeville",17.1772253000176
"91293","Guigneville-sur-Essonne",24.2552612884648
"91294","Guillerval",31.4771544967587
"91312","Igny",10.5829063635655
"91315","Itteville",21.9766469456206
"91318","Janville-sur-Juine",22.7758542425482
"91319","Janvry",16.761357969352
"91326","Juvisy-sur-Orge",10.4327206795581
"91330","Lardy",21.040245989902
"91332","Leudeville",18.1886486026445
"91333","Leuville-sur-Orge",14.0297769461383
"91338","Limours",18.6549061679723
"91339","Linas",15.3999376069038
"91340","Lisses",14.0133089830379
"91345","Longjumeau",10.6030485781494
"91347","Longpont-sur-Orge",12.6229303094157
"91359","Maisse",26.6570216206481
"91363","Marcoussis",14.1398985714858
"91374","Marolles-en-Beauce",30.5732119882726
"91376","Marolles-en-Hurepoix",17.5137649601066
"91377","Massy",9.49597799103731
"91378","Mauchamps",19.6503009228802
"91386","Mennecy",16.6045826358942
"91390","Mereville",34.9577771226719
"91393","Merobert",31.452461435992
"91399","Mespuits",31.7696866922867
"91405","Milly-la-Foret",22.8316064219458
"91408","Moigny-sur-Ecole",23.4641933399797
"91411","Les Molieres",17.5872801007866
"91412","Mondeville",23.470608262591
"91414","Monnerville",31.3272787094036
"91421","Montgeron",11.2335310572096
"91425","Montlhery",11.9918869060641
"91432","Morangis",10.5036077663249
"91433","Morigny-Champigny",24.3271124810123
"91434","Morsang-sur-Orge",10.5582975868242
"91435","Morsang-sur-Seine",18.2609078962242
"91441","Nainville-les-Roches",19.1764305455125
"91457","La Norville",16.1440779022131
"91458","Nozay",13.5116799634499
"91461","Ollainville",16.5197941670927
"91463","Oncy-sur-Ecole",25.104037304481
"91468","Ormoy",16.1823840547493
"91469","Ormoy-la-Riviere",27.9469427811069
"91471","Orsay",12.2469945356528
"91473","Orveau",27.2144199493321
"91477","Palaiseau",11.7808835878807
"91479","Paray-Vieille-Poste",9.59305766683363
"91482","Pecqueuse",19.0846584201977
"91494","Le Plessis-Pate",14.7562353232115
"91495","Plessis-Saint-Benoist",29.7901649330689
"91507","Prunay-sur-Essonne",29.9954805424308
"91508","Puiselet-le-Marais",30.4875841550938
"91511","Pussay",32.5853638437372
"91514","Quincy-sous-Senart",14.3929523073468
"91519","Richarville",28.5254841160199
"91521","Ris-Orangis",11.736044705516
"91525","Roinville",24.0098187610757
"91526","Roinvilliers",32.4104137543018
"91533","Saclas",31.3172801628071
"91534","Saclay",11.3911183737957
"91538","Saint-Aubin",12.8600884474647
"91540","Saint-Cheron",21.3478833122059
"91544","Saint-Cyr-la-Riviere",30.6009408307615
"91546","Saint-Cyr-sous-Dourdan",21.0916482101699
"91547","Saint-Escobille",28.9202809101216
"91549","Sainte-Genevieve-des-Bois",11.483560989998
"91552","Saint-Germain-les-Arpajon",16.2147054351491
"91553","Saint-Germain-les-Corbeil",13.2489467400176
"91556","Saint-Hilaire",29.7539082022893
"91560","Saint-Jean-de-Beauregard",15.1485422837635
"91568","Saint-Maurice-Montcouronne",20.4123439964542
"91570","Saint-Michel-sur-Orge",12.8120088678772
"91573","Saint-Pierre-du-Perray",14.9979668483438
"91577","Saintry-sur-Seine",15.8580673979054
"91578","Saint-Sulpice-de-Favieres",20.7842476347808
"91579","Saint-Vrain",20.0529590803066
"91581","Saint-Yon",18.079050008299
"91587","Saulx-les-Chartreux",11.036745125916
"91589","Savigny-sur-Orge",10.1470895192601
"91593","Sermaise",25.4271706885666
"91599","Soisy-sur-Ecole",20.5594871624282
"91600","Soisy-sur-Seine",13.1885436611756
"91602","Souzy-la-Briche",21.4833151929845
"91613","Congerville-Thionville",32.2556727618406
"91617","Tigery",13.2288716489928
"91619","Torfou",20.4386745542871
"91629","Valpuiseaux",30.4515671532685
"91630","Le Val-Saint-Germain",21.7455212869622
"91631","Varennes-Jarcy",15.6588585885938
"91634","Vaugrigneuse",18.7541276181572
"91635","Vauhallan",11.0725858388586
"91639","Vayres-sur-Essonne",26.4770731834062
"91645","Verrieres-le-Buisson",9.89813970757043
"91648","Vert-le-Grand",16.7027325732367
"91649","Vert-le-Petit",18.7050009373884
"91654","Videlles",22.1097427884877
"91657","Vigneux-sur-Seine",10.8046991377335
"91659","Villabe",15.2626925967443
"91661","Villebon-sur-Yvette",12.7246585159555
"91662","Villeconin",22.4438617900586
"91665","La Ville-du-Bois",11.4971404821801
"91666","Villejust",12.4500730359146
"91667","Villemoisson-sur-Orge",10.8823761160313
"91671","Villeneuve-sur-Auvers",24.0982709706746
"91679","Villiers-le-Bacle",12.6282188066438
"91685","Villiers-sur-Orge",12.1724724406117
"91687","Viry-Chatillon",11.5654647062107
"91689","Wissous",10.0613013079295
"91691","Yerres",11.892139969254
"91692","Les Ulis",13.8520955799547
"92002","Antony",9.0524230083324
"92004","Asnieres-sur-Seine",4.94059817197058
"92007","Bagneux",6.03870713285439
"92009","Bois-Colombes",6.10877783255519
"92012","Boulogne-Billancourt",5.66067727282466
"92014","Bourg-la-Reine",6.69324617241254
"92019","Chatenay-Malabry",8.00875186223972
"92020","Chatillon",5.80366668788864
"92022","Chaville",8.41990992452261
"92023","Clamart",6.48930501549548
"92024","Clichy",4.44003143533364
"92025","Colombes",5.84381242096084
"92026","Courbevoie",5.10698570032424
"92032","Fontenay-aux-Roses",6.4435972514286
"92033","Garches",8.63420211746952
"92035","La Garenne-Colombes",5.45574345156304
"92036","Gennevilliers",5.41907421242076
"92040","Issy-les-Moulineaux",5.2765874796268
"92044","Levallois-Perret",5.09897627700287
"92046","Malakoff",5.13261396210636
"92047","Marnes-la-Coquette",8.4071346385543
"92048","Meudon",6.66295762195694
"92049","Montrouge",5.14149764956654
"92050","Nanterre",6.64859163573872
"92051","Neuilly-sur-Seine",5.29851816997973
"92060","Le Plessis-Robinson",7.48332584853318
"92062","Puteaux",5.845041558139
"92063","Rueil-Malmaison",8.02085720987733
"92064","Saint-Cloud",6.87582493177266
"92071","Sceaux",7.57086607891713
"92072","Sevres",6.62155607654183
"92073","Suresnes",6.09602522024712
"92075","Vanves",4.99287728513736
"92076","Vaucresson",8.58883626980922
"92077","Ville-d'Avray",8.69727218524578
"92078","Villeneuve-la-Garenne",5.76642358342859
"93001","Aubervilliers",5.35554265219999
"93005","Aulnay-sous-Bois",7.75453818810223
"93006","Bagnolet",5.00507340995588
"93007","Le Blanc-Mesnil",7.18403485049571
"93008","Bobigny",5.82293319098692
"93010","Bondy",6.2767454147579
"93013","Le Bourget",6.30358411568856
"93014","Clichy-sous-Bois",9.08606553671974
"93015","Coubron",10.7051728055304
"93027","La Courneuve",5.73711662400971
"93029","Drancy",6.28565054738147
"93030","Dugny",7.16624948837255
"93031","Epinay-sur-Seine",6.54995553652309
"93032","Gagny",8.0682053792994
"93033","Gournay-sur-Marne",9.9087953580112
"93039","L'Ile-Saint-Denis",5.70272296507091
"93045","Les Lilas",4.12415199639291
"93046","Livry-Gargan",7.44075853056511
"93047","Montfermeil",9.56092194266056
"93048","Montreuil",5.4313790579801
"93049","Neuilly-Plaisance",7.02172873680823
"93050","Neuilly-sur-Marne",8.06041976070855
"93051","Noisy-le-Grand",8.1133170682278
"93053","Noisy-le-Sec",6.09737490557902
"93055","Pantin",4.15377035820628
"93057","Les Pavillons-sous-Bois",6.67104267212507
"93059","Pierrefitte-sur-Seine",7.2713748945932
"93061","Le Pre-Saint-Gervais",4.05684860835249
"93062","Le Raincy",6.94800994065702
"93063","Romainville",5.29424644765977
"93064","Rosny-sous-Bois",5.97138451062452
"93066","Saint-Denis",5.87597097930094
"93070","Saint-Ouen",4.70083404012995
"93071","Sevran",9.76135370027824
"93072","Stains",6.6409574504986
"93073","Tremblay-en-France",11.8918645581573
"93074","Vaujours",10.0392700951871
"93077","Villemomble",6.3481540693929
"93078","Villepinte",10.8337522326796
"93079","Villetaneuse",7.26872999810659
"94001","Ablon-sur-Seine",9.97181585459433
"94002","Alfortville",6.90977571573144
"94003","Arcueil",5.6881582021842
"94004","Boissy-Saint-Leger",10.1361029052286
"94011","Bonneuil-sur-Marne",8.86973403357247
"94015","Bry-sur-Marne",7.4900477254446
"94016","Cachan",5.89498794854833
"94017","Champigny-sur-Marne",7.52235509368445
"94018","Charenton-le-Pont",5.83666614278725
"94019","Chennevieres-sur-Marne",10.3054160232305
"94021","Chevilly-Larue",6.80553024367399
"94022","Choisy-le-Roi",6.97312604558235
"94028","Creteil",7.00609044227157
"94033","Fontenay-sous-Bois",6.21803092801778
"94034","Fresnes",7.40135863171267
"94037","Gentilly",5.17902282536357
"94038","L'Hay-les-Roses",6.78441936264715
"94041","Ivry-sur-Seine",5.69224391526998
"94042","Joinville-le-Pont",6.22512960430786
"94043","Le Kremlin-Bicetre",5.21063471535133
"94044","Limeil-Brevannes",10.1789673710279
"94046","Maisons-Alfort",5.93999292808658
"94047","Mandres-les-Roses",13.7047220096941
"94048","Marolles-en-Brie",13.6412616671501
"94052","Nogent-sur-Marne",6.40852883612955
"94053","Noiseau",11.0609628711668
"94054","Orly",9.12424059191566
"94055","Ormesson-sur-Marne",10.8167896192048
"94056","Perigny",15.0617598173025
"94058","Le Perreux-sur-Marne",6.8219232637717
"94059","Le Plessis-Trevise",10.6364246263716
"94060","La Queue-en-Brie",11.204266564279
"94065","Rungis",8.13403422521781
"94067","Saint-Mande",4.37143236611611
"94068","Saint-Maur-des-Fosses",7.56865311143883
"94069","Saint-Maurice",7.87876645627013
"94070","Santeny",15.1150545506081
"94071","Sucy-en-Brie",10.4568775532846
"94073","Thiais",6.96791986337172
"94074","Valenton",9.91495491741644
"94075","Villecresnes",12.108455494642
"94076","Villejuif",5.9012107804539
"94077","Villeneuve-le-Roi",9.16534073977638
"94078","Villeneuve-Saint-Georges",9.60508803259844
"94079","Villiers-sur-Marne",7.60737462426499
"94080","Vincennes",5.46537196241212
"94081","Vitry-sur-Seine",6.35692836280009
"95002","Ableiges",17.2858406952372
"95008","Aincourt",25.4900235218051
"95011","Ambleville",27.9771720574514
"95012","Amenucourt",31.3478398982547
"95014","Andilly",10.9500737785411
"95018","Argenteuil",6.695458749499
"95019","Arnouville",9.39654379099107
"95023","Arronville",21.8790301147896
"95024","Arthies",24.6869359884296
"95026","Asnieres-sur-Oise",19.8241702052321
"95028","Attainville",12.8111893516668
"95039","Auvers-sur-Oise",13.4501246010394
"95040","Avernes",20.3840967095281
"95042","Baillet-en-France",13.2570273658481
"95046","Banthelu",23.0288339946088
"95051","Beauchamp",10.904842265835
"95052","Beaumont-sur-Oise",17.6141366238514
"95054","Le Bellay-en-Vexin",22.7857226987792
"95055","Bellefontaine",18.4871730741476
"95056","Belloy-en-France",15.6199792302305
"95058","Bernes-sur-Oise",20.1072420440634
"95059","Berville",25.5836174175152
"95060","Bessancourt",11.4169613831193
"95061","Bethemont-la-Foret",14.2639831356614
"95063","Bezons",6.92249151093328
"95074","Boisemont",16.1811271009833
"95078","Boissy-l'Aillerie",15.9472498122238
"95088","Bonneuil-en-France",9.17083181051525
"95091","Bouffemont",13.4452415324971
"95094","Bouqueval",12.87826625756
"95101","Bray-et-Lu",30.1321863492171
"95102","Breancon",20.8595272832103
"95110","Brignancourt",23.1075722761136
"95116","Bruyeres-sur-Oise",22.223510806931
"95119","Buhy",27.6671208375112
"95120","Butry-sur-Oise",15.133139915609
"95127","Cergy",13.7088025216073
"95134","Champagne-sur-Oise",18.0058733883621
"95139","La Chapelle-en-Vexin",25.3669230789662
"95141","Charmont",23.0610599548205
"95142","Chars",23.7936622234523
"95144","Chatenay-en-France",17.640157508551
"95149","Chaumontel",18.3615356257168
"95150","Chaussy",29.1812406601601
"95151","Chauvry",12.9876880451468
"95154","Chennevieres-les-Louvres",11.9106172205229
"95157","Cherence",30.5432309970392
"95166","Clery-en-Vexin",21.4529913636474
"95169","Commeny",20.8055195085169
"95170","Condecourt",17.5777040636106
"95176","Cormeilles-en-Parisis",9.62102256090932
"95177","Cormeilles-en-Vexin",17.8476260547294
"95181","Courcelles-sur-Viosne",15.8152060469488
"95183","Courdimanche",15.7542779823485
"95197","Deuil-la-Barre",8.39085412234162
"95199","Domont",12.4794337696835
"95203","Eaubonne",9.58587798343377
"95205","Ecouen",11.3198642666293
"95210","Enghien-les-Bains",7.24776200089478
"95211","Ennery",15.4079007112526
"95212","Epiais-les-Louvres",15.8311884406981
"95213","Epiais-Rhus",19.2328852288949
"95214","Epinay-Champlatreux",16.0054365629387
"95218","Eragny",11.7965960609074
"95219","Ermont",9.30249972246275
"95229","Ezanville",11.3162124704475
"95241","Fontenay-en-Parisis",14.9778514841593
"95250","Fosses",17.7577341952275
"95252","Franconville",9.23210105585161
"95253","Fremainville",20.8633241985708
"95254","Fremecourt",20.0561577961678
"95256","Frepillon",11.4354565252603
"95257","La Frette-sur-Seine",10.2904572936057
"95258","Frouville",22.0253795125654
"95259","Gadancourt",22.287856996272
"95268","Garges-les-Gonesse",8.63607441844676
"95270","Genainville",26.6646482161434
"95271","Genicourt",15.3250487659687
"95277","Gonesse",10.0935221172993
"95280","Goussainville",14.8856805692791
"95282","Gouzangrez",20.6838130540183
"95287","Grisy-les-Platres",19.3296218642817
"95288","Groslay",9.69783992051633
"95295","Guiry-en-Vexin",21.7233870663204
"95298","Haravilliers",23.7011536115217
"95301","Haute-Isle",29.5100215130941
"95303","Le Heaulme",25.5444605061683
"95304","Hedouville",22.216102875603
"95306","Herblay",10.8296500480326
"95308","Herouville",15.9671844107365
"95309","Hodent",23.6582197307584
"95313","L'Isle-Adam",16.7262961097875
"95316","Jagny-sous-Bois",17.2693329463614
"95323","Jouy-le-Moutier",15.1826784311901
"95328","Labbeville",20.3559143372195
"95331","Lassy",18.3022595613102
"95341","Livilliers",16.0507158373565
"95348","Longuesse",18.8057472427281
"95351","Louvres",14.3569233036601
"95352","Luzarches",17.0817389420854
"95353","Maffliers",13.4895178642549
"95355","Magny-en-Vexin",22.6786674375589
"95365","Mareil-en-France",15.9183960626034
"95369","Margency",10.2035521440899
"95370","Marines",21.2860921609879
"95371","Marly-la-Ville",17.8858330713255
"95379","Maudetour-en-Vexin",26.4694996245324
"95387","Menouville",20.0840519320671
"95388","Menucourt",16.6886051813092
"95392","Meriel",13.8190214631202
"95394","Mery-sur-Oise",12.4728170292647
"95395","Le Mesnil-Aubry",13.8152009042187
"95409","Moisselles",11.9582811715085
"95422","Montgeroult",16.3403517770666
"95424","Montigny-les-Cormeilles",9.35610953897072
"95426","Montlignon",10.7412178352956
"95427","Montmagny",7.94479586262155
"95428","Montmorency",10.0794326519144
"95429","Montreuil-sur-Epte",30.6968084062833
"95430","Montsoult",13.1875658146008
"95436","Mours",16.4835329844486
"95438","Moussy",22.1478590167501
"95445","Nerville-la-Foret",15.6701897449037
"95446","Nesles-la-Vallee",17.8763868060016
"95447","Neuilly-en-Vexin",23.9488316055957
"95450","Neuville-sur-Oise",13.7853153135623
"95452","Nointel",18.7732055370351
"95456","Noisy-sur-Oise",20.9296206456507
"95459","Nucourt",24.10924173154
"95462","Omerville",27.0093898399041
"95476","Osny",15.4298451425992
"95480","Parmain",17.0031389192355
"95483","Le Perchay",20.5997300470143
"95487","Persan",17.4442420543272
"95488","Pierrelaye",12.1659703938107
"95489","Piscop",10.8914239641079
"95491","Le Plessis-Bouchard",10.2332511977595
"95492","Le Plessis-Gassot",13.3246531438042
"95493","Le Plessis-Luzarches",19.0976559603006
"95500","Pontoise",12.3774889185287
"95504","Presles",16.7186540317984
"95509","Puiseux-en-France",15.9593826563853
"95510","Puiseux-Pontoise",14.6281522965343
"95523","La Roche-Guyon",30.9928202226866
"95527","Roissy-en-France",11.8905423067287
"95529","Ronquerolles",20.9336358845583
"95535","Sagy",17.0966470578416
"95539","Saint-Brice-sous-Foret",10.0333813384459
"95541","Saint-Clair-sur-Epte",28.2953228511071
"95543","Saint-Cyr-en-Arthies",26.6091985365893
"95554","Saint-Gervais",25.2501205721783
"95555","Saint-Gratien",7.29470397706176
"95563","Saint-Leu-la-Foret",10.7945821678324
"95566","Saint-Martin-du-Tertre",17.9896883258384
"95572","Saint-Ouen-l'Aumone",12.2093658285765
"95574","Saint-Prix",12.1145355691812
"95580","Saint-Witz",15.4151247397331
"95582","Sannois",7.8297835400758
"95584","Santeuil",21.5845406677552
"95585","Sarcelles",9.48716691770745
"95592","Seraincourt",19.7350504398854
"95594","Seugy",18.8839269324314
"95598","Soisy-sous-Montmorency",9.12512502210375
"95604","Survilliers",16.2389256509566
"95607","Taverny",11.4926356481013
"95610","Themericourt",19.2162632024304
"95611","Theuville",23.0685646578676
"95612","Le Thillay",11.5193972781341
"95625","Us",19.2230437099567
"95627","Vallangoujard",17.967220661203
"95628","Valmondois",16.1325860849695
"95633","Vaudherland",11.1876111033076
"95637","Vaureal",15.54220862028
"95641","Vemars",16.2400699757992
"95651","Vetheuil",27.0278731761063
"95652","Viarmes",17.8132458373314
"95656","Vienne-en-Arthies",27.9514676811625
"95658","Vigny",17.6758870347016
"95660","Villaines-sous-Bois",14.0978189858272
"95675","Villeron",16.4481401724666
"95676","Villers-en-Arthies",28.6054238051558
"95678","Villiers-Adam",13.4747769549544
"95680","Villiers-le-Bel",10.9841491391436
"95682","Villiers-le-Sec",14.6259736913387
"95690","Wy-dit-Joli-Village",22.7936760325753
