"ID","NAMES","total_AsTheCrowFlies_POT_10000"
"75101","Paris 1er Arrondissement",2331884.80519562
"75102","Paris 2e  Arrondissement",2332130.67070956
"75103","Paris 3e  Arrondissement",2324677.73605527
"75104","Paris 4e  Arrondissement",2319366.68978604
"75105","Paris 5e  Arrondissement",2292207.32526029
"75106","Paris 6e  Arrondissement",2301083.01480256
"75107","Paris 7e  Arrondissement",2272458.00620234
"75108","Paris 8e  Arrondissement",2272580.63206906
"75109","Paris 9e  Arrondissement",2307969.60608866
"75110","Paris 10e  Arrondissement",2297285.02578932
"75111","Paris 11e  Arrondissement",2277895.84718735
"75112","Paris 12e  Arrondissement",1996655.79537089
"75113","Paris 13e  Arrondissement",2179171.32814583
"75114","Paris 14e  Arrondissement",2164841.35742666
"75115","Paris 15e  Arrondissement",2119366.69977857
"75116","Paris 16e  Arrondissement",1985493.33254115
"75117","Paris 17e  Arrondissement",2195195.26414147
"75118","Paris 18e  Arrondissement",2219683.83277961
"75119","Paris 19e  Arrondissement",2177301.23773902
"75120","Paris 20e  Arrondissement",2184026.45846816
"77001","Acheres-la-Foret",15810.43852348
"77002","Amillis",15607.23281926
"77003","Amponville",9630.87614236
"77004","Andrezel",30755.64583977
"77005","Annet-sur-Marne",185812.51801853
"77006","Arbonne-la-Foret",26395.60531307
"77007","Argentieres",22845.77037069
"77008","Armentieres-en-Brie",39895.82010998
"77009","Arville",5288.1854225
"77010","Aubepierre-Ozouer-le-Repos",19796.81879387
"77011","Aufferville",10669.99570003
"77012","Augers-en-Brie",5549.63655201
"77013","Aulnoy",26708.30581497
"77014","Avon",43689.41616988
"77015","Baby",3563.27309879
"77016","Bagneaux-sur-Loing",17697.18457155
"77018","Bailly-Romainvilliers",98581.47973618
"77019","Balloy",8697.86850029
"77020","Bannost-Villegagnon",7713.21168694
"77021","Barbey",14785.19387619
"77022","Barbizon",52608.74173229
"77023","Barcy",47499.36483568
"77024","Bassevelle",9899.34493584
"77025","Bazoches-les-Bray",7222.25984199
"77026","Beauchery-Saint-Martin",5632.12972647
"77027","Beaumont-du-Gatinais",1484.94963373
"77028","Beautheil",20706.58541815
"77029","Beauvoir",22937.98503853
"77030","Bellot",9531.88192407
"77031","Bernay-Vilbert",19235.69205134
"77032","Beton-Bazoches",8052.50258488
"77033","Bezalles",7602.43449333
"77034","Blandy",40817.51795368
"77035","Blennes",4612.66387761
"77036","Boisdon",7495.82040446
"77037","Bois-le-Roi",68964.27222215
"77038","Boissettes",104547.2444409
"77039","Boissise-la-Bertrand",117720.61441293
"77040","Boissise-le-Roi",100953.06093552
"77041","Boissy-aux-Cailles",8984.06507499
"77042","Boissy-le-Chatel",23626.47697648
"77043","Boitron",12786.92511007
"77044","Bombon",21311.53918512
"77045","Bougligny",14262.65054904
"77046","Boulancourt",4167.04788184
"77047","Bouleurs",68149.04503538
"77048","Bourron-Marlotte",30901.45383368
"77049","Boutigny",66167.52055747
"77050","Bransles",6148.13079763
"77051","Bray-sur-Seine",7418.2469239
"77052","Breau",19781.50307265
"77053","Brie-Comte-Robert",184700.27499245
"77054","La Brosse-Montceaux",14841.6841677
"77055","Brou-sur-Chantereine",411942.00211108
"77056","Burcy",6478.83644279
"77057","Bussieres",13670.98772883
"77058","Bussy-Saint-Georges",203084.9847921
"77059","Bussy-Saint-Martin",306553.11204447
"77060","Buthiers",5841.55527643
"77061","Cannes-Ecluse",19779.55829539
"77062","Carnetin",225579.91879394
"77063","La Celle-sur-Morin",28972.1611536
"77065","Cely",47244.57226703
"77066","Cerneux",5517.88423042
"77067","Cesson",137843.62960615
"77068","Cessoy-en-Montois",12459.88749497
"77069","Chailly-en-Biere",69009.53623298
"77070","Chailly-en-Brie",22097.77722732
"77071","Chaintreaux",10943.59465967
"77072","Chalautre-la-Grande",4810.2114506
"77073","Chalautre-la-Petite",13040.49019275
"77075","Chalifert",131904.26317568
"77076","Chalmaison",13468.61834392
"77077","Chambry",53860.24891398
"77078","Chamigny",17242.31082229
"77079","Champagne-sur-Seine",39939.58048823
"77080","Champcenest",7212.74342627
"77081","Champdeuil",60192.060183
"77082","Champeaux",31748.71653988
"77083","Champs-sur-Marne",638542.2731133
"77084","Changis-sur-Marne",39755.94821491
"77085","Chanteloup-en-Brie",178642.77919335
"77086","La Chapelle-Gauthier",22519.84349052
"77087","La Chapelle-Iger",14628.88462324
"77088","La Chapelle-la-Reine",13869.56180639
"77089","La Chapelle-Rablais",15596.82916671
"77090","La Chapelle-Saint-Sulpice",13269.37638676
"77091","Les Chapelles-Bourbon",41099.27317871
"77093","La Chapelle-Moutils",6076.05831683
"77094","Charmentray",94624.13311837
"77095","Charny",86848.49235698
"77096","Chartrettes",71441.98364643
"77097","Chartronges",10515.14507675
"77098","Chateaubleau",11082.77869371
"77099","Chateau-Landon",8239.38057621
"77100","Le Chatelet-en-Brie",40579.5269266
"77101","Chatenay-sur-Seine",12942.55746781
"77102","Chatenoy",15051.092526
"77103","Chatillon-la-Borde",30912.6057995
"77104","Chatres",37594.80427377
"77106","Chauffry",21050.78026932
"77107","Chaumes-en-Brie",26037.01766823
"77108","Chelles",614290.85797298
"77109","Chenoise",9724.0473782
"77110","Chenou",9294.30887069
"77111","Chessy",139749.08936339
"77112","Chevrainvilliers",14077.43677245
"77113","Chevru",12272.98136969
"77114","Chevry-Cossigny",135795.48587162
"77115","Chevry-en-Sereine",6989.34205032
"77116","Choisy-en-Brie",14828.50861391
"77117","Citry",10956.2700614
"77118","Claye-Souilly",209373.51726528
"77119","Clos-Fontaine",13284.88636398
"77120","Cocherel",16748.17279036
"77121","Collegien",299226.21540567
"77122","Combs-la-Ville",206713.77907881
"77123","Compans",145059.62824536
"77124","Conches-sur-Gondoire",214587.40211691
"77125","Conde-Sainte-Libiaire",96101.95940993
"77126","Congis-sur-Therouanne",38416.62857978
"77127","Coubert",73184.00781141
"77128","Couilly-Pont-aux-Dames",83734.17663224
"77129","Coulombs-en-Valois",6642.8181472
"77130","Coulommes",64247.08828926
"77131","Coulommiers",24653.98506656
"77132","Coupvray",119101.27191225
"77133","Courcelles-en-Bassee",15900.76965737
"77134","Courchamp",8569.802334
"77135","Courpalay",17254.1374543
"77136","Courquetaine",51653.06901479
"77137","Courtacon",6948.62656223
"77138","Courtomer",21285.89924312
"77139","Courtry",493326.98617924
"77140","Coutencon",16613.46862378
"77141","Coutevroult",83541.37414354
"77142","Crecy-la-Chapelle",52907.40003784
"77143","Cregy-les-Meaux",62841.0216853
"77144","Crevecoeur-en-Brie",28306.95389264
"77145","Crisenoy",57130.79073804
"77146","Croissy-Beaubourg",348872.11540197
"77147","La Croix-en-Brie",11166.79657417
"77148","Crouy-sur-Ourcq",7102.21011744
"77149","Cucharmoy",11733.86630792
"77150","Cuisy",47155.36203723
"77151","Dagny",11137.70471129
"77152","Dammarie-les-Lys",96131.70281584
"77153","Dammartin-en-Goele",48281.85214816
"77154","Dammartin-sur-Tigeaux",43790.09014248
"77155","Dampmart",159519.14795195
"77156","Darvault",22610.30653566
"77157","Dhuisy",10204.06435179
"77158","Diant",9909.87185101
"77159","Donnemarie-Dontilly",11898.97586323
"77161","Dormelles",21561.73338758
"77162","Doue",22058.88921225
"77163","Douy-la-Ramee",25657.42251897
"77164","Echouboulains",22276.59900051
"77165","Les Ecrennes",23255.20500962
"77166","Ecuelles",34281.91943925
"77167","Egligny",11462.64816319
"77168","Egreville",6034.61971421
"77169","Emerainville",528914.57743599
"77170","Episy",31644.56314521
"77171","Esbly",106237.58485119
"77172","Esmans",20040.52218923
"77173","Etrepilly",32386.43057919
"77174","Everly",11131.73809121
"77175","Evry-Gregy-sur-Yerre",125218.20653126
"77176","Faremoutiers",24908.39328153
"77177","Favieres",104054.69820883
"77178","Fay-les-Nemours",16933.79154157
"77179","Fericy",41455.05662831
"77180","Ferolles-Attilly",213927.9750662
"77181","Ferrieres-en-Brie",223838.27420576
"77182","La Ferte-Gaucher",10128.07873112
"77183","La Ferte-sous-Jouarre",20545.10177553
"77184","Flagy",18792.57513183
"77185","Fleury-en-Biere",39772.91236937
"77186","Fontainebleau",40432.37777419
"77187","Fontaine-Fourches",2986.89910629
"77188","Fontaine-le-Port",53097.5857735
"77190","Fontains",13298.08154478
"77191","Fontenailles",16027.5704235
"77192","Fontenay-Tresigny",26470.1354746
"77193","Forfry",30004.26156618
"77194","Forges",24632.62264126
"77195","Fouju",50046.21415575
"77196","Fresnes-sur-Marne",124706.31618831
"77197","Fretoy",9070.77785183
"77198","Fromont",6395.20797386
"77199","Fublaines",61660.49458044
"77200","Garentreville",9345.70479543
"77201","Gastins",12980.53581624
"77202","La Genevraye",29302.06697457
"77203","Germigny-l'Eveque",50170.46316708
"77204","Germigny-sous-Coulombs",6830.82944624
"77205","Gesvres-le-Chapitre",38574.59627205
"77206","Giremoutiers",31641.23607608
"77207","Gironville",3140.76752156
"77208","Gouaix",11631.78607296
"77209","Gouvernes",267315.39085546
"77210","La Grande-Paroisse",31643.18756323
"77211","Grandpuits-Bailly-Carrois",14765.16752834
"77212","Gravon",9829.10255935
"77214","Gressy",182052.06487215
"77215","Gretz-Armainvilliers",111192.86207867
"77216","Grez-sur-Loing",24488.02740767
"77217","Grisy-Suisnes",101377.71464472
"77218","Grisy-sur-Seine",7670.87523871
"77219","Guerard",36224.74125503
"77220","Guercheville",10638.39806547
"77221","Guermantes",227978.67850147
"77222","Guignes",31096.14367997
"77223","Gurcy-le-Chatel",12573.95081857
"77224","Hautefeuille",24855.35520508
"77225","La Haute-Maison",41785.12158104
"77226","Hericy",43462.71126987
"77227","Herme",9997.64576553
"77228","Hondevilliers",8234.82062973
"77229","La Houssaye-en-Brie",36150.98986351
"77230","Ichy",6005.53557521
"77231","Isles-les-Meldeuses",36519.55143636
"77232","Isles-les-Villenoy",95076.16393764
"77233","Iverny",60182.97346068
"77234","Jablines",135762.18070241
"77235","Jaignes",25758.51358508
"77236","Jaulnes",6823.78411836
"77237","Jossigny",143642.54953552
"77238","Jouarre",24940.72535738
"77239","Jouy-le-Chatel",8325.16375888
"77240","Jouy-sur-Morin",12519.18440971
"77241","Juilly",61657.99451837
"77242","Jutigny",13679.8842021
"77243","Lagny-sur-Marne",229287.92319352
"77244","Larchant",15558.37882658
"77245","Laval-en-Brie",19502.83867266
"77246","Lechelle",8670.25598654
"77247","Lescherolles",7062.03131953
"77248","Lesches",111297.42936209
"77249","Lesigny",305357.26824396
"77250","Leudon-en-Brie",8828.061464
"77251","Lieusaint",212559.51367162
"77252","Limoges-Fourches",99948.01212882
"77253","Lissy",79338.33424513
"77254","Liverdy-en-Brie",43343.90230903
"77255","Livry-sur-Seine",80880.93494515
"77256","Lizines",13332.68781335
"77257","Lizy-sur-Ourcq",23148.41645108
"77258","Lognes",447445.20197311
"77259","Longperrier",60545.22982497
"77260","Longueville",14385.86485837
"77261","Lorrez-le-Bocage-Preaux",9414.55181135
"77262","Louan-Villegruis-Fontaine",2166.61335887
"77263","Luisetaines",11375.41494515
"77264","Lumigny-Nesles-Ormeaux",19639.06265639
"77265","Luzancy",14752.19467475
"77266","Machault",35630.30464447
"77267","La Madeleine-sur-Loing",15839.3214562
"77268","Magny-le-Hongre",105238.7465995
"77269","Maincy",82278.66214511
"77270","Maisoncelles-en-Brie",38949.4583237
"77271","Maisoncelles-en-Gatinais",9824.62371679
"77272","Maison-Rouge",12698.68048712
"77273","Marchemoret",33525.44399926
"77274","Marcilly",37846.41573847
"77275","Les Marets",6416.6008238
"77276","Mareuil-les-Meaux",81162.55731285
"77277","Marles-en-Brie",25792.01752419
"77278","Marolles-en-Brie",19234.74009708
"77279","Marolles-sur-Seine",17113.42250915
"77280","Mary-sur-Marne",27225.39351253
"77281","Mauperthuis",23067.67869408
"77282","Mauregard",164150.243797
"77283","May-en-Multien",12283.6197766
"77284","Meaux",65335.78549267
"77285","Le Mee-sur-Seine",109392.166907
"77286","Meigneux",12130.05021772
"77287","Meilleray",4699.76585395
"77288","Melun",100674.94345194
"77289","Melz-sur-Seine",7443.97005995
"77290","Mery-sur-Marne",13234.98820397
"77291","Le Mesnil-Amelot",167431.0550293
"77292","Messy",127893.58004209
"77293","Misy-sur-Yonne",10751.00438395
"77294","Mitry-Mory",246729.72650349
"77295","Moisenay",65277.78719909
"77296","Moissy-Cramayel",164699.35327327
"77297","Mondreville",5246.40882258
"77298","Mons-en-Montois",12129.06896569
"77299","Montarlot",31432.48685641
"77300","Montceaux-les-Meaux",49413.12413414
"77301","Montceaux-les-Provins",2479.79645587
"77302","Montcourt-Fromonville",25409.47629763
"77303","Montdauphin",3984.92765841
"77304","Montenils",1943.58167255
"77305","Montereau-Fault-Yonne",23675.13432434
"77306","Montereau-sur-le-Jard",102010.56046995
"77307","Montevrain",164333.82552919
"77308","Montge-en-Goele",45586.59343239
"77309","Monthyon",51304.95097847
"77310","Montigny-le-Guesdier",4955.67273708
"77311","Montigny-Lencoup",14771.50579792
"77312","Montigny-sur-Loing",34201.22919125
"77313","Montmachoux",15079.22926669
"77314","Montolivet",3887.29172606
"77315","Montry",102130.71733266
"77316","Moret-sur-Loing",36286.89884562
"77317","Mormant",20317.4103723
"77318","Mortcerf",35177.76993201
"77319","Mortery",12334.33595429
"77320","Mouroux",27324.25173192
"77321","Mousseaux-les-Bray",6262.80760557
"77322","Moussy-le-Neuf",63562.06923762
"77323","Moussy-le-Vieux",81780.06606782
"77325","Mouy-sur-Seine",8857.14176467
"77326","Nandy",173580.11459189
"77327","Nangis",12873.52966158
"77328","Nanteau-sur-Essonne",7820.91790529
"77329","Nanteau-sur-Lunain",17530.76294968
"77330","Nanteuil-les-Meaux",72364.95720114
"77331","Nanteuil-sur-Marne",11415.74554743
"77332","Nantouillet",83252.68468768
"77333","Nemours",20489.42129726
"77335","Chauconin-Neufmontiers",70341.27429427
"77336","Neufmoutiers-en-Brie",59879.02950872
"77337","Noisiel",516543.59646298
"77338","Noisy-Rudignon",22408.97667583
"77339","Noisy-sur-Ecole",15238.28002617
"77340","Nonville",24108.6791702
"77341","Noyen-sur-Seine",7600.50813238
"77342","Obsonville",8881.03526563
"77343","Ocquerre",18331.63211094
"77344","Oissery",23382.98546542
"77345","Orly-sur-Morin",15893.69967035
"77347","Les Ormes-sur-Voulzie",11396.79544018
"77348","Ormesson",17437.33303485
"77349","Othis",38406.99262797
"77350","Ozoir-la-Ferriere",194969.8662412
"77352","Ozouer-le-Voulgis",38288.77810033
"77353","Paley",12767.85897511
"77354","Pamfou",29054.31763593
"77355","Paroy",12719.88206275
"77356","Passy-sur-Seine",5726.96402353
"77357","Pecy",10079.8659257
"77358","Penchard",59299.62336335
"77359","Perthes",68348.47925066
"77360","Pezarches",20928.79101669
"77361","Pierre-Levee",36534.29809237
"77363","Le Pin",402601.22424295
"77364","Le Plessis-aux-Bois",57650.40711311
"77365","Le Plessis-Feu-Aussoux",15644.35124751
"77366","Le Plessis-l'Eveque",53429.7209046
"77367","Le Plessis-Placy",21074.81111451
"77368","Poigny",13840.45724151
"77369","Poincy",57989.99907718
"77370","Poligny",18304.2491914
"77371","Pommeuse",29385.25227113
"77372","Pomponne",303903.31979369
"77373","Pontault-Combault",421824.84373732
"77374","Pontcarre",198198.45779776
"77376","Precy-sur-Marne",114089.75803212
"77377","Presles-en-Brie",70981.6495313
"77378","Pringy",106543.9614471
"77379","Provins",13098.55607321
"77380","Puisieux",22630.14595993
"77381","Quiers",16424.14769958
"77382","Quincy-Voisins",81315.22933077
"77383","Rampillon",11915.81064646
"77384","Reau",135860.81673056
"77385","Rebais",16774.51966866
"77386","Recloses",24704.13484658
"77387","Remauville",13183.83802088
"77388","Reuil-en-Brie",17381.43599024
"77389","La Rochette",87237.95351312
"77390","Roissy-en-Brie",285511.33116453
"77391","Rouilly",11938.18421095
"77392","Rouvres",33773.48316855
"77393","Rozay-en-Brie",16947.42017412
"77394","Rubelles",95845.06280095
"77395","Rumont",6508.79944469
"77396","Rupereux",7711.76389984
"77397","Saacy-sur-Marne",13896.12480539
"77398","Sablonnieres",10790.11326979
"77399","Saint-Ange-le-Viel",12688.73482538
"77400","Saint-Augustin",25117.13808626
"77401","Sainte-Aulde",13131.63273296
"77402","Saint-Barthelemy",7368.82583329
"77403","Saint-Brice",11533.9198001
"77404","Sainte-Colombe",14300.66640166
"77405","Saint-Cyr-sur-Morin",19547.00688131
"77406","Saint-Denis-les-Rebais",20006.27075499
"77407","Saint-Fargeau-Ponthierry",130981.71964057
"77408","Saint-Fiacre",59836.76526639
"77409","Saint-Germain-Laval",20329.83938225
"77410","Saint-Germain-Laxis",82123.593736
"77411","Saint-Germain-sous-Doue",24238.87698154
"77412","Saint-Germain-sur-Ecole",56353.50203909
"77413","Saint-Germain-sur-Morin",92980.07421431
"77414","Saint-Hilliers",9824.39186331
"77415","Saint-Jean-les-Deux-Jumeaux",40963.80176871
"77416","Saint-Just-en-Brie",9844.10640395
"77417","Saint-Leger",13452.67303739
"77418","Saint-Loup-de-Naud",14310.63512403
"77419","Saint-Mammes",38125.13009351
"77420","Saint-Mard",52364.76356444
"77421","Saint-Mars-Vieux-Maisons",7437.50693416
"77423","Saint-Martin-des-Champs",8538.58974596
"77424","Saint-Martin-du-Boschet",3368.79092609
"77425","Saint-Martin-en-Biere",39213.46021456
"77426","Saint-Mery",26491.44386094
"77427","Saint-Mesmes",91749.60397416
"77428","Saint-Ouen-en-Brie",16917.7837349
"77429","Saint-Ouen-sur-Morin",17762.77071337
"77430","Saint-Pathus",23635.49586083
"77431","Saint-Pierre-les-Nemours",19437.64761754
"77432","Saint-Remy-la-Vanne",15697.44923302
"77433","Saints",22041.5634587
"77434","Saint-Sauveur-les-Bray",9800.21286346
"77435","Saint-Sauveur-sur-Ecole",85638.53342422
"77436","Saint-Simeon",19368.93461266
"77437","Saint-Soupplets",37854.69197202
"77438","Saint-Thibault-des-Vignes",316003.8202408
"77439","Salins",17843.76612876
"77440","Sammeron",28696.01326069
"77441","Samois-sur-Seine",52154.92144783
"77442","Samoreau",43279.08071286
"77443","Sancy",52161.3736994
"77444","Sancy-les-Provins",4109.19267353
"77445","Savigny-le-Temple",164416.90499931
"77446","Savins",14003.9720791
"77447","Seine-Port",141459.5505168
"77448","Sept-Sorts",23813.05604142
"77449","Serris",121827.25843815
"77450","Servon",268825.09198003
"77451","Signy-Signets",31684.38865189
"77452","Sigy",11801.8381593
"77453","Sivry-Courtry",59408.12013005
"77454","Sognolles-en-Montois",12924.07459103
"77455","Soignolles-en-Brie",70075.80206999
"77456","Soisy-Bouy",13307.00641494
"77457","Solers",58726.33335278
"77458","Souppes-sur-Loing",13305.41381491
"77459","Sourdun",10725.86001421
"77460","Tancrou",22247.64830278
"77461","Thenisy",12791.96661146
"77462","Thieux",103885.96708184
"77463","Thomery",41035.34416723
"77464","Thorigny-sur-Marne",212444.51789551
"77465","Thoury-Ferottes",14935.62165091
"77466","Tigeaux",51425.80313599
"77467","La Tombe",12183.13814564
"77468","Torcy",394516.5282108
"77469","Touquin",18625.04657422
"77470","Tournan-en-Brie",64021.22792612
"77471","Tousson",10647.11341589
"77472","La Tretoire",14888.91270528
"77473","Treuzy-Levelay",20938.31512616
"77474","Trilbardou",88559.86678825
"77475","Trilport",54168.79605689
"77476","Trocy-en-Multien",28571.19258643
"77477","Ury",19161.07984941
"77478","Ussy-sur-Marne",26462.83071399
"77479","Vaires-sur-Marne",449969.36685741
"77480","Valence-en-Brie",28851.13244208
"77481","Vanville",11991.72071768
"77482","Varennes-sur-Seine",26497.2363853
"77483","Varreddes",48231.43774598
"77484","Vaucourtois",57448.76158103
"77485","Le Vaudoue",12696.01456335
"77486","Vaudoy-en-Brie",12272.54164455
"77487","Vaux-le-Penil",81877.91628972
"77489","Vaux-sur-Lunain",5062.56137445
"77490","Vendrest",12800.98454526
"77491","Veneux-les-Sablons",38629.76527164
"77492","Verdelot",5829.7292317
"77493","Verneuil-l'Etang",25699.05526484
"77494","Vernou-la-Celle-sur-Seine",36500.37658576
"77495","Vert-Saint-Denis",124963.8242976
"77496","Vieux-Champagne",11140.13085749
"77498","Vignely",94080.84999721
"77500","Villebeon",5438.88785329
"77501","Villecerf",27636.33093102
"77504","Villemarechal",15186.38328681
"77505","Villemareuil",51934.41375804
"77506","Villemer",24074.15765236
"77507","Villenauxe-la-Petite",4986.50992565
"77508","Villeneuve-le-Comte",72422.34234622
"77509","Villeneuve-les-Bordes",13742.28413531
"77510","Villeneuve-Saint-Denis",104756.35535642
"77511","Villeneuve-sous-Dammartin",98967.87381652
"77512","Villeneuve-sur-Bellot",7990.93926337
"77513","Villenoy",80477.39897082
"77514","Villeparisis",354350.32791285
"77515","Villeroy",70048.01834461
"77516","Ville-Saint-Jacques",26963.63985295
"77517","Villevaude",302813.79899788
"77518","Villiers-en-Biere",86897.10441217
"77519","Villiers-Saint-Georges",4109.3764148
"77520","Villiers-sous-Grez",21662.33405158
"77521","Villiers-sur-Morin",72537.62587118
"77522","Villiers-sur-Seine",5682.92740064
"77523","Villuis",3900.56417578
"77524","Vimpelles",10489.18355457
"77525","Vinantes",63530.66863496
"77526","Vincy-Manoeuvre",15501.63824466
"77527","Voinsles",13641.78104568
"77528","Voisenon",105226.49286862
"77529","Voulangis",60661.00705096
"77530","Voulton",9414.89397923
"77531","Voulx",11056.82087918
"77532","Vulaines-les-Provins",13630.72714838
"77533","Vulaines-sur-Seine",44982.95160975
"77534","Yebles",40182.78314885
"78003","Ablis",13253.76247397
"78005","Acheres",417819.70599032
"78006","Adainville",11712.91209438
"78007","Aigremont",262086.01817479
"78009","Allainville",9728.10402749
"78010","Les Alluets-le-Roi",122097.57485209
"78013","Andelu",59967.32140582
"78015","Andresy",312880.42815936
"78020","Arnouville-les-Mantes",55918.88276886
"78029","Aubergenville",99201.21156871
"78030","Auffargis",61181.38416925
"78031","Auffreville-Brasseuil",70305.73528117
"78033","Aulnay-sur-Mauldre",85786.23600571
"78034","Auteuil",58318.84453774
"78036","Autouillet",47917.70744713
"78043","Bailly",466864.23441576
"78048","Bazainville",17007.93395825
"78049","Bazemont",100384.36150545
"78050","Bazoches-sur-Guyonne",85169.29422661
"78053","Behoust",26801.24257868
"78057","Bennecourt",28508.37733482
"78062","Beynes",87936.95094627
"78068","Blaru",10641.44326489
"78070","Boinville-en-Mantois",69157.50031034
"78071","Boinville-le-Gaillard",10761.90787817
"78072","Boinvilliers",49133.58626345
"78073","Bois-d'Arcy",267064.6754668
"78076","Boissets",13855.07493168
"78077","La Boissiere-Ecole",11241.45262087
"78082","Boissy-Mauvoisin",39380.62703655
"78084","Boissy-sans-Avoir",49024.25100205
"78087","Bonnelles",46133.85220784
"78089","Bonnieres-sur-Seine",34883.22453731
"78090","Bouafle",122286.88181458
"78092","Bougival",839129.20872857
"78096","Bourdonne",12639.77110701
"78104","Breuil-Bois-Robert",69303.36905895
"78107","Breval",23841.4999226
"78108","Les Breviaires",48727.79006224
"78113","Brueil-en-Vexin",79308.37854187
"78117","Buc",454730.01003903
"78118","Buchelay",67161.9702795
"78120","Bullion",39286.14489346
"78123","Carrieres-sous-Poissy",286668.47849258
"78124","Carrieres-sur-Seine",1085310.69633079
"78125","La Celle-les-Bordes",42330.90382769
"78126","La Celle-Saint-Cloud",796302.65020122
"78128","Cernay-la-Ville",64658.12808749
"78133","Chambourcy",308608.5205307
"78138","Chanteloup-les-Vignes",284023.2883469
"78140","Chapet",160221.64689934
"78143","Chateaufort",271194.9603651
"78146","Chatou",943118.64827276
"78147","Chaufour-les-Bonnieres",12832.07965423
"78152","Chavenay",218015.65691962
"78158","Le Chesnay",706203.89614751
"78160","Chevreuse",145904.36471674
"78162","Choisel",84857.33914246
"78163","Civry-la-Foret",18370.76326596
"78164","Clairefontaine-en-Yvelines",31277.69411372
"78165","Les Clayes-sous-Bois",220951.9431507
"78168","Coignieres",121824.59240074
"78171","Conde-sur-Vesgre",13607.88681861
"78172","Conflans-Sainte-Honorine",372514.3409245
"78185","Courgent",36467.58020732
"78188","Cravent",12862.61782116
"78189","Crespieres",126593.67842309
"78190","Croissy-sur-Seine",823614.58983886
"78192","Dammartin-en-Serve",33615.27335561
"78193","Dampierre-en-Yvelines",109564.33332176
"78194","Dannemarie",9689.32963783
"78196","Davron",161452.04746677
"78202","Drocourt",58661.19344047
"78206","Ecquevilly",135696.34903356
"78208","Elancourt",177969.06950588
"78209","Emance",12577.37458036
"78217","Epone",86402.04903758
"78220","Les Essarts-le-Roi",83994.54457174
"78224","L'Etang-la-Ville",406550.01589743
"78227","Evecquemont",153422.45364679
"78230","La Falaise",84997.86524875
"78231","Favrieux",53333.65659124
"78233","Feucherolles",201387.99558271
"78234","Flacourt",49076.94435979
"78236","Flexanville",34432.26503497
"78237","Flins-Neuve-Eglise",18094.77381094
"78238","Flins-sur-Seine",109390.87303819
"78239","Follainville-Dennemont",67282.73795773
"78242","Fontenay-le-Fleury",334342.39539726
"78245","Fontenay-Mauvoisin",59149.69082439
"78246","Fontenay-Saint-Pere",71540.51517302
"78251","Fourqueux",384221.35219491
"78255","Freneuse",38121.64528758
"78261","Gaillon-sur-Montcient",108637.82892445
"78262","Galluis",46830.88238328
"78263","Gambais",16297.56809667
"78264","Gambaiseuil",22745.08099771
"78265","Garancieres",33815.43808523
"78267","Gargenville",91129.63674656
"78269","Gazeran",22981.6587084
"78276","Gommecourt",25792.55006364
"78278","Goupillieres",47562.96263508
"78281","Goussonville",69160.98528706
"78283","Grandchamp",7441.52679742
"78285","Gressey",12996.71334083
"78289","Grosrouvre",32297.9136393
"78290","Guernes",57240.09268347
"78291","Guerville",76487.16149741
"78296","Guitrancourt",82822.71247575
"78297","Guyancourt",323396.97226612
"78299","Hardricourt",111916.75823487
"78300","Hargeville",51206.21237663
"78302","La Hauteville",7585.51271554
"78305","Herbeville",101179.10452981
"78307","Hermeray",12713.77507939
"78310","Houdan",10565.70369221
"78311","Houilles",1071477.17582952
"78314","Issou",88316.16924208
"78317","Jambville",71352.73696398
"78320","Jeufosse",22192.29394149
"78321","Jouars-Pontchartrain",132572.11474703
"78322","Jouy-en-Josas",584165.6447018
"78324","Jouy-Mauvoisin",60752.82536353
"78325","Jumeauville",62674.21376154
"78327","Juziers",95824.00550903
"78329","Lainville-en-Vexin",54361.54212988
"78334","Levis-Saint-Nom",117027.06463182
"78335","Limay",78825.18403805
"78337","Limetz-Villez",20124.93636269
"78343","Les Loges-en-Josas",468229.27228547
"78344","Lommoye",20083.27768429
"78346","Longnes",27164.97111719
"78349","Longvilliers",29435.94574579
"78350","Louveciennes",666200.14341827
"78354","Magnanville",68593.33605237
"78356","Magny-les-Hameaux",220800.79077128
"78358","Maisons-Laffitte",709196.53020656
"78361","Mantes-la-Jolie",69870.3958841
"78362","Mantes-la-Ville",74190.79549481
"78364","Marcq",59688.35589125
"78366","Mareil-le-Guyon",85860.37483987
"78367","Mareil-Marly",470495.48992483
"78368","Mareil-sur-Mauldre",89162.25689833
"78372","Marly-le-Roi",541346.20656601
"78380","Maule",76337.9894787
"78381","Maulette",11301.8805011
"78382","Maurecourt",296480.50477703
"78383","Maurepas",141034.81566951
"78384","Medan",214189.51824446
"78385","Menerville",42568.64644107
"78389","Mere",63490.24375527
"78391","Mericourt",46375.6641487
"78396","Le Mesnil-le-Roi",650620.26299091
"78397","Le Mesnil-Saint-Denis",151759.59765659
"78398","Les Mesnuls",68485.83694999
"78401","Meulan-en-Yvelines",132261.41795646
"78402","Mezieres-sur-Seine",83624.0963681
"78403","Mezy-sur-Seine",104992.32134625
"78404","Millemont",24945.95797265
"78406","Milon-la-Chapelle",191873.07255443
"78407","Mittainville",6540.45021886
"78410","Moisson",40007.77161862
"78413","Mondreville",16955.97783306
"78415","Montainville",74805.26163631
"78416","Montalet-le-Bois",66714.64608716
"78417","Montchauvet",27945.8495955
"78418","Montesson",781860.12109756
"78420","Montfort-l'Amaury",55871.12394567
"78423","Montigny-le-Bretonneux",256231.61376943
"78431","Morainvilliers",155867.27138291
"78437","Mousseaux-sur-Seine",46465.08477982
"78439","Mulcent",27807.89189446
"78440","Les Mureaux",136608.03244797
"78442","Neauphle-le-Chateau",129049.64025568
"78443","Neauphle-le-Vieux",89202.63999803
"78444","Neauphlette",20153.99421121
"78451","Nezel",90599.84853466
"78455","Noisy-le-Roi",381701.06861156
"78460","Oinville-sur-Montcient",86571.62412661
"78464","Orcemont",21567.0231571
"78465","Orgerus",23364.02615506
"78466","Orgeval",179860.65680647
"78470","Orphin",15604.35887288
"78472","Orsonville",6041.25902519
"78474","Orvilliers",19824.18265869
"78475","Osmoy",32741.87886307
"78478","Paray-Douaville",6502.89508404
"78481","Le Pecq",608435.50314903
"78484","Perdreauville",50922.82674436
"78486","Le Perray-en-Yvelines",49044.9485195
"78490","Plaisir",173060.34210961
"78497","Poigny-la-Foret",25104.67817772
"78498","Poissy",284364.20512398
"78499","Ponthevrard",19899.79568015
"78501","Porcheville",84937.85195278
"78502","Le Port-Marly",641817.70858694
"78503","Port-Villez",14113.46864401
"78505","Prunay-le-Temple",24628.91458768
"78506","Prunay-en-Yvelines",9536.48614159
"78513","La Queue-les-Yvelines",36435.16743007
"78516","Raizeux",11576.00761641
"78517","Rambouillet",31169.23449441
"78518","Rennemoulin",337512.32531128
"78520","Richebourg",15184.76773989
"78522","Rochefort-en-Yvelines",30364.20821143
"78524","Rocquencourt",570392.21137967
"78528","Rolleboise",45219.68444682
"78530","Rosay",49340.61824121
"78531","Rosny-sur-Seine",50422.50159039
"78536","Sailly",66593.81198367
"78537","Saint-Arnoult-en-Yvelines",24319.36584335
"78545","Saint-Cyr-l'Ecole",367634.53367747
"78548","Saint-Forget",134171.77477835
"78550","Saint-Germain-de-la-Grange",122079.44320526
"78551","Saint-Germain-en-Laye",505590.02785635
"78557","Saint-Hilarion",15832.63784066
"78558","Saint-Illiers-la-Ville",27758.53537603
"78559","Saint-Illiers-le-Bois",17159.51239596
"78561","Saint-Lambert",171695.58337848
"78562","Saint-Leger-en-Yvelines",30450.00981165
"78564","Saint-Martin-de-Brethencourt",15919.31191357
"78565","Saint-Martin-des-Champs",38565.1229366
"78567","Saint-Martin-la-Garenne",57911.92031767
"78569","Sainte-Mesme",19708.21707259
"78571","Saint-Nom-la-Breteche",284826.10461975
"78575","Saint-Remy-les-Chevreuse",166971.68723693
"78576","Saint-Remy-l'Honore",93868.69216854
"78586","Sartrouville",903130.48427247
"78588","Saulx-Marchais",67100.30787152
"78590","Senlisse",85261.3077547
"78591","Septeuil",37732.91099534
"78597","Soindres",63186.71292719
"78601","Sonchamp",24445.07643553
"78605","Tacoignieres",19011.06925717
"78606","Le Tartre-Gaudran",5548.22908618
"78608","Le Tertre-Saint-Denis",42648.9030082
"78609","Tessancourt-sur-Aubette",127219.19678736
"78615","Thiverval-Grignon",151838.04291667
"78616","Thoiry",51529.42904456
"78618","Tilly",14928.09355577
"78620","Toussus-le-Noble",340026.05616733
"78621","Trappes",208781.37422672
"78623","Le Tremblay-sur-Mauldre",106388.28493329
"78624","Triel-sur-Seine",245990.30258775
"78638","Vaux-sur-Seine",190532.06758399
"78640","Velizy-Villacoublay",903280.89563285
"78642","Verneuil-sur-Seine",185709.37283675
"78643","Vernouillet",199870.5529541
"78644","La Verriere",154123.62677515
"78646","Versailles",549169.02013087
"78647","Vert",61914.28304938
"78650","Le Vesinet",770767.3876074
"78653","Vicq",66358.38209445
"78655","Vieille-Eglise-en-Yvelines",44683.95859647
"78668","La Villeneuve-en-Chevrie",23072.00528635
"78672","Villennes-sur-Seine",222712.72178967
"78674","Villepreux",271808.362521
"78677","Villette",58587.59282108
"78681","Villiers-le-Mahieu",40986.5084143
"78683","Villiers-Saint-Frederic",107459.93867321
"78686","Viroflay",870553.26785619
"78688","Voisins-le-Bretonneux",249441.44790892
"91001","Abbeville-la-Riviere",12980.87552437
"91016","Angerville",6857.00558059
"91017","Angervilliers",45374.43616548
"91021","Arpajon",158607.80613304
"91022","Arrancourt",11482.29369231
"91027","Athis-Mons",685410.62926282
"91035","Authon-la-Plaine",12159.84857778
"91037","Auvernaux",115656.5623398
"91038","Auvers-Saint-Georges",42577.94974259
"91041","Avrainville",108721.06142148
"91044","Ballainvilliers",405503.4841396
"91045","Ballancourt-sur-Essonne",95119.26536839
"91047","Baulne",60423.57088672
"91064","Bievres",719753.81619468
"91067","Blandy",6322.38885311
"91069","Boigneville",6869.61932658
"91075","Bois-Herpin",15501.61768474
"91079","Boissy-la-Riviere",20244.42351582
"91080","Boissy-le-Cutte",41051.39225587
"91081","Boissy-le-Sec",30777.11470256
"91085","Boissy-sous-Saint-Yon",85590.41159505
"91086","Bondoufle",295623.63911093
"91093","Boullay-les-Troux",99911.02130075
"91095","Bouray-sur-Juine",71117.59544688
"91097","Boussy-Saint-Antoine",328417.36192363
"91098","Boutervilliers",23060.19982131
"91099","Boutigny-sur-Essonne",27171.1169536
"91100","Bouville",28156.88180676
"91103","Bretigny-sur-Orge",231501.1441704
"91105","Breuillet",81901.54624726
"91106","Breux-Jouy",67188.09776234
"91109","Brieres-les-Scelles",32126.28233369
"91111","Briis-sous-Forges",105495.68204866
"91112","Brouy",5895.51874386
"91114","Brunoy",411774.67886582
"91115","Bruyeres-le-Chatel",125766.3057804
"91121","Buno-Bonnevaux",11084.17170931
"91122","Bures-sur-Yvette",236533.17269895
"91129","Cerny",49882.78909428
"91130","Chalo-Saint-Mars",19993.15115683
"91131","Chalou-Moulineux",14784.16183324
"91132","Chamarande",61636.84171168
"91135","Champcueil",80185.26800219
"91136","Champlan",576031.24854182
"91137","Champmotteux",7883.43354094
"91145","Chatignonville",11846.69361078
"91148","Chauffour-les-Etrechy",47342.53785948
"91156","Cheptainville",107689.95371328
"91159","Chevannes",118248.85772633
"91161","Chilly-Mazarin",636652.47620115
"91174","Corbeil-Essonnes",244522.11034325
"91175","Corbreuse",16672.63711184
"91179","Le Coudray-Montceaux",159742.72792304
"91180","Courances",29905.58159794
"91182","Courcouronnes",310516.8063877
"91184","Courdimanche-sur-Essonne",21949.95127988
"91186","Courson-Monteloup",89087.7431254
"91191","Crosne",624779.34548229
"91195","Dannemois",39756.87328013
"91198","D'Huison-Longueville",34396.92500433
"91200","Dourdan",23767.01983736
"91201","Draveil",474577.77778689
"91204","Echarcon",203279.40721792
"91207","Egly",121906.28793783
"91215","Epinay-sous-Senart",359234.02581376
"91216","Epinay-sur-Orge",444772.98862215
"91222","Estouches",8623.64233133
"91223","Etampes",24657.75144865
"91225","Etiolles",327466.8897188
"91226","Etrechy",43614.80381581
"91228","Evry",317922.89371752
"91232","La Ferte-Alais",48212.75621676
"91235","Fleury-Merogis",342227.56373176
"91240","Fontaine-la-Riviere",17019.97717035
"91243","Fontenay-les-Briis",119004.91909847
"91244","Fontenay-le-Vicomte",141537.86214313
"91247","La Foret-le-Roi",24319.94921937
"91248","La Foret-Sainte-Croix",18684.95077857
"91249","Forges-les-Bains",67954.23128927
"91272","Gif-sur-Yvette",206106.95305066
"91273","Gironville-sur-Essonne",11263.19044595
"91274","Gometz-la-Ville",134992.56056036
"91275","Gometz-le-Chatel",173999.18112402
"91284","Les Granges-le-Roi",21731.06573878
"91286","Grigny",412584.69423319
"91292","Guibeville",138359.75905526
"91293","Guigneville-sur-Essonne",38084.17144778
"91294","Guillerval",17534.29384179
"91312","Igny",623695.07080607
"91315","Itteville",79630.12471017
"91318","Janville-sur-Juine",57038.89723079
"91319","Janvry",149032.79045049
"91326","Juvisy-sur-Orge",570743.47192807
"91330","Lardy",82013.89582758
"91332","Leudeville",177673.98641936
"91333","Leuville-sur-Orge",226660.55987058
"91338","Limours",85366.78152699
"91339","Linas",233492.06930411
"91340","Lisses",248584.93398799
"91345","Longjumeau",508988.02520972
"91347","Longpont-sur-Orge",307724.2358521
"91359","Maisse",16731.54248609
"91363","Marcoussis",216101.04607548
"91374","Marolles-en-Beauce",17062.32091614
"91376","Marolles-en-Hurepoix",150685.06281594
"91377","Massy",723284.71081701
"91378","Mauchamps",63011.96370882
"91386","Mennecy",164124.12358677
"91390","Mereville",10215.9697979
"91393","Merobert",13650.31410094
"91399","Mespuits",11111.29715543
"91405","Milly-la-Foret",18376.7724247
"91408","Moigny-sur-Ecole",27832.54639026
"91411","Les Molieres",107348.61534814
"91412","Mondeville",59947.60474311
"91414","Monnerville",12402.25577864
"91421","Montgeron",492162.6913411
"91425","Montlhery",291396.9707805
"91432","Morangis",629791.08370145
"91433","Morigny-Champigny",30534.75970473
"91434","Morsang-sur-Orge",404882.27892709
"91435","Morsang-sur-Seine",184888.14195307
"91441","Nainville-les-Roches",85093.37040359
"91457","La Norville",159169.54673153
"91458","Nozay",294894.81770083
"91461","Ollainville",163122.59752563
"91463","Oncy-sur-Ecole",14771.70654551
"91468","Ormoy",189552.64295801
"91469","Ormoy-la-Riviere",22626.8577832
"91471","Orsay",315276.85361529
"91473","Orveau",32653.61076248
"91477","Palaiseau",487263.94133202
"91479","Paray-Vieille-Poste",829573.13787504
"91482","Pecqueuse",65922.52721569
"91494","Le Plessis-Pate",268075.77902781
"91495","Plessis-Saint-Benoist",16491.89617605
"91507","Prunay-sur-Essonne",9448.52254032
"91508","Puiselet-le-Marais",20415.30011889
"91511","Pussay",9517.07325517
"91514","Quincy-sous-Senart",298894.16404199
"91519","Richarville",17827.29200852
"91521","Ris-Orangis",372710.58011098
"91525","Roinville",29260.13204982
"91526","Roinvilliers",10646.11030562
"91533","Saclas",17345.51002447
"91534","Saclay",420961.29525958
"91538","Saint-Aubin",271298.62970397
"91540","Saint-Cheron",52047.32287483
"91544","Saint-Cyr-la-Riviere",15976.42404548
"91546","Saint-Cyr-sous-Dourdan",34015.53156359
"91547","Saint-Escobille",9711.35540429
"91549","Sainte-Genevieve-des-Bois",347709.66567901
"91552","Saint-Germain-les-Arpajon",190393.82238675
"91553","Saint-Germain-les-Corbeil",271565.88269578
"91556","Saint-Hilaire",24921.18703567
"91560","Saint-Jean-de-Beauregard",197700.8099078
"91568","Saint-Maurice-Montcouronne",64197.49415786
"91570","Saint-Michel-sur-Orge",309589.65206679
"91573","Saint-Pierre-du-Perray",219640.49511877
"91577","Saintry-sur-Seine",212865.94581736
"91578","Saint-Sulpice-de-Favieres",63112.63519037
"91579","Saint-Vrain",110200.42098728
"91581","Saint-Yon",86239.81574992
"91587","Saulx-les-Chartreux",423730.66955215
"91589","Savigny-sur-Orge",522380.27420908
"91593","Sermaise",37488.87653416
"91599","Soisy-sur-Ecole",55735.85951993
"91600","Soisy-sur-Seine",374691.4212179
"91602","Souzy-la-Briche",51332.50530463
"91613","Congerville-Thionville",11122.12212436
"91617","Tigery",271922.95898246
"91619","Torfou",77227.91498477
"91629","Valpuiseaux",16971.87188584
"91630","Le Val-Saint-Germain",44816.79655826
"91631","Varennes-Jarcy",256729.12297665
"91634","Vaugrigneuse",69444.68690696
"91635","Vauhallan",496799.05582561
"91639","Vayres-sur-Essonne",25936.36333353
"91645","Verrieres-le-Buisson",864424.91476897
"91648","Vert-le-Grand",221275.57382237
"91649","Vert-le-Petit",149120.65238161
"91654","Videlles",42349.59267902
"91657","Vigneux-sur-Seine",597611.69166361
"91659","Villabe",216084.88624323
"91661","Villebon-sur-Yvette",404520.43607694
"91662","Villeconin",38750.75868821
"91665","La Ville-du-Bois",337272.87835132
"91666","Villejust",314141.53575733
"91667","Villemoisson-sur-Orge",411475.41790936
"91671","Villeneuve-sur-Auvers",39581.6097506
"91679","Villiers-le-Bacle",286582.95010462
"91685","Villiers-sur-Orge",373298.26022767
"91687","Viry-Chatillon",460005.27900423
"91689","Wissous",862790.20536138
"91691","Yerres",519362.96766911
"91692","Les Ulis",250338.44030392
"92002","Antony",1043923.44119848
"92004","Asnieres-sur-Seine",1867564.67505625
"92007","Bagneux",1755035.63218856
"92009","Bois-Colombes",1753392.06400047
"92012","Boulogne-Billancourt",1690665.2724125
"92014","Bourg-la-Reine",1511599.24510539
"92019","Chatenay-Malabry",1121172.45244161
"92020","Chatillon",1721306.31163949
"92022","Chaville",1063976.16921342
"92023","Clamart",1426693.55028212
"92024","Clichy",2064486.4089801
"92025","Colombes",1541853.92497473
"92026","Courbevoie",1820229.72644266
"92032","Fontenay-aux-Roses",1534110.33427708
"92033","Garches",1233481.89451651
"92035","La Garenne-Colombes",1671251.58089612
"92036","Gennevilliers",1648394.1301749
"92040","Issy-les-Moulineaux",1795431.25597826
"92044","Levallois-Perret",2050920.52885867
"92046","Malakoff",1932123.07145899
"92047","Marnes-la-Coquette",990006.64620297
"92048","Meudon",1304083.17557025
"92049","Montrouge",1995559.89720845
"92050","Nanterre",1409373.86509479
"92051","Neuilly-sur-Seine",1977950.31183641
"92060","Le Plessis-Robinson",1264199.40421016
"92062","Puteaux",1753658.28459832
"92063","Rueil-Malmaison",1188017.2300251
"92064","Saint-Cloud",1437503.80387495
"92071","Sceaux",1389882.58470695
"92072","Sevres",1323985.68847182
"92073","Suresnes",1604230.94487505
"92075","Vanves",1928789.31149065
"92076","Vaucresson",980221.81628937
"92077","Ville-d'Avray",1038245.67380527
"92078","Villeneuve-la-Garenne",1694387.28646171
"93001","Aubervilliers",1951295.81267943
"93005","Aulnay-sous-Bois",898986.66063027
"93006","Bagnolet",2045012.87492147
"93007","Le Blanc-Mesnil",1172934.32459361
"93008","Bobigny",1693855.23624222
"93010","Bondy",1377673.19286243
"93013","Le Bourget",1420656.46039967
"93014","Clichy-sous-Bois",844444.21884763
"93015","Coubron",613931.35152673
"93027","La Courneuve",1623809.85987359
"93029","Drancy",1477369.75972045
"93030","Dugny",1244146.57911048
"93031","Epinay-sur-Seine",1388650.78437065
"93032","Gagny",961839.37803735
"93033","Gournay-sur-Marne",769300.44088561
"93039","L'Ile-Saint-Denis",1642993.55812734
"93045","Les Lilas",2020889.67980094
"93046","Livry-Gargan",848099.10121768
"93047","Montfermeil",748579.57892264
"93048","Montreuil",1860659.36646037
"93049","Neuilly-Plaisance",1295619.27589382
"93050","Neuilly-sur-Marne",1035153.26449142
"93051","Noisy-le-Grand",819157.60969155
"93053","Noisy-le-Sec",1666361.64072881
"93055","Pantin",1976548.99050871
"93057","Les Pavillons-sous-Bois",1171058.9356519
"93059","Pierrefitte-sur-Seine",1282998.86321951
"93061","Le Pre-Saint-Gervais",2092385.03353596
"93062","Le Raincy",1106363.54672402
"93063","Romainville",1875921.0393164
"93064","Rosny-sous-Bois",1501240.76802768
"93066","Saint-Denis",1789427.06243824
"93070","Saint-Ouen",2058205.04276664
"93071","Sevran",736063.48836741
"93072","Stains",1299100.77098894
"93073","Tremblay-en-France",386804.85000417
"93074","Vaujours",522925.43268978
"93077","Villemomble",1257826.8120442
"93078","Villepinte",565226.58570551
"93079","Villetaneuse",1364956.35969687
"94001","Ablon-sur-Seine",758032.3717457
"94002","Alfortville",1614164.42346156
"94003","Arcueil",1923609.26698094
"94004","Boissy-Saint-Leger",589168.397469
"94011","Bonneuil-sur-Marne",965383.50427632
"94015","Bry-sur-Marne",1148033.59618291
"94016","Cachan",1722279.05562393
"94017","Champigny-sur-Marne",1105457.51198337
"94018","Charenton-le-Pont",1976657.70104218
"94019","Chennevieres-sur-Marne",818368.93421994
"94021","Chevilly-Larue",1375811.16019299
"94022","Choisy-le-Roi",1217132.70775257
"94028","Creteil",1271474.0367929
"94033","Fontenay-sous-Bois",1627955.23271433
"94034","Fresnes",1203858.51024097
"94037","Gentilly",2027917.01415379
"94038","L'Hay-les-Roses",1505092.18008057
"94041","Ivry-sur-Seine",1963309.06150875
"94042","Joinville-le-Pont",1505612.81324734
"94043","Le Kremlin-Bicetre",1981822.08847777
"94044","Limeil-Brevannes",716593.2570248
"94046","Maisons-Alfort",1630415.82972735
"94047","Mandres-les-Roses",340653.89245093
"94048","Marolles-en-Brie",447111.56430745
"94052","Nogent-sur-Marne",1512463.88780777
"94053","Noiseau",615661.84725845
"94054","Orly",1010091.23355927
"94055","Ormesson-sur-Marne",761307.79719717
"94056","Perigny",288045.8048122
"94058","Le Perreux-sur-Marne",1330113.22286488
"94059","Le Plessis-Trevise",653397.91135918
"94060","La Queue-en-Brie",505825.17318685
"94065","Rungis",1128836.79374135
"94067","Saint-Mande",2037421.24309103
"94068","Saint-Maur-des-Fosses",1156597.83880643
"94069","Saint-Maurice",1753161.94009838
"94070","Santeny",367919.75617251
"94071","Sucy-en-Brie",670599.50447414
"94073","Thiais",1260766.99636197
"94074","Valenton",902194.82105518
"94075","Villecresnes",435890.47964566
"94076","Villejuif",1761086.68715772
"94077","Villeneuve-le-Roi",858559.43673928
"94078","Villeneuve-Saint-Georges",839236.42202868
"94079","Villiers-sur-Marne",927760.38628993
"94080","Vincennes",1923167.7408902
"94081","Vitry-sur-Seine",1629705.08090567
"95002","Ableiges",103456.25807217
"95008","Aincourt",43955.46287739
"95011","Ambleville",9352.645091
"95012","Amenucourt",17693.16856537
"95014","Andilly",642245.19530127
"95018","Argenteuil",1188114.90253585
"95019","Arnouville",777315.5087872
"95023","Arronville",28683.74052412
"95024","Arthies",30123.04011909
"95026","Asnieres-sur-Oise",50915.91582167
"95028","Attainville",243742.2969135
"95039","Auvers-sur-Oise",189110.50265864
"95040","Avernes",45178.91572095
"95042","Baillet-en-France",271911.07753185
"95046","Banthelu",17554.11859624
"95051","Beauchamp",471934.89116697
"95052","Beaumont-sur-Oise",60899.89655336
"95054","Le Bellay-en-Vexin",15653.73680648
"95055","Bellefontaine",87877.83454253
"95056","Belloy-en-France",128210.00642692
"95058","Bernes-sur-Oise",41083.27397222
"95059","Berville",14153.96409356
"95060","Bessancourt",358457.03816876
"95061","Bethemont-la-Foret",295590.67942289
"95063","Bezons",1251911.02446447
"95074","Boisemont",213104.69291955
"95078","Boissy-l'Aillerie",139369.68803516
"95088","Bonneuil-en-France",984270.66977258
"95091","Bouffemont",367372.06503892
"95094","Bouqueval",392846.253792
"95101","Bray-et-Lu",9700.07872479
"95102","Breancon",39300.27130878
"95110","Brignancourt",29689.61158266
"95116","Bruyeres-sur-Oise",41873.44356674
"95119","Buhy",5481.65967173
"95120","Butry-sur-Oise",181992.69708247
"95127","Cergy",224515.51357753
"95134","Champagne-sur-Oise",62879.87609601
"95139","La Chapelle-en-Vexin",6775.26558161
"95141","Charmont",13826.89980715
"95142","Chars",18104.30351711
"95144","Chatenay-en-France",154721.15375267
"95149","Chaumontel",51510.87178551
"95150","Chaussy",19615.84598144
"95151","Chauvry",303288.53800492
"95154","Chennevieres-les-Louvres",154491.94541279
"95157","Cherence",29053.57755353
"95166","Clery-en-Vexin",17892.87938033
"95169","Commeny",25343.68780458
"95170","Condecourt",133185.76215896
"95176","Cormeilles-en-Parisis",822801.29150419
"95177","Cormeilles-en-Vexin",84652.19505971
"95181","Courcelles-sur-Viosne",135308.2758407
"95183","Courdimanche",183376.45678372
"95197","Deuil-la-Barre",1142518.67020523
"95199","Domont",445298.36150023
"95203","Eaubonne",818490.3882604
"95205","Ecouen",425060.44603947
"95210","Enghien-les-Bains",1141626.02048124
"95211","Ennery",181386.76545136
"95212","Epiais-les-Louvres",187175.5721186
"95213","Epiais-Rhus",84618.31119667
"95214","Epinay-Champlatreux",119778.23151613
"95218","Eragny",320546.36881678
"95219","Ermont",810739.90255134
"95229","Ezanville",356908.72604084
"95241","Fontenay-en-Parisis",221015.78965456
"95250","Fosses",66205.66774874
"95252","Franconville",729587.95071662
"95253","Fremainville",63882.0975493
"95254","Fremecourt",60645.89041997
"95256","Frepillon",303140.82896436
"95257","La Frette-sur-Seine",693931.90929057
"95258","Frouville",46528.65010512
"95259","Gadancourt",35084.22212232
"95268","Garges-les-Gonesse",1028948.79658519
"95270","Genainville",19134.85488078
"95271","Genicourt",131127.22193913
"95277","Gonesse",645369.70698
"95280","Goussainville",325212.04286194
"95282","Gouzangrez",38632.83155085
"95287","Grisy-les-Platres",64608.00707098
"95288","Groslay",925560.47337143
"95295","Guiry-en-Vexin",24904.30800229
"95298","Haravilliers",20458.01021775
"95301","Haute-Isle",31853.02516739
"95303","Le Heaulme",21580.4484817
"95304","Hedouville",47079.02330564
"95306","Herblay",471575.6153561
"95308","Herouville",128001.250814
"95309","Hodent",12292.14880669
"95313","L'Isle-Adam",119578.84917545
"95316","Jagny-sous-Bois",122170.20040687
"95323","Jouy-le-Moutier",253969.47305755
"95328","Labbeville",76229.7144551
"95331","Lassy",96762.96706947
"95341","Livilliers",131204.05779113
"95348","Longuesse",101112.54273044
"95351","Louvres",195663.22233418
"95352","Luzarches",65218.46487362
"95353","Maffliers",170887.80216726
"95355","Magny-en-Vexin",10812.5888219
"95365","Mareil-en-France",168886.78023369
"95369","Margency",710034.35352941
"95370","Marines",32306.52729679
"95371","Marly-la-Ville",89967.72584832
"95379","Maudetour-en-Vexin",22364.34612659
"95387","Menouville",48081.7284105
"95388","Menucourt",176618.45394692
"95392","Meriel",202861.97834332
"95394","Mery-sur-Oise",272905.01987984
"95395","Le Mesnil-Aubry",250711.93377682
"95409","Moisselles",327749.38172605
"95422","Montgeroult",114415.44747037
"95424","Montigny-les-Cormeilles",609483.81971695
"95426","Montlignon",580031.03150686
"95427","Montmagny",1159164.56306436
"95428","Montmorency",842471.94832128
"95429","Montreuil-sur-Epte",6674.35444208
"95430","Montsoult",215846.81623751
"95436","Mours",75624.53750562
"95438","Moussy",25042.20826837
"95445","Nerville-la-Foret",157027.05548184
"95446","Nesles-la-Vallee",88987.02829194
"95447","Neuilly-en-Vexin",16039.52198251
"95450","Neuville-sur-Oise",280592.19312917
"95452","Nointel",74676.87790005
"95456","Noisy-sur-Oise",63726.41782032
"95459","Nucourt",12231.32732835
"95462","Omerville",11479.25162999
"95476","Osny",182147.63175952
"95480","Parmain",92607.48952373
"95483","Le Perchay",43149.85911783
"95487","Persan",53971.22332068
"95488","Pierrelaye",405484.45946278
"95489","Piscop",549391.60138966
"95491","Le Plessis-Bouchard",619849.81686474
"95492","Le Plessis-Gassot",322846.86897668
"95493","Le Plessis-Luzarches",88510.22553124
"95500","Pontoise",235968.84134401
"95504","Presles",103455.04485017
"95509","Puiseux-en-France",132135.22300878
"95510","Puiseux-Pontoise",161609.17587187
"95523","La Roche-Guyon",25773.49002386
"95527","Roissy-en-France",340251.10857602
"95529","Ronquerolles",40723.96424792
"95535","Sagy",143816.70675156
"95539","Saint-Brice-sous-Foret",701534.47514321
"95541","Saint-Clair-sur-Epte",4115.73491914
"95543","Saint-Cyr-en-Arthies",52493.81304569
"95554","Saint-Gervais",8922.4737385
"95555","Saint-Gratien",1121752.39117746
"95563","Saint-Leu-la-Foret",499793.59313398
"95566","Saint-Martin-du-Tertre",111483.28356628
"95572","Saint-Ouen-l'Aumone",280999.79112929
"95574","Saint-Prix",512151.45046369
"95580","Saint-Witz",66693.9533887
"95582","Sannois",992087.59154755
"95584","Santeuil",41773.75080197
"95585","Sarcelles",806084.42593673
"95592","Seraincourt",88218.61059621
"95594","Seugy",66702.3425517
"95598","Soisy-sous-Montmorency",878312.26199905
"95604","Survilliers",48216.73114487
"95607","Taverny",433252.91693056
"95610","Themericourt",57973.5535888
"95611","Theuville",39423.61058528
"95612","Le Thillay",453870.82899783
"95625","Us",68508.28327943
"95627","Vallangoujard",73530.25512099
"95628","Valmondois",146120.92657458
"95633","Vaudherland",439653.05850458
"95637","Vaureal",219394.48379511
"95641","Vemars",93585.09000349
"95651","Vetheuil",48365.97272355
"95652","Viarmes",69957.60997242
"95656","Vienne-en-Arthies",46739.51639716
"95658","Vigny",82491.59719863
"95660","Villaines-sous-Bois",183870.79854662
"95675","Villeron",117203.08600603
"95676","Villers-en-Arthies",34507.02787413
"95678","Villiers-Adam",227215.30575834
"95680","Villiers-le-Bel",553187.23950818
"95682","Villiers-le-Sec",172819.83903441
"95690","Wy-dit-Joli-Village",31479.53448348
