"ID","NAMES","total_AsTheCowRolls_POT_20"
"75101","Paris 1er Arrondissement",3323809.85986114
"75102","Paris 2e  Arrondissement",3286507.52236984
"75103","Paris 3e  Arrondissement",3338389.3802466
"75104","Paris 4e  Arrondissement",3373282.35772387
"75105","Paris 5e  Arrondissement",3339098.93171182
"75106","Paris 6e  Arrondissement",3311759.63782731
"75107","Paris 7e  Arrondissement",3244241.17967247
"75108","Paris 8e  Arrondissement",3339845.86427402
"75109","Paris 9e  Arrondissement",3358421.10568789
"75110","Paris 10e  Arrondissement",3409181.99288097
"75111","Paris 11e  Arrondissement",3289066.51403486
"75112","Paris 12e  Arrondissement",3308274.73192306
"75113","Paris 13e  Arrondissement",3317776.39172402
"75114","Paris 14e  Arrondissement",3273815.69087646
"75115","Paris 15e  Arrondissement",3113189.34674644
"75116","Paris 16e  Arrondissement",3163115.76294523
"75117","Paris 17e  Arrondissement",3287331.99758262
"75118","Paris 18e  Arrondissement",3253409.67945968
"75119","Paris 19e  Arrondissement",3208670.85823567
"75120","Paris 20e  Arrondissement",3254345.92371077
"77001","Acheres-la-Foret",76530.34602232
"77002","Amillis",36425.49322455
"77003","Amponville",43491.00779881
"77004","Andrezel",121240.15844108
"77005","Annet-sur-Marne",694616.59163582
"77006","Arbonne-la-Foret",144352.86464782
"77007","Argentieres",82637.52465946
"77008","Armentieres-en-Brie",68576.34233246
"77009","Arville",17190.34747078
"77010","Aubepierre-Ozouer-le-Repos",68302.89359085
"77011","Aufferville",28620.97527709
"77012","Augers-en-Brie",14373.63557042
"77013","Aulnoy",52876.2097254
"77014","Avon",115151.19144625
"77015","Baby",10981.63563159
"77016","Bagneaux-sur-Loing",40925.04237474
"77018","Bailly-Romainvilliers",501568.08066173
"77019","Balloy",25948.03628062
"77020","Bannost-Villegagnon",26905.1152776
"77021","Barbey",33224.10327599
"77022","Barbizon",207553.79677995
"77023","Barcy",153182.08809871
"77024","Bassevelle",20688.83307282
"77025","Bazoches-les-Bray",23896.91140492
"77026","Beauchery-Saint-Martin",11773.89032367
"77027","Beaumont-du-Gatinais",8763.86355902
"77028","Beautheil",36879.97793703
"77029","Beauvoir",95650.69378117
"77030","Bellot",19933.93763169
"77031","Bernay-Vilbert",71066.07821271
"77032","Beton-Bazoches",27434.43202262
"77033","Bezalles",20286.95209704
"77034","Blandy",153207.89648465
"77035","Blennes",14132.54503196
"77036","Boisdon",24651.48967138
"77037","Bois-le-Roi",167704.24055827
"77038","Boissettes",233828.20261854
"77039","Boissise-la-Bertrand",240980.17198479
"77040","Boissise-le-Roi",323087.71438364
"77041","Boissy-aux-Cailles",34977.27616821
"77042","Boissy-le-Chatel",43380.8609108
"77043","Boitron",21336.72195158
"77044","Bombon",66182.58756322
"77045","Bougligny",24530.2678892
"77046","Boulancourt",14686.73180597
"77047","Bouleurs",271824.5753196
"77048","Bourron-Marlotte",63409.91470309
"77049","Boutigny",205153.55609868
"77050","Bransles",22073.59549251
"77051","Bray-sur-Seine",20034.83032572
"77052","Breau",90161.26510154
"77053","Brie-Comte-Robert",750658.47336758
"77054","La Brosse-Montceaux",37036.15607943
"77055","Brou-sur-Chantereine",1127213.54575107
"77056","Burcy",21511.59555577
"77057","Bussieres",34867.0300565
"77058","Bussy-Saint-Georges",1155993.45617154
"77059","Bussy-Saint-Martin",1013638.83895181
"77060","Buthiers",25029.00279287
"77061","Cannes-Ecluse",43940.00855409
"77062","Carnetin",604993.46155045
"77063","La Celle-sur-Morin",91304.17325158
"77065","Cely",299784.16955074
"77066","Cerneux",16232.72989329
"77067","Cesson",378808.42474738
"77068","Cessoy-en-Montois",20967.77035004
"77069","Chailly-en-Biere",253283.99594839
"77070","Chailly-en-Brie",53171.88303732
"77071","Chaintreaux",28355.11723417
"77072","Chalautre-la-Grande",7773.78154636
"77073","Chalautre-la-Petite",18345.59498924
"77075","Chalifert",532172.84574209
"77076","Chalmaison",18911.60394628
"77077","Chambry",179299.83693021
"77078","Chamigny",47930.05670737
"77079","Champagne-sur-Seine",81704.77782233
"77080","Champcenest",17999.78879083
"77081","Champdeuil",255474.36616733
"77082","Champeaux",123688.16776972
"77083","Champs-sur-Marne",1689460.6753606
"77084","Changis-sur-Marne",115650.40350273
"77085","Chanteloup-en-Brie",779966.0366381
"77086","La Chapelle-Gauthier",93003.10793298
"77087","La Chapelle-Iger",45490.76467346
"77088","La Chapelle-la-Reine",92520.99096309
"77089","La Chapelle-Rablais",38020.78561206
"77090","La Chapelle-Saint-Sulpice",24426.20260506
"77091","Les Chapelles-Bourbon",197650.30571975
"77093","La Chapelle-Moutils",11546.86218751
"77094","Charmentray",337977.58665402
"77095","Charny",327085.15653814
"77096","Chartrettes",145045.79391052
"77097","Chartronges",21137.35533525
"77098","Chateaubleau",23347.93036743
"77099","Chateau-Landon",19053.91924033
"77100","Le Chatelet-en-Brie",139371.77052844
"77101","Chatenay-sur-Seine",26113.92198056
"77102","Chatenoy",33202.65152866
"77103","Chatillon-la-Borde",125091.95658663
"77104","Chatres",252916.987748
"77106","Chauffry",30129.16086243
"77107","Chaumes-en-Brie",150275.45314404
"77108","Chelles",1510554.48781835
"77109","Chenoise",26102.16965645
"77110","Chenou",17287.72421837
"77111","Chessy",620167.57438061
"77112","Chevrainvilliers",33757.46550373
"77113","Chevru",29267.159901
"77114","Chevry-Cossigny",585969.35232855
"77115","Chevry-en-Sereine",22674.69861221
"77116","Choisy-en-Brie",30235.82932427
"77117","Citry",20828.63320028
"77118","Claye-Souilly",954483.91598696
"77119","Clos-Fontaine",31250.84084824
"77120","Cocherel",46261.66258592
"77121","Collegien",1386738.15476173
"77122","Combs-la-Ville",620801.01679656
"77123","Compans",789964.511656
"77124","Conches-sur-Gondoire",816977.50606615
"77125","Conde-Sainte-Libiaire",296329.95390405
"77126","Congis-sur-Therouanne",62908.35879576
"77127","Coubert",439380.28812099
"77128","Couilly-Pont-aux-Dames",487288.56375182
"77129","Coulombs-en-Valois",20966.28117793
"77130","Coulommes",228213.10694836
"77131","Coulommiers",70283.22542986
"77132","Coupvray",449343.59058554
"77133","Courcelles-en-Bassee",28357.02709191
"77134","Courchamp",17680.95475525
"77135","Courpalay",59430.35975096
"77136","Courquetaine",207550.28118821
"77137","Courtacon",24095.31038497
"77138","Courtomer",55005.35764573
"77139","Courtry",1208936.01778265
"77140","Coutencon",30799.5858533
"77141","Coutevroult",375723.85586275
"77142","Crecy-la-Chapelle",253491.86831145
"77143","Cregy-les-Meaux",254014.57865408
"77144","Crevecoeur-en-Brie",155061.92386772
"77145","Crisenoy",258484.45364215
"77146","Croissy-Beaubourg",1520376.821155
"77147","La Croix-en-Brie",24750.37796205
"77148","Crouy-sur-Ourcq",22351.86479027
"77149","Cucharmoy",21617.50245515
"77150","Cuisy",155570.7338327
"77151","Dagny",36267.41243507
"77152","Dammarie-les-Lys",253710.20736621
"77153","Dammartin-en-Goele",393964.45033363
"77154","Dammartin-sur-Tigeaux",162411.01579008
"77155","Dampmart",599236.02781593
"77156","Darvault",62442.06404588
"77157","Dhuisy",43348.65112487
"77158","Diant",22390.80157303
"77159","Donnemarie-Dontilly",26523.94902475
"77161","Dormelles",40023.06346658
"77162","Doue",35880.19084416
"77163","Douy-la-Ramee",55262.94231611
"77164","Echouboulains",41913.96917804
"77165","Les Ecrennes",88942.84930414
"77166","Ecuelles",66494.25197712
"77167","Egligny",21585.30779468
"77168","Egreville",26844.1294668
"77169","Emerainville",1598090.94451232
"77170","Episy",74260.10169516
"77171","Esbly",366251.04165569
"77172","Esmans",44712.88003913
"77173","Etrepilly",86985.72000688
"77174","Everly",19126.88887804
"77175","Evry-Gregy-sur-Yerre",558040.73918434
"77176","Faremoutiers",86708.13277604
"77177","Favieres",376816.8204425
"77178","Fay-les-Nemours",34634.40700266
"77179","Fericy",87187.44913939
"77180","Ferolles-Attilly",816060.90062134
"77181","Ferrieres-en-Brie",1324338.96751564
"77182","La Ferte-Gaucher",23806.66983746
"77183","La Ferte-sous-Jouarre",78062.32342682
"77184","Flagy",35824.41720486
"77185","Fleury-en-Biere",277432.21057099
"77186","Fontainebleau",135819.01098903
"77187","Fontaine-Fourches",10458.00820659
"77188","Fontaine-le-Port",114312.40871977
"77190","Fontains",29986.47330401
"77191","Fontenailles",60911.79343835
"77192","Fontenay-Tresigny",168662.38478229
"77193","Forfry",76561.84643951
"77194","Forges",56499.60713273
"77195","Fouju",166320.34820155
"77196","Fresnes-sur-Marne",627475.26547665
"77197","Fretoy",26616.21950786
"77198","Fromont",27444.87329041
"77199","Fublaines",137385.82473794
"77200","Garentreville",21378.91657188
"77201","Gastins",34679.86121588
"77202","La Genevraye",60816.97031542
"77203","Germigny-l'Eveque",89340.18083377
"77204","Germigny-sous-Coulombs",18599.89382082
"77205","Gesvres-le-Chapitre",91903.33619234
"77206","Giremoutiers",86177.17565251
"77207","Gironville",16483.03314933
"77208","Gouaix",15929.38225589
"77209","Gouvernes",1020952.07938749
"77210","La Grande-Paroisse",47573.44052269
"77211","Grandpuits-Bailly-Carrois",48153.50911266
"77212","Gravon",23850.49308395
"77214","Gressy",775085.15928977
"77215","Gretz-Armainvilliers",569776.09575244
"77216","Grez-sur-Loing",68977.76595596
"77217","Grisy-Suisnes",498703.30175984
"77218","Grisy-sur-Seine",15987.57833624
"77219","Guerard",141203.43192458
"77220","Guercheville",31307.40766348
"77221","Guermantes",955707.51563407
"77222","Guignes",204299.34527356
"77223","Gurcy-le-Chatel",26746.48078776
"77224","Hautefeuille",73000.65623428
"77225","La Haute-Maison",118765.10750069
"77226","Hericy",102358.77920816
"77227","Herme",17857.89412484
"77228","Hondevilliers",23240.62422646
"77229","La Houssaye-en-Brie",187185.87226886
"77230","Ichy",17553.46782328
"77231","Isles-les-Meldeuses",72208.01372529
"77232","Isles-les-Villenoy",277582.69188647
"77233","Iverny",249935.37964454
"77234","Jablines",366804.3010285
"77235","Jaignes",61163.21747573
"77236","Jaulnes",19490.5981243
"77237","Jossigny",894106.44335122
"77238","Jouarre",64007.11103002
"77239","Jouy-le-Chatel",43688.63814764
"77240","Jouy-sur-Morin",24215.61981154
"77241","Juilly",317049.85921464
"77242","Jutigny",22332.08000259
"77243","Lagny-sur-Marne",954490.92891833
"77244","Larchant",51064.3173901
"77245","Laval-en-Brie",44838.88205541
"77246","Lechelle",13758.39048332
"77247","Lescherolles",15923.07865431
"77248","Lesches",378040.05027658
"77249","Lesigny",1053166.6387093
"77250","Leudon-en-Brie",20196.35308917
"77251","Lieusaint",642509.78736483
"77252","Limoges-Fourches",456550.94781929
"77253","Lissy",357949.46197057
"77254","Liverdy-en-Brie",223825.65132525
"77255","Livry-sur-Seine",204586.97713304
"77256","Lizines",22104.00464861
"77257","Lizy-sur-Ourcq",60454.68019631
"77258","Lognes",1654188.49442052
"77259","Longperrier",378831.88321027
"77260","Longueville",21916.08946465
"77261","Lorrez-le-Bocage-Preaux",29089.60991521
"77262","Louan-Villegruis-Fontaine",5673.21443641
"77263","Luisetaines",20903.82727742
"77264","Lumigny-Nesles-Ormeaux",116946.04301311
"77265","Luzancy",40833.06269038
"77266","Machault",82751.31284461
"77267","La Madeleine-sur-Loing",29619.10690491
"77268","Magny-le-Hongre",485421.01546593
"77269","Maincy",268565.44399416
"77270","Maisoncelles-en-Brie",118113.8050184
"77271","Maisoncelles-en-Gatinais",19443.40708119
"77272","Maison-Rouge",26917.7464355
"77273","Marchemoret",208419.81806819
"77274","Marcilly",109492.67689549
"77275","Les Marets",15147.20165162
"77276","Mareuil-les-Meaux",261748.95588637
"77277","Marles-en-Brie",155687.18987503
"77278","Marolles-en-Brie",35598.42977053
"77279","Marolles-sur-Seine",40373.59583452
"77280","Mary-sur-Marne",58556.14399554
"77281","Mauperthuis",59703.02971082
"77282","Mauregard",690432.58180442
"77283","May-en-Multien",46049.08648838
"77284","Meaux",283101.16484001
"77285","Le Mee-sur-Seine",308747.96224844
"77286","Meigneux",22605.38245138
"77287","Meilleray",7762.82442853
"77288","Melun",332802.93994777
"77289","Melz-sur-Seine",13678.6483773
"77290","Mery-sur-Marne",34836.78156127
"77291","Le Mesnil-Amelot",809697.86648484
"77292","Messy",701472.37517269
"77293","Misy-sur-Yonne",28179.15616614
"77294","Mitry-Mory",1075140.42684943
"77295","Moisenay",194647.37727702
"77296","Moissy-Cramayel",537587.44613465
"77297","Mondreville",12252.89441576
"77298","Mons-en-Montois",20807.03617163
"77299","Montarlot",59847.98343546
"77300","Montceaux-les-Meaux",197247.41145165
"77301","Montceaux-les-Provins",11215.68362483
"77302","Montcourt-Fromonville",60874.56641868
"77303","Montdauphin",7102.66507552
"77304","Montenils",5119.00103169
"77305","Montereau-Fault-Yonne",55799.78123713
"77306","Montereau-sur-le-Jard",387399.5709284
"77307","Montevrain",714214.39278029
"77308","Montge-en-Goele",200647.59934518
"77309","Monthyon",164370.88552938
"77310","Montigny-le-Guesdier",14851.86813374
"77311","Montigny-Lencoup",37849.76409186
"77312","Montigny-sur-Loing",69044.36676021
"77313","Montmachoux",29740.35199467
"77314","Montolivet",7787.3626165
"77315","Montry",388311.87888584
"77316","Moret-sur-Loing",69681.21455359
"77317","Mormant",81644.16774087
"77318","Mortcerf",170909.42865336
"77319","Mortery",19520.47548949
"77320","Mouroux",80050.73871401
"77321","Mousseaux-les-Bray",21223.85694635
"77322","Moussy-le-Neuf",409615.47572643
"77323","Moussy-le-Vieux",293306.26440572
"77325","Mouy-sur-Seine",22231.63527001
"77326","Nandy",442821.98604762
"77327","Nangis",44918.34659363
"77328","Nanteau-sur-Essonne",26518.98507056
"77329","Nanteau-sur-Lunain",37186.33347006
"77330","Nanteuil-les-Meaux",245377.99336945
"77331","Nanteuil-sur-Marne",26061.26438726
"77332","Nantouillet",341954.06973156
"77333","Nemours",66214.9296087
"77335","Chauconin-Neufmontiers",270207.19802934
"77336","Neufmoutiers-en-Brie",255987.58973443
"77337","Noisiel",1595984.26184012
"77338","Noisy-Rudignon",44835.14419097
"77339","Noisy-sur-Ecole",75750.48536016
"77340","Nonville",49124.9495073
"77341","Noyen-sur-Seine",16730.94332474
"77342","Obsonville",20003.89205771
"77343","Ocquerre",41887.62660062
"77344","Oissery",88380.18412509
"77345","Orly-sur-Morin",22783.97138075
"77347","Les Ormes-sur-Voulzie",22186.15953419
"77348","Ormesson",43106.20786889
"77349","Othis",201536.54836146
"77350","Ozoir-la-Ferriere",777065.09365365
"77352","Ozouer-le-Voulgis",198272.26413126
"77353","Paley",30123.56065602
"77354","Pamfou",82514.34984039
"77355","Paroy",23395.43964845
"77356","Passy-sur-Seine",11999.85602073
"77357","Pecy",36966.12359915
"77358","Penchard",222313.96294092
"77359","Perthes",346064.72301051
"77360","Pezarches",90902.53112709
"77361","Pierre-Levee",159005.05865061
"77363","Le Pin",1078770.27800382
"77364","Le Plessis-aux-Bois",187687.31443483
"77365","Le Plessis-Feu-Aussoux",55162.9903225
"77366","Le Plessis-l'Eveque",225112.15540817
"77367","Le Plessis-Placy",55036.39814872
"77368","Poigny",20301.7119161
"77369","Poincy",150071.80212441
"77370","Poligny",32223.95018826
"77371","Pommeuse",92673.10758847
"77372","Pomponne",915664.06536732
"77373","Pontault-Combault",1355942.47263429
"77374","Pontcarre",1076910.42230406
"77376","Precy-sur-Marne",384475.04915207
"77377","Presles-en-Brie",354954.35052162
"77378","Pringy",296986.66127043
"77379","Provins",22137.97398664
"77380","Puisieux",63919.40193223
"77381","Quiers",40909.52035847
"77382","Quincy-Voisins",349168.51403045
"77383","Rampillon",27504.41507169
"77384","Reau",523080.40145843
"77385","Rebais",35234.02620378
"77386","Recloses",78229.95532476
"77387","Remauville",28662.35082259
"77388","Reuil-en-Brie",66377.18133922
"77389","La Rochette",220983.510825
"77390","Roissy-en-Brie",999359.51305552
"77391","Rouilly",17392.33196854
"77392","Rouvres",348541.03828193
"77393","Rozay-en-Brie",108857.94058985
"77394","Rubelles",300799.06464491
"77395","Rumont",24809.50424243
"77396","Rupereux",13300.87675683
"77397","Saacy-sur-Marne",31013.6438365
"77398","Sablonnieres",22638.21474868
"77399","Saint-Ange-le-Viel",29570.27492462
"77400","Saint-Augustin",55559.09232027
"77401","Sainte-Aulde",42896.66640356
"77402","Saint-Barthelemy",14112.48847911
"77403","Saint-Brice",18803.12498325
"77404","Sainte-Colombe",21989.98313711
"77405","Saint-Cyr-sur-Morin",35741.21541292
"77406","Saint-Denis-les-Rebais",35593.67192296
"77407","Saint-Fargeau-Ponthierry",449644.18450101
"77408","Saint-Fiacre",166154.50146534
"77409","Saint-Germain-Laval",48634.4054972
"77410","Saint-Germain-Laxis",288471.86218544
"77411","Saint-Germain-sous-Doue",33529.57933351
"77412","Saint-Germain-sur-Ecole",225668.26386454
"77413","Saint-Germain-sur-Morin",410667.76560519
"77414","Saint-Hilliers",17322.90305008
"77415","Saint-Jean-les-Deux-Jumeaux",144658.50752022
"77416","Saint-Just-en-Brie",18684.88669171
"77417","Saint-Leger",23566.57458195
"77418","Saint-Loup-de-Naud",21690.42023127
"77419","Saint-Mammes",79905.8138321
"77420","Saint-Mard",509879.54908426
"77421","Saint-Mars-Vieux-Maisons",18096.76140577
"77423","Saint-Martin-des-Champs",17782.33617635
"77424","Saint-Martin-du-Boschet",9368.95003587
"77425","Saint-Martin-en-Biere",194541.29491966
"77426","Saint-Mery",95929.09211378
"77427","Saint-Mesmes",453895.20783241
"77428","Saint-Ouen-en-Brie",67636.18191014
"77429","Saint-Ouen-sur-Morin",33979.08977616
"77430","Saint-Pathus",116173.56725237
"77431","Saint-Pierre-les-Nemours",59125.66392509
"77432","Saint-Remy-la-Vanne",31707.73574264
"77433","Saints",51053.63155531
"77434","Saint-Sauveur-les-Bray",18879.32761485
"77435","Saint-Sauveur-sur-Ecole",229651.57820712
"77436","Saint-Simeon",35107.76970929
"77437","Saint-Soupplets",162057.79422118
"77438","Saint-Thibault-des-Vignes",1108543.95760816
"77439","Salins",41781.13108154
"77440","Sammeron",142547.30940896
"77441","Samois-sur-Seine",98028.52490226
"77442","Samoreau",116351.17245402
"77443","Sancy",157745.92113963
"77444","Sancy-les-Provins",12812.41682876
"77445","Savigny-le-Temple",464497.41675657
"77446","Savins",22255.45398723
"77447","Seine-Port",335850.15400146
"77448","Sept-Sorts",95609.40845209
"77449","Serris",651413.24842606
"77450","Servon",1034234.55332152
"77451","Signy-Signets",86965.67852363
"77452","Sigy",23352.88218816
"77453","Sivry-Courtry",180508.02098105
"77454","Sognolles-en-Montois",20991.49672441
"77455","Soignolles-en-Brie",357082.30848361
"77456","Soisy-Bouy",16921.16199267
"77457","Solers",321518.47267659
"77458","Souppes-sur-Loing",32850.33494876
"77459","Sourdun",19971.90320982
"77460","Tancrou",54582.81839299
"77461","Thenisy",23052.21217505
"77462","Thieux",553301.71589312
"77463","Thomery",82517.75547378
"77464","Thorigny-sur-Marne",721589.6933298
"77465","Thoury-Ferottes",31950.73316231
"77466","Tigeaux",224832.95085241
"77467","La Tombe",34527.42398936
"77468","Torcy",1384623.63704139
"77469","Touquin",78121.91024723
"77470","Tournan-en-Brie",436368.35197962
"77471","Tousson",56387.44794261
"77472","La Tretoire",25686.0264123
"77473","Treuzy-Levelay",41912.37587592
"77474","Trilbardou",394812.62831003
"77475","Trilport",160514.81276843
"77476","Trocy-en-Multien",68454.36856023
"77477","Ury",123261.82925939
"77478","Ussy-sur-Marne",130926.81869486
"77479","Vaires-sur-Marne",1092089.15443661
"77480","Valence-en-Brie",72743.05093407
"77481","Vanville",27543.29480282
"77482","Varennes-sur-Seine",57602.7488869
"77483","Varreddes",135753.33928465
"77484","Vaucourtois",169488.61263518
"77485","Le Vaudoue",63930.8525408
"77486","Vaudoy-en-Brie",59652.86581838
"77487","Vaux-le-Penil",222167.34136431
"77489","Vaux-sur-Lunain",19683.54663545
"77490","Vendrest",27723.1500226
"77491","Veneux-les-Sablons",74578.41847456
"77492","Verdelot",14157.21437982
"77493","Verneuil-l'Etang",126764.47616267
"77494","Vernou-la-Celle-sur-Seine",61591.72963731
"77495","Vert-Saint-Denis",436382.28860622
"77496","Vieux-Champagne",20666.68008412
"77498","Vignely",343377.55498901
"77500","Villebeon",19479.82004371
"77501","Villecerf",59350.87085848
"77504","Villemarechal",34870.86920974
"77505","Villemareuil",172841.71764987
"77506","Villemer",55429.83580663
"77507","Villenauxe-la-Petite",15926.28763889
"77508","Villeneuve-le-Comte",603499.59313046
"77509","Villeneuve-les-Bordes",32282.56964216
"77510","Villeneuve-Saint-Denis",634386.89588659
"77511","Villeneuve-sous-Dammartin",433654.17080808
"77512","Villeneuve-sur-Bellot",13538.70864383
"77513","Villenoy",338592.27481707
"77514","Villeparisis",1328768.7802961
"77515","Villeroy",287615.08608964
"77516","Ville-Saint-Jacques",54366.37968935
"77517","Villevaude",982781.18225094
"77518","Villiers-en-Biere",235916.65080803
"77519","Villiers-Saint-Georges",11963.53114572
"77520","Villiers-sous-Grez",67073.98277629
"77521","Villiers-sur-Morin",422349.47330554
"77522","Villiers-sur-Seine",14996.22712635
"77523","Villuis",12831.51315406
"77524","Vimpelles",20588.63002223
"77525","Vinantes",171367.61558189
"77526","Vincy-Manoeuvre",34786.75112852
"77527","Voinsles",60556.58344478
"77528","Voisenon",364735.36910698
"77529","Voulangis",282152.94732989
"77530","Voulton",13759.41920071
"77531","Voulx",27549.82455748
"77532","Vulaines-les-Provins",23973.67710666
"77533","Vulaines-sur-Seine",109689.03223272
"77534","Yebles",203950.09853093
"78003","Ablis",81271.94967308
"78005","Acheres",864276.9908849
"78006","Adainville",30419.08767116
"78007","Aigremont",1255928.53178681
"78009","Allainville",65397.10678289
"78010","Les Alluets-le-Roi",496703.44230564
"78013","Andelu",165735.90915104
"78015","Andresy",777011.9313414
"78020","Arnouville-les-Mantes",111396.12604424
"78029","Aubergenville",541622.73894489
"78030","Auffargis",256331.5751401
"78031","Auffreville-Brasseuil",195617.93415574
"78033","Aulnay-sur-Mauldre",286512.17731596
"78034","Auteuil",220095.35168387
"78036","Autouillet",155885.13287587
"78043","Bailly",1551690.22254835
"78048","Bazainville",142763.15702196
"78049","Bazemont",232038.34676443
"78050","Bazoches-sur-Guyonne",415443.04969784
"78053","Behoust",116328.70951802
"78057","Bennecourt",88357.73216219
"78062","Beynes",312050.30610614
"78068","Blaru",51600.77858427
"78070","Boinville-en-Mantois",138319.59714828
"78071","Boinville-le-Gaillard",55030.65839888
"78072","Boinvilliers",100735.99117639
"78073","Bois-d'Arcy",1406389.8196835
"78076","Boissets",35079.63475895
"78077","La Boissiere-Ecole",20634.52868503
"78082","Boissy-Mauvoisin",76983.05206547
"78084","Boissy-sans-Avoir",242582.56148851
"78087","Bonnelles",250752.86628871
"78089","Bonnieres-sur-Seine",82145.34012348
"78090","Bouafle",651663.84620098
"78092","Bougival",1915809.87164334
"78096","Bourdonne",69207.07237838
"78104","Breuil-Bois-Robert",166144.56016586
"78107","Breval",54031.65604556
"78108","Les Breviaires",130077.05076351
"78113","Brueil-en-Vexin",214910.81740802
"78117","Buc",1249298.84099441
"78118","Buchelay",209403.18083675
"78120","Bullion",190043.98067109
"78123","Carrieres-sous-Poissy",1046770.86001551
"78124","Carrieres-sur-Seine",2029611.09922054
"78125","La Celle-les-Bordes",136707.63273561
"78126","La Celle-Saint-Cloud",2046294.50216886
"78128","Cernay-la-Ville",222298.65985586
"78133","Chambourcy",1266291.42218791
"78138","Chanteloup-les-Vignes",740540.81218261
"78140","Chapet",670521.60342513
"78143","Chateaufort",958491.69377608
"78146","Chatou",2057690.32714483
"78147","Chaufour-les-Bonnieres",83501.73882034
"78152","Chavenay",777731.54128252
"78158","Le Chesnay",1913904.25631208
"78160","Chevreuse",389100.15555201
"78162","Choisel",291081.64407154
"78163","Civry-la-Foret",54758.594558
"78164","Clairefontaine-en-Yvelines",169946.10130946
"78165","Les Clayes-sous-Bois",836375.53410021
"78168","Coignieres",519557.8256382
"78171","Conde-sur-Vesgre",50845.55860623
"78172","Conflans-Sainte-Honorine",1107605.82689067
"78185","Courgent",95759.79882137
"78188","Cravent",54162.91200692
"78189","Crespieres",550765.30839699
"78190","Croissy-sur-Seine",1744204.72774907
"78192","Dammartin-en-Serve",66713.40168231
"78193","Dampierre-en-Yvelines",321597.18926538
"78194","Dannemarie",54383.82256697
"78196","Davron",616831.04673625
"78202","Drocourt",138143.00844448
"78206","Ecquevilly",675112.58002444
"78208","Elancourt",676881.18178708
"78209","Emance",29857.6656543
"78217","Epone",432948.45651838
"78220","Les Essarts-le-Roi",370616.97005245
"78224","L'Etang-la-Ville",1261773.38135362
"78227","Evecquemont",452464.23586105
"78230","La Falaise",359888.65462227
"78231","Favrieux",141859.67371703
"78233","Feucherolles",850716.59137919
"78234","Flacourt",92078.88049911
"78236","Flexanville",85466.6721015
"78237","Flins-Neuve-Eglise",52997.37440019
"78238","Flins-sur-Seine",633209.74669533
"78239","Follainville-Dennemont",114170.62404127
"78242","Fontenay-le-Fleury",1188352.33231794
"78245","Fontenay-Mauvoisin",141175.92477107
"78246","Fontenay-Saint-Pere",133764.8475173
"78251","Fourqueux",1169804.82040302
"78255","Freneuse",78157.46193261
"78261","Gaillon-sur-Montcient",406770.56004423
"78262","Galluis",355990.0780419
"78263","Gambais",104667.83770218
"78264","Gambaiseuil",82016.8898259
"78265","Garancieres",171018.02627276
"78267","Gargenville",365517.26944265
"78269","Gazeran",73538.82028114
"78276","Gommecourt",42631.28493932
"78278","Goupillieres",105117.88979545
"78281","Goussonville",140705.69281606
"78283","Grandchamp",17554.9452398
"78285","Gressey",44924.50783987
"78289","Grosrouvre",131865.16410039
"78290","Guernes",69589.93880196
"78291","Guerville",132610.89651228
"78296","Guitrancourt",182427.2227364
"78297","Guyancourt",1086134.36903907
"78299","Hardricourt",504603.43795758
"78300","Hargeville",104195.3451764
"78302","La Hauteville",16527.54076204
"78305","Herbeville",294205.79569771
"78307","Hermeray",25998.84228715
"78310","Houdan",92101.01797631
"78311","Houilles",2099238.66888152
"78314","Issou",337434.71697237
"78317","Jambville",188043.33807744
"78320","Jeufosse",103547.19505454
"78321","Jouars-Pontchartrain",671978.99580513
"78322","Jouy-en-Josas",1688281.56912564
"78324","Jouy-Mauvoisin",168652.97188614
"78325","Jumeauville",135831.53651131
"78327","Juziers",303401.8203738
"78329","Lainville-en-Vexin",164035.54507389
"78334","Levis-Saint-Nom",278588.06783614
"78335","Limay",202995.62944983
"78337","Limetz-Villez",55151.53621316
"78343","Les Loges-en-Josas",1332985.88648846
"78344","Lommoye",43079.18692402
"78346","Longnes",85643.64524296
"78349","Longvilliers",303067.88689954
"78350","Louveciennes",1907202.91279256
"78354","Magnanville",232844.79121759
"78356","Magny-les-Hameaux",568923.85866783
"78358","Maisons-Laffitte",1475200.87531621
"78361","Mantes-la-Jolie",257172.23732855
"78362","Mantes-la-Ville",259832.78808307
"78364","Marcq",185707.84498556
"78366","Mareil-le-Guyon",367912.22693587
"78367","Mareil-Marly",1241286.53675964
"78368","Mareil-sur-Mauldre",381798.9762498
"78372","Marly-le-Roi",1683634.81432848
"78380","Maule",308122.28214711
"78381","Maulette",117718.25805507
"78382","Maurecourt",804977.41740566
"78383","Maurepas",728114.0461653
"78384","Medan",848056.39278901
"78385","Menerville",100205.32342454
"78389","Mere",306977.71850009
"78391","Mericourt",75744.0317989
"78396","Le Mesnil-le-Roi",1363046.77725408
"78397","Le Mesnil-Saint-Denis",502568.59081954
"78398","Les Mesnuls",266138.77911088
"78401","Meulan-en-Yvelines",558316.05739101
"78402","Mezieres-sur-Seine",406522.33550001
"78403","Mezy-sur-Seine",388150.39500475
"78404","Millemont",194069.28286216
"78406","Milon-la-Chapelle",458463.49717846
"78407","Mittainville",21431.70984565
"78410","Moisson",39448.42187986
"78413","Mondreville",62337.51724854
"78415","Montainville",226849.01637878
"78416","Montalet-le-Bois",189507.91595306
"78417","Montchauvet",70821.6481288
"78418","Montesson",1901021.44871066
"78420","Montfort-l'Amaury",303490.77443343
"78423","Montigny-le-Bretonneux",1119980.61342873
"78431","Morainvilliers",742873.6401032
"78437","Mousseaux-sur-Seine",53766.73061101
"78439","Mulcent",81141.79596664
"78440","Les Mureaux",630006.95711026
"78442","Neauphle-le-Chateau",574893.00187898
"78443","Neauphle-le-Vieux",404058.17362782
"78444","Neauphlette",40302.74985234
"78451","Nezel",394177.54820531
"78455","Noisy-le-Roi",1359774.47824054
"78460","Oinville-sur-Montcient",275884.66700617
"78464","Orcemont",65178.8775169
"78465","Orgerus",74585.49691895
"78466","Orgeval",915019.67181306
"78470","Orphin",59590.9884693
"78472","Orsonville",54445.22662568
"78474","Orvilliers",80095.80810546
"78475","Osmoy",74649.07230058
"78478","Paray-Douaville",62773.76979185
"78481","Le Pecq",1578322.04061736
"78484","Perdreauville",132306.30216481
"78486","Le Perray-en-Yvelines",298090.93783193
"78490","Plaisir",736861.08188091
"78497","Poigny-la-Foret",70134.19904517
"78498","Poissy",1220401.5085508
"78499","Ponthevrard",93014.65979204
"78501","Porcheville",311231.45045972
"78502","Le Port-Marly",1750248.72628484
"78503","Port-Villez",67089.89324996
"78505","Prunay-le-Temple",65372.19197692
"78506","Prunay-en-Yvelines",51123.80995705
"78513","La Queue-les-Yvelines",251143.09987541
"78516","Raizeux",23255.24877289
"78517","Rambouillet",164099.8699463
"78518","Rennemoulin",1134850.91285951
"78520","Richebourg",88234.11348205
"78522","Rochefort-en-Yvelines",239163.57501753
"78524","Rocquencourt",1465748.08022431
"78528","Rolleboise",106067.45513878
"78530","Rosay",125658.31839173
"78531","Rosny-sur-Seine",141050.4103959
"78536","Sailly",185617.96831866
"78537","Saint-Arnoult-en-Yvelines",165631.73267699
"78545","Saint-Cyr-l'Ecole",1457388.27670253
"78548","Saint-Forget",328850.51890907
"78550","Saint-Germain-de-la-Grange",448834.38874041
"78551","Saint-Germain-en-Laye",1568533.07037322
"78557","Saint-Hilarion",47448.04612326
"78558","Saint-Illiers-la-Ville",44369.15470991
"78559","Saint-Illiers-le-Bois",32404.30286703
"78561","Saint-Lambert",573903.90550859
"78562","Saint-Leger-en-Yvelines",98458.37764283
"78564","Saint-Martin-de-Brethencourt",60472.10763754
"78565","Saint-Martin-des-Champs",83113.14501404
"78567","Saint-Martin-la-Garenne",106643.33988305
"78569","Sainte-Mesme",99044.21476292
"78571","Saint-Nom-la-Breteche",905413.44854765
"78575","Saint-Remy-les-Chevreuse",583001.73477536
"78576","Saint-Remy-l'Honore",300439.64012914
"78586","Sartrouville",1903607.09429521
"78588","Saulx-Marchais",196222.46680811
"78590","Senlisse",248900.0163097
"78591","Septeuil",102932.83453607
"78597","Soindres",172585.72107516
"78601","Sonchamp",111704.22584169
"78605","Tacoignieres",65537.90158942
"78606","Le Tartre-Gaudran",16609.28885472
"78608","Le Tertre-Saint-Denis",84993.1297506
"78609","Tessancourt-sur-Aubette",414762.37883605
"78615","Thiverval-Grignon",391832.53947524
"78616","Thoiry",169830.24011129
"78618","Tilly",45925.76111251
"78620","Toussus-le-Noble",1070889.86427367
"78621","Trappes",1169847.88492176
"78623","Le Tremblay-sur-Mauldre",452067.77369827
"78624","Triel-sur-Seine",722064.97601567
"78638","Vaux-sur-Seine",511487.69243426
"78640","Velizy-Villacoublay",1975503.95431062
"78642","Verneuil-sur-Seine",492705.35855301
"78643","Vernouillet",608955.94339774
"78644","La Verriere",651512.06757984
"78646","Versailles",1884459.46593117
"78647","Vert",171595.41746446
"78650","Le Vesinet",1929550.77889233
"78653","Vicq",276913.91977664
"78655","Vieille-Eglise-en-Yvelines",141302.45065132
"78668","La Villeneuve-en-Chevrie",75400.13326212
"78672","Villennes-sur-Seine",1118038.71477505
"78674","Villepreux",881650.03258644
"78677","Villette",138441.63071357
"78681","Villiers-le-Mahieu",113359.93565953
"78683","Villiers-Saint-Frederic",554074.58813034
"78686","Viroflay",1952118.60245681
"78688","Voisins-le-Bretonneux",1008120.62064806
"91001","Abbeville-la-Riviere",42282.65719116
"91016","Angerville",29947.65238931
"91017","Angervilliers",227961.71557899
"91021","Arpajon",676279.37228247
"91022","Arrancourt",38879.68092872
"91027","Athis-Mons",1931912.42151912
"91035","Authon-la-Plaine",62937.00931356
"91037","Auvernaux",516851.07188262
"91038","Auvers-Saint-Georges",155208.88243364
"91041","Avrainville",464645.21182636
"91044","Ballainvilliers",1353827.07056848
"91045","Ballancourt-sur-Essonne",288312.25688928
"91047","Baulne",196240.6318982
"91064","Bievres",1952416.55900903
"91067","Blandy",16265.25509572
"91069","Boigneville",28832.71493746
"91075","Bois-Herpin",43882.91994394
"91079","Boissy-la-Riviere",56688.74279733
"91080","Boissy-le-Cutte",135921.82120782
"91081","Boissy-le-Sec",89532.33627621
"91085","Boissy-sous-Saint-Yon",442580.55620626
"91086","Bondoufle",820853.3819765
"91093","Boullay-les-Troux",368280.89963202
"91095","Bouray-sur-Juine",226462.46377734
"91097","Boussy-Saint-Antoine",773516.60273908
"91098","Boutervilliers",70617.9889407
"91099","Boutigny-sur-Essonne",118569.44207641
"91100","Bouville",85835.29376832
"91103","Bretigny-sur-Orge",737178.14995276
"91105","Breuillet",357749.35502699
"91106","Breux-Jouy",278936.4793589
"91109","Brieres-les-Scelles",111507.32433471
"91111","Briis-sous-Forges",545862.37635967
"91112","Brouy",18813.30545549
"91114","Brunoy",941671.44258131
"91115","Bruyeres-le-Chatel",429821.53022188
"91121","Buno-Bonnevaux",44325.95446152
"91122","Bures-sur-Yvette",1009035.99345315
"91129","Cerny",126876.67702571
"91130","Chalo-Saint-Mars",42203.77992852
"91131","Chalou-Moulineux",33021.83360373
"91132","Chamarande",247662.06605224
"91135","Champcueil",191942.99725729
"91136","Champlan",1690502.55286861
"91137","Champmotteux",31549.69173374
"91145","Chatignonville",59703.47425692
"91148","Chauffour-les-Etrechy",190382.68587867
"91156","Cheptainville",367979.97429795
"91159","Chevannes",301167.08711292
"91161","Chilly-Mazarin",1914967.25503666
"91174","Corbeil-Essonnes",809154.09559169
"91175","Corbreuse",84021.97273582
"91179","Le Coudray-Montceaux",697987.9889666
"91180","Courances",279174.18703045
"91182","Courcouronnes",1144474.92859748
"91184","Courdimanche-sur-Essonne",87046.29665767
"91186","Courson-Monteloup",330576.50357753
"91191","Crosne",1424618.05532102
"91195","Dannemois",240503.32098183
"91198","D'Huison-Longueville",115360.36084985
"91200","Dourdan",166736.12111963
"91201","Draveil",1163973.63551133
"91204","Echarcon",572475.08543505
"91207","Egly",489969.09247452
"91215","Epinay-sous-Senart",843475.92729009
"91216","Epinay-sur-Orge",1497418.45985834
"91222","Estouches",18837.16483621
"91223","Etampes",115363.94328205
"91225","Etiolles",694205.03949625
"91226","Etrechy",242306.84442567
"91228","Evry",1014610.90729123
"91232","La Ferte-Alais",169636.29599538
"91235","Fleury-Merogis",1052934.11583931
"91240","Fontaine-la-Riviere",51015.98653754
"91243","Fontenay-les-Briis",538732.35890129
"91244","Fontenay-le-Vicomte",372381.81416137
"91247","La Foret-le-Roi",83232.13854396
"91248","La Foret-Sainte-Croix",56985.28717287
"91249","Forges-les-Bains",320518.51127517
"91272","Gif-sur-Yvette",826525.06235664
"91273","Gironville-sur-Essonne",56005.36666612
"91274","Gometz-la-Ville",763220.30800582
"91275","Gometz-le-Chatel",770036.93046859
"91284","Les Granges-le-Roi",108808.57194299
"91286","Grigny",1203035.66283267
"91292","Guibeville",450249.11218003
"91293","Guigneville-sur-Essonne",144531.6616122
"91294","Guillerval",38138.60329753
"91312","Igny",1835165.84784734
"91315","Itteville",203960.32368937
"91318","Janville-sur-Juine",171837.06176571
"91319","Janvry",536612.84655947
"91326","Juvisy-sur-Orge",1639055.54993883
"91330","Lardy",232945.59882465
"91332","Leudeville",378237.90269839
"91333","Leuville-sur-Orge",874389.21593784
"91338","Limours",368338.67495475
"91339","Linas",727781.38244808
"91340","Lisses",803941.02194059
"91345","Longjumeau",1701626.25999225
"91347","Longpont-sur-Orge",1055200.71398748
"91359","Maisse",82204.18284719
"91363","Marcoussis",932631.95246647
"91374","Marolles-en-Beauce",47895.80292663
"91376","Marolles-en-Hurepoix",418291.14399783
"91377","Massy",2053479.8369984
"91378","Mauchamps",312177.09157405
"91386","Mennecy",498902.09038191
"91390","Mereville",24287.38186009
"91393","Merobert",38974.39659083
"91399","Mespuits",38527.85528154
"91405","Milly-la-Foret",163312.17267437
"91408","Moigny-sur-Ecole",146491.89257219
"91411","Les Molieres",449877.94517391
"91412","Mondeville",151250.23315905
"91414","Monnerville",39713.69698163
"91421","Montgeron",1333180.45351165
"91425","Montlhery",1218802.84569002
"91432","Morangis",1694026.7936647
"91433","Morigny-Champigny",130683.34923559
"91434","Morsang-sur-Orge",1558233.59956572
"91435","Morsang-sur-Seine",373290.55601976
"91441","Nainville-les-Roches",333473.62929022
"91457","La Norville",575771.49916585
"91458","Nozay",1038498.75427683
"91461","Ollainville",533901.74570409
"91463","Oncy-sur-Ecole",109184.94418137
"91468","Ormoy",545249.05217036
"91469","Ormoy-la-Riviere",68473.22844224
"91471","Orsay",1295879.07458562
"91473","Orveau",90161.08353144
"91477","Palaiseau",1440533.52718112
"91479","Paray-Vieille-Poste",2008184.70281168
"91482","Pecqueuse",342757.51094544
"91494","Le Plessis-Pate",725439.6546845
"91495","Plessis-Saint-Benoist",52914.97774232
"91507","Prunay-sur-Essonne",42635.30304191
"91508","Puiselet-le-Marais",55534.26411826
"91511","Pussay",34075.05716244
"91514","Quincy-sous-Senart",728062.61453618
"91519","Richarville",53326.61529819
"91521","Ris-Orangis",1089504.26415153
"91525","Roinville",126189.91578643
"91526","Roinvilliers",34358.66398965
"91533","Saclas",40268.13919431
"91534","Saclay",1545673.65661328
"91538","Saint-Aubin",1184903.50755157
"91540","Saint-Cheron",212355.4049117
"91544","Saint-Cyr-la-Riviere",46324.18410537
"91546","Saint-Cyr-sous-Dourdan",216569.00226147
"91547","Saint-Escobille",51260.24017387
"91549","Sainte-Genevieve-des-Bois",1253951.47079275
"91552","Saint-Germain-les-Arpajon",555152.85334899
"91553","Saint-Germain-les-Corbeil",827932.37519943
"91556","Saint-Hilaire",57525.14639886
"91560","Saint-Jean-de-Beauregard",853844.9088547
"91568","Saint-Maurice-Montcouronne",265712.2669782
"91570","Saint-Michel-sur-Orge",941354.24790852
"91573","Saint-Pierre-du-Perray",663606.31457257
"91577","Saintry-sur-Seine",549782.16532151
"91578","Saint-Sulpice-de-Favieres",243374.59942678
"91579","Saint-Vrain",294618.81289217
"91581","Saint-Yon",394505.37530428
"91587","Saulx-les-Chartreux",1579962.82213057
"91589","Savigny-sur-Orge",1741569.12140949
"91593","Sermaise",104915.18997586
"91599","Soisy-sur-Ecole",260460.26989846
"91600","Soisy-sur-Seine",844508.33240403
"91602","Souzy-la-Briche",208204.99888912
"91613","Congerville-Thionville",31036.40687353
"91617","Tigery",821925.5491138
"91619","Torfou",264925.5620295
"91629","Valpuiseaux",55022.38386967
"91630","Le Val-Saint-Germain",189059.35588038
"91631","Varennes-Jarcy",639444.69024047
"91634","Vaugrigneuse",360483.11756211
"91635","Vauhallan",1654946.1982412
"91639","Vayres-sur-Essonne",97314.30681268
"91645","Verrieres-le-Buisson",1970331.82897077
"91648","Vert-le-Grand",487987.21336314
"91649","Vert-le-Petit",352545.44408026
"91654","Videlles",189018.34693609
"91657","Vigneux-sur-Seine",1427973.61099439
"91659","Villabe",686019.48569583
"91661","Villebon-sur-Yvette",1197750.32413979
"91662","Villeconin",174415.03370759
"91665","La Ville-du-Bois",1449102.37661689
"91666","Villejust",1213320.33793031
"91667","Villemoisson-sur-Orge",1504346.19749784
"91671","Villeneuve-sur-Auvers",137668.17937058
"91679","Villiers-le-Bacle",1193489.43576477
"91685","Villiers-sur-Orge",1203975.93529381
"91687","Viry-Chatillon",1240568.95317745
"91689","Wissous",1912242.01872741
"91691","Yerres",1201653.58949912
"91692","Les Ulis",1020938.91409007
"92002","Antony",2088596.58107259
"92004","Asnieres-sur-Seine",3071265.81501836
"92007","Bagneux",2764101.74788672
"92009","Bois-Colombes",2609380.91556808
"92012","Boulogne-Billancourt",3033899.22388999
"92014","Bourg-la-Reine",2592904.14893906
"92019","Chatenay-Malabry",2282907.03240147
"92020","Chatillon",2824138.97916636
"92022","Chaville",2240703.65462911
"92023","Clamart",2611094.27749306
"92024","Clichy",3179275.0342045
"92025","Colombes",2712000.7690496
"92026","Courbevoie",2989310.57661998
"92032","Fontenay-aux-Roses",2617933.63200796
"92033","Garches",2142638.95382595
"92035","La Garenne-Colombes",2788770.81842376
"92036","Gennevilliers",2983676.10924625
"92040","Issy-les-Moulineaux",2985506.8795945
"92044","Levallois-Perret",3095101.3144719
"92046","Malakoff",3067336.96493204
"92047","Marnes-la-Coquette",2214156.13611839
"92048","Meudon",2624999.25100687
"92049","Montrouge",3128295.90272245
"92050","Nanterre",2542953.88435961
"92051","Neuilly-sur-Seine",3073607.48682439
"92060","Le Plessis-Robinson",2381653.86503857
"92062","Puteaux",2809550.76645245
"92063","Rueil-Malmaison",2207334.22854872
"92064","Saint-Cloud",2555804.17584498
"92071","Sceaux",2314502.83991981
"92072","Sevres",2677308.90883233
"92073","Suresnes",2797703.62479319
"92075","Vanves",3085307.12748213
"92076","Vaucresson",2191838.326052
"92077","Ville-d'Avray",2129943.56429207
"92078","Villeneuve-la-Garenne",3026430.48100208
"93001","Aubervilliers",3170653.12788166
"93005","Aulnay-sous-Bois",2276604.27612552
"93006","Bagnolet",3151024.91945895
"93007","Le Blanc-Mesnil",2531171.63249613
"93008","Bobigny",2991743.34135944
"93010","Bondy",2796804.57591958
"93013","Le Bourget",2855750.33988483
"93014","Clichy-sous-Bois",1961418.15152878
"93015","Coubron",1530826.09502564
"93027","La Courneuve",3052638.03779649
"93029","Drancy",2794227.06307667
"93030","Dugny",2524082.94167781
"93031","Epinay-sur-Seine",2673428.06075319
"93032","Gagny",2148604.24954367
"93033","Gournay-sur-Marne",1788644.4071925
"93039","L'Ile-Saint-Denis",3035962.21856384
"93045","Les Lilas",3220152.62603353
"93046","Livry-Gargan",2282740.24780999
"93047","Montfermeil",1806746.08730843
"93048","Montreuil",2998141.18988161
"93049","Neuilly-Plaisance",2453350.44158973
"93050","Neuilly-sur-Marne",2158337.28583612
"93051","Noisy-le-Grand",2176244.13219243
"93053","Noisy-le-Sec",2876368.99139674
"93055","Pantin",3277078.43071061
"93057","Les Pavillons-sous-Bois",2618745.47681337
"93059","Pierrefitte-sur-Seine",2466190.3070784
"93061","Le Pre-Saint-Gervais",3229249.56134982
"93062","Le Raincy",2454285.25904612
"93063","Romainville",3050200.58629278
"93064","Rosny-sous-Bois",2871505.14753392
"93066","Saint-Denis",2995334.50323511
"93070","Saint-Ouen",3244836.39139887
"93071","Sevran",1902746.86363729
"93072","Stains",2659152.55284505
"93073","Tremblay-en-France",1387953.25074182
"93074","Vaujours",1797929.14076318
"93077","Villemomble",2681243.82712965
"93078","Villepinte",1625183.88551022
"93079","Villetaneuse",2465000.81960915
"94001","Ablon-sur-Seine",1798214.69444585
"94002","Alfortville",2632186.63979411
"94003","Arcueil",2988180.50691203
"94004","Boissy-Saint-Leger",1800283.49745879
"94011","Bonneuil-sur-Marne",2101580.65946309
"94015","Bry-sur-Marne",2350948.64633092
"94016","Cachan",2891782.47838073
"94017","Champigny-sur-Marne",2437953.52608439
"94018","Charenton-le-Pont",3037416.25845311
"94019","Chennevieres-sur-Marne",1791057.47351951
"94021","Chevilly-Larue",2637150.10051338
"94022","Choisy-le-Roi",2521446.97521996
"94028","Creteil",2648539.6084601
"94033","Fontenay-sous-Bois",2768734.13394315
"94034","Fresnes",2513684.79442255
"94037","Gentilly",3209065.31893795
"94038","L'Hay-les-Roses",2593892.17671405
"94041","Ivry-sur-Seine",3070983.13505798
"94042","Joinville-le-Pont",2889794.89600426
"94043","Le Kremlin-Bicetre",3213348.87471533
"94044","Limeil-Brevannes",1826915.4743716
"94046","Maisons-Alfort",2956888.34057174
"94047","Mandres-les-Roses",933853.12229369
"94048","Marolles-en-Brie",998958.56639969
"94052","Nogent-sur-Marne",2763434.94359895
"94053","Noiseau",1419351.61661585
"94054","Orly",2102215.83105569
"94055","Ormesson-sur-Marne",1574621.82133986
"94056","Perigny",762180.9480153
"94058","Le Perreux-sur-Marne",2596881.44261583
"94059","Le Plessis-Trevise",1623138.6604159
"94060","La Queue-en-Brie",1425836.51973235
"94065","Rungis",2406813.65367925
"94067","Saint-Mande",3297433.06907314
"94068","Saint-Maur-des-Fosses",2415246.06517052
"94069","Saint-Maurice",2469760.15192027
"94070","Santeny",793148.05384902
"94071","Sucy-en-Brie",1644959.7230647
"94073","Thiais",2579856.90008709
"94074","Valenton",1919839.90054861
"94075","Villecresnes",1241005.13824203
"94076","Villejuif",2921762.45331616
"94077","Villeneuve-le-Roi",1982595.94381496
"94078","Villeneuve-Saint-Georges",1836652.58572773
"94079","Villiers-sur-Marne",2350342.55076301
"94080","Vincennes",3075301.76162894
"94081","Vitry-sur-Seine",2741526.72665329
"95002","Ableiges",450100.72531358
"95008","Aincourt",124301.23757996
"95011","Ambleville",51239.47207403
"95012","Amenucourt",37575.26478912
"95014","Andilly",1514941.72431279
"95018","Argenteuil",2497516.78255348
"95019","Arnouville",2043585.17485461
"95023","Arronville",184953.61080623
"95024","Arthies",136024.54850729
"95026","Asnieres-sur-Oise",306042.23994606
"95028","Attainville",1131553.54193195
"95039","Auvers-sur-Oise",972404.02076455
"95040","Avernes",269252.36308584
"95042","Baillet-en-France",1024185.24175077
"95046","Banthelu",155190.43556815
"95051","Beauchamp",1519297.03587621
"95052","Beaumont-sur-Oise",442872.08452608
"95054","Le Bellay-en-Vexin",154772.59219227
"95055","Bellefontaine",385929.21169767
"95056","Belloy-en-France",724413.48688985
"95058","Bernes-sur-Oise",288802.18631116
"95059","Berville",84208.85475052
"95060","Bessancourt",1387878.63839033
"95061","Bethemont-la-Foret",876853.61117904
"95063","Bezons",2457547.42627318
"95074","Boisemont",528368.36147296
"95078","Boissy-l'Aillerie",603403.59877149
"95088","Bonneuil-en-France",2113145.57489456
"95091","Bouffemont",1014103.48029039
"95094","Bouqueval",1171989.98340697
"95101","Bray-et-Lu",36878.80642913
"95102","Breancon",234471.38483957
"95110","Brignancourt",147505.32029841
"95116","Bruyeres-sur-Oise",161153.06267897
"95119","Buhy",52743.25337494
"95120","Butry-sur-Oise",774777.44248227
"95127","Cergy",886099.90324067
"95134","Champagne-sur-Oise",411109.11771904
"95139","La Chapelle-en-Vexin",98278.78298953
"95141","Charmont",156172.53386308
"95142","Chars",125129.90821093
"95144","Chatenay-en-France",452835.968636
"95149","Chaumontel",393248.59617064
"95150","Chaussy",50554.88791698
"95151","Chauvry",1060820.38920864
"95154","Chennevieres-les-Louvres",1531267.17759959
"95157","Cherence",54099.26183397
"95166","Clery-en-Vexin",206384.61499683
"95169","Commeny",241109.24616114
"95170","Condecourt",423767.28301588
"95176","Cormeilles-en-Parisis",1763390.8644984
"95177","Cormeilles-en-Vexin",415216.11995881
"95181","Courcelles-sur-Viosne",624679.41431978
"95183","Courdimanche",592204.91351048
"95197","Deuil-la-Barre",2168829.09887961
"95199","Domont",1166896.96254562
"95203","Eaubonne",1905830.00093115
"95205","Ecouen",1494958.90305106
"95210","Enghien-les-Bains",2383104.45017569
"95211","Ennery",694844.37317818
"95212","Epiais-les-Louvres",761321.1585027
"95213","Epiais-Rhus",331913.41622946
"95214","Epinay-Champlatreux",671026.40196021
"95218","Eragny",1191953.85573019
"95219","Ermont",1938168.92798287
"95229","Ezanville",1484522.75792616
"95241","Fontenay-en-Parisis",882973.55818109
"95250","Fosses",464163.34927309
"95252","Franconville",1983151.24579175
"95253","Fremainville",237779.35560064
"95254","Fremecourt",293442.99260581
"95256","Frepillon",1342201.62892496
"95257","La Frette-sur-Seine",1618242.61683033
"95258","Frouville",179554.43483853
"95259","Gadancourt",175806.79172908
"95268","Garges-les-Gonesse",2162580.31641807
"95270","Genainville",74283.7112748
"95271","Genicourt",717875.64405097
"95277","Gonesse",1948252.84829585
"95280","Goussainville",938976.6244132
"95282","Gouzangrez",248124.23709815
"95287","Grisy-les-Platres",327488.28289143
"95288","Groslay",1944740.24131962
"95295","Guiry-en-Vexin",197752.15483538
"95298","Haravilliers",122524.96547938
"95301","Haute-Isle",67024.03100388
"95303","Le Heaulme",85116.50721168
"95304","Hedouville",172569.28633397
"95306","Herblay",1526273.85220331
"95308","Herouville",596127.06572434
"95309","Hodent",136416.3960426
"95313","L'Isle-Adam",528670.68894484
"95316","Jagny-sous-Bois",491214.22518105
"95323","Jouy-le-Moutier",675004.00335742
"95328","Labbeville",270724.03961571
"95331","Lassy",396312.7990547
"95341","Livilliers",595851.85326416
"95348","Longuesse",349790.09491534
"95351","Louvres",1019041.3967908
"95352","Luzarches",511034.93041686
"95353","Maffliers",1011901.99712125
"95355","Magny-en-Vexin",163345.71910229
"95365","Mareil-en-France",680462.98279346
"95369","Margency",1709184.69261531
"95370","Marines",211008.19803242
"95371","Marly-la-Ville",444621.02944266
"95379","Maudetour-en-Vexin",90695.11038188
"95387","Menouville",291283.24983925
"95388","Menucourt",484638.26715487
"95392","Meriel",922566.88908344
"95394","Mery-sur-Oise",1128928.25926836
"95395","Le Mesnil-Aubry",1015064.2809279
"95409","Moisselles",1293039.72263104
"95422","Montgeroult",552297.75860023
"95424","Montigny-les-Cormeilles",1946986.18964315
"95426","Montlignon",1566500.32898074
"95427","Montmagny",2249790.70092348
"95428","Montmorency",1831643.00920079
"95429","Montreuil-sur-Epte",25336.66173514
"95430","Montsoult",1053576.93674537
"95436","Mours",560327.77116796
"95438","Moussy",176609.66427192
"95445","Nerville-la-Foret",686215.77637093
"95446","Nesles-la-Vallee",407373.90903303
"95447","Neuilly-en-Vexin",119647.94222965
"95450","Neuville-sur-Oise",835230.62278521
"95452","Nointel",361026.79072544
"95456","Noisy-sur-Oise",226196.63233905
"95459","Nucourt",121746.41639898
"95462","Omerville",63726.87108175
"95476","Osny",697836.11145305
"95480","Parmain",495586.849083
"95483","Le Perchay",253265.88700837
"95487","Persan",458778.3351049
"95488","Pierrelaye",1184955.00244363
"95489","Piscop",1602100.67005879
"95491","Le Plessis-Bouchard",1804265.15847835
"95492","Le Plessis-Gassot",1098931.33739123
"95493","Le Plessis-Luzarches",344124.46095281
"95500","Pontoise",1079185.23854615
"95504","Presles",538680.61483593
"95509","Puiseux-en-France",727609.40526673
"95510","Puiseux-Pontoise",786709.13853355
"95523","La Roche-Guyon",52585.38947162
"95527","Roissy-en-France",1490365.42958148
"95529","Ronquerolles",225868.85033505
"95535","Sagy",459716.9676004
"95539","Saint-Brice-sous-Foret",1880950.98605235
"95541","Saint-Clair-sur-Epte",45456.51621197
"95543","Saint-Cyr-en-Arthies",100579.3935481
"95554","Saint-Gervais",102149.03630697
"95555","Saint-Gratien",2381447.79527836
"95563","Saint-Leu-la-Foret",1610927.57373339
"95566","Saint-Martin-du-Tertre",422612.43932044
"95572","Saint-Ouen-l'Aumone",1118537.11867004
"95574","Saint-Prix",1245145.00167471
"95580","Saint-Witz",883627.55641909
"95582","Sannois",2186309.73403704
"95584","Santeuil",198903.29124582
"95585","Sarcelles",1984586.77145433
"95592","Seraincourt",308466.8015509
"95594","Seugy",355392.35892937
"95598","Soisy-sous-Montmorency",1952908.3868841
"95604","Survilliers",698932.52621027
"95607","Taverny",1376462.82555077
"95610","Themericourt",330985.79492064
"95611","Theuville",141863.85412548
"95612","Le Thillay",1527794.82225389
"95625","Us",331114.79486115
"95627","Vallangoujard",403137.3163079
"95628","Valmondois",602691.66265164
"95633","Vaudherland",1657694.83467441
"95637","Vaureal",619656.66451034
"95641","Vemars",696619.92284699
"95651","Vetheuil",90584.02950025
"95652","Viarmes",434135.88769896
"95656","Vienne-en-Arthies",83134.54077975
"95658","Vigny",419285.53237887
"95660","Villaines-sous-Bois",943832.21166833
"95675","Villeron",634369.04688582
"95676","Villers-en-Arthies",75793.74297957
"95678","Villiers-Adam",969857.21796534
"95680","Villiers-le-Bel",1619397.76360283
"95682","Villiers-le-Sec",882274.30210532
"95690","Wy-dit-Joli-Village",164050.97534049
